date,store,brand,brand_group,name,size_label,size_value,size_unit,ean,price,unit_price,url
2026-08-19,Rossmann,Head & Shoulders,Hajápolás,Head & Shoulders Apple Fresh Korpásodás Elleni sampon - 400 ml,400 ml,400.0,ml,5410076659456,2354.0,Nincs készleten 2 354 Ft 5 885 Ft/l,https://shop.rossmann.hu/termek/head-shoulders-apple-fresh-sampon-400-ml
2026-08-19,Rossmann,Head & Shoulders,Hajápolás,Head & Shoulders Apple Fresh korpásodás elleni sampon - 800 ml,800 ml,800.0,ml,8700216306782,4010.0,Nincs készleten 4 010 Ft 5 013 Ft/l,https://shop.rossmann.hu/termek/head-shoulders-apple-fresh-korpasodas-elleni-sampon-800-ml
2026-08-19,Rossmann,Head & Shoulders,Hajápolás,Head & Shoulders Citrus Fresh 2in1 sampon - 400 ml,400 ml,400.0,ml,8006530305372,2354.0,Nincs készleten 2 354 Ft 5 885 Ft/l,https://shop.rossmann.hu/termek/head-shoulders-citrus-fresh-2az1-ben-korpasodas-elleni-sampon-es-balzsam-400-ml-korpamentes-haj
2026-08-19,Rossmann,Head & Shoulders,Hajápolás,Head & Shoulders Citrus Fresh korpásodás elleni sampon zsíros hajra - 400 ml,400 ml,400.0,ml,5011321336032,2354.0,Nincs készleten 2 354 Ft 5 885 Ft/l,https://shop.rossmann.hu/termek/head-shoulders-citrus-fresh-sampon-400-ml
2026-08-19,Rossmann,Head & Shoulders,Hajápolás,Head & Shoulders Classic Clean 2az1-ben korpásodás elleni sampon - 625 ml,625 ml,625.0,ml,8700216304948,3133.0,Nincs készleten 3 133 Ft 5 013 Ft/l,https://shop.rossmann.hu/termek/head-shoulders-classic-clean-2az1-ben-korpasodas-elleni-sampon-625-ml
2026-08-19,Rossmann,Head & Shoulders,Hajápolás,Head & Shoulders Classic Clean Normál Hajra Korpásodás Elleni sampon - 400 ml,400 ml,400.0,ml,5011321336049,2354.0,Nincs készleten 2 354 Ft 5 885 Ft/l,https://shop.rossmann.hu/termek/head-shoulders-classic-clean-sampon-normal-hajra-400-ml
2026-08-19,Rossmann,Head & Shoulders,Hajápolás,Head & Shoulders Classic Clean korpásodás elleni sampon - 800 ml,800 ml,800.0,ml,8700216156134,4010.0,Nincs készleten 4 010 Ft 5 013 Ft/l,https://shop.rossmann.hu/termek/head-shoulders-classic-clean-korpasodas-elleni-sampon-800-ml
2026-08-19,Rossmann,Head & Shoulders,Hajápolás,Head & Shoulders Menthol Fresh korpásodás elleni sampon - 800 ml,800 ml,800.0,ml,8700216156196,4010.0,Nincs készleten 4 010 Ft 5 013 Ft/l,https://shop.rossmann.hu/termek/head-shoulders-menthol-fresh-korpasodas-elleni-sampon-800-ml
2026-08-19,Rossmann,Head & Shoulders,Hajápolás,Head & Shoulders Menthol Fresh 2in1 korpásodás elleni sampon - 625 ml,625 ml,625.0,ml,8700216305372,3133.0,Nincs készleten 3 133 Ft 5 013 Ft/l,https://shop.rossmann.hu/termek/head-shoulders-menthol-fresh-2in1-korpasodas-elleni-sampon-625-ml
2026-08-19,Rossmann,Head & Shoulders,Hajápolás,Head & Shoulders Menthol Korpáspdás Elleni sampon - 400 ml,400 ml,400.0,ml,5011321336094,2354.0,Nincs készleten 2 354 Ft 5 885 Ft/l,https://shop.rossmann.hu/termek/head-shoulders-mentolos-sampon-400-ml
2026-08-19,Rossmann,Head & Shoulders,Hajápolás,Head & Shoulders Sensitive sampon - 400 ml,400 ml,400.0,ml,5011321336124,2354.0,Nincs készleten 2 354 Ft 5 885 Ft/l,https://shop.rossmann.hu/termek/head-shoulders-sampon-erzekeny-borre-400-ml
2026-08-19,Rossmann,Head & Shoulders,Hajápolás,Head & Shoulders Anti Hair Fall korpásodás elleni sampon - 400 ml,400 ml,400.0,ml,8006540833605,2354.0,Nincs készleten 2 354 Ft 5 885 Ft/l,https://shop.rossmann.hu/termek/head-shoulders-anti-hair-fall-korpasodas-elleni-sampon-400-ml
2026-08-19,Rossmann,Head & Shoulders,Hajápolás,Head & Shoulders Repair & Care For Woman hajhullás elleni sampon - 400 ml,400 ml,400.0,ml,4084500610699,2354.0,Nincs készleten 2 354 Ft 5 885 Ft/l,https://shop.rossmann.hu/termek/head-shoulders-2in1-dus-hatas-sampon-360-ml-1
2026-08-19,Rossmann,Head & Shoulders,Hajápolás,Head & Shoulders Citrus Fresh 2in1 korpa elleni sampon zsíros hajra - 625 ml,625 ml,625.0,ml,8700216158022,3133.0,Nincs készleten 3 133 Ft 5 013 Ft/l,https://shop.rossmann.hu/termek/head-shoulders-citrus-fresh-2in1-korpa-elleni-sampon-zsiros-hajra-625-ml
2026-08-19,Rossmann,Head & Shoulders,Hajápolás,Head & Shoulders Citrus Fresh korpásodás elleni sampon zsíros hajra - 800 ml,800 ml,800.0,ml,8700216156172,4010.0,Nincs készleten 4 010 Ft 5 013 Ft/l,https://shop.rossmann.hu/termek/head-shoulders-citrus-fresh-korpasodas-elleni-sampon-zsiros-hajra-800-ml
2026-08-19,Rossmann,Head & Shoulders,Hajápolás,Head & Shoulders Apple Fresh 2in1 sampon - 400 ml,400 ml,400.0,ml,8006530315449,2354.0,Nincs készleten 2 354 Ft 5 885 Ft/l,https://shop.rossmann.hu/termek/head-shoulders-apple-fresh-2-az-1-ben-korpasodas-elleni-sampon-es-balzsam-400-ml
2026-08-19,Rossmann,Head & Shoulders,Hajápolás,Head & Shoulders Citrus Fresh 2in1 sampon - 800 ml,800 ml,800.0,ml,8006530004527,4010.0,Nincs készleten 4 010 Ft 5 013 Ft/l,https://shop.rossmann.hu/termek/head-shoulders-citrus-fresh-2-az-1-ben-korpasodas-elleni-sampon-es-balzsam-800ml
2026-08-19,Rossmann,Head & Shoulders,Hajápolás,Head & Shoulders Apple Fresh korpa elleni sampon - 250 ml,250 ml,250.0,ml,8006540063248,1489.0,Nincs készleten 1 489 Ft 5 956 Ft/l,https://shop.rossmann.hu/termek/head-shoulders-apple-fresh-korpa-elleni-sampon-250-ml
2026-08-19,Rossmann,Head & Shoulders,Hajápolás,Head & Shoulders Citrus Fresh sampon zsíros hajra - 250 ml,250 ml,250.0,ml,8006540063286,1489.0,Nincs készleten 1 489 Ft 5 956 Ft/l,https://shop.rossmann.hu/termek/head-shoulders-citrus-fresh-korpasodas-elleni-sampon-zsiros-hajra-250-ml
2026-08-19,Rossmann,Head & Shoulders,Hajápolás,Head & Shoulders Clarify & Shine korpásodás elleni sampon - 800 ml,800 ml,800.0,ml,8700216658614,4010.0,Nincs készleten 4 010 Ft 5 013 Ft/l,https://shop.rossmann.hu/termek/head-shoulders-clarify-shine-korpasodas-elleni-sampon-800-ml
2026-08-19,Rossmann,Head & Shoulders,Hajápolás,Head & Shoulders Clarify & Shine korpásodás elleni sampon almaecettel - 400 ml,400 ml,400.0,ml,8700216658461,2354.0,Nincs készleten 2 354 Ft 5 885 Ft/l,https://shop.rossmann.hu/termek/head-shoulders-clarify-shine-korpasodas-elleni-sampon-400-ml
2026-08-19,Rossmann,Head & Shoulders,Hajápolás,Head & Shoulders Classic Clean 2in1 sampon - 400 ml,400 ml,400.0,ml,8700216304917,2354.0,Nincs készleten 2 354 Ft 5 885 Ft/l,https://shop.rossmann.hu/termek/head-shoulders-classic-clean-2az1-ben-korpasodas-elleni-sampon-400ml-friss-tiszta-illat
2026-08-19,Rossmann,Head & Shoulders,Hajápolás,Head & Shoulders Classic Clean 2in1 sampon - 800 ml,800 ml,800.0,ml,8006530004404,4010.0,Nincs készleten 4 010 Ft 5 013 Ft/l,https://shop.rossmann.hu/termek/head-shoulders-classic-clean-2-az-1-ben-korpasodas-elleni-sampon-es-balzsam-800ml
2026-08-19,Rossmann,Head & Shoulders,Hajápolás,Head & Shoulders Classic Clean korpa elleni sampon - 250 ml,250 ml,250.0,ml,8006540063330,1489.0,Nincs készleten 1 489 Ft 5 956 Ft/l,https://shop.rossmann.hu/termek/head-shoulders-classic-clean-korpa-elleni-sampon-250-ml
2026-08-19,Rossmann,Head & Shoulders,Hajápolás,Head & Shoulders Ultra Sport sampon - 300 ml,300 ml,300.0,ml,8006530029476,1640.0,Nincs készleten 1 640 Ft 5 467 Ft/l,https://shop.rossmann.hu/termek/head-shoulders-men-ultra-sport-fresh-korpasodas-elleni-sampon-300-ml-korpa-ellen
2026-08-19,Rossmann,Head & Shoulders,Hajápolás,Head & Shoulders Classic Clean korpásodás elleni sampon - 95 ml,95 ml,95.0,ml,8700216164238,935.0,Nincs készleten 935 Ft 9 842 Ft/l,https://shop.rossmann.hu/termek/head-shoulders-classic-clean-korpasodas-elleni-sampon-95-ml
2026-08-19,Rossmann,Head & Shoulders,Hajápolás,Head & Shoulders Men Ultra Old Spice korpásodás elleni sampon férfiaknak - 800 ml,800 ml,800.0,ml,8700216658317,4010.0,Nincs készleten 4 010 Ft 5 013 Ft/l,https://shop.rossmann.hu/termek/head-shoulders-men-ultra-old-spice-korpasodas-elleni-sampon-ferfiaknak-800-ml
2026-08-19,Rossmann,Head & Shoulders,Hajápolás,Head & Shoulders Menthol 2in1 sampon - 400 ml,400 ml,400.0,ml,8700216305419,2354.0,Nincs készleten 2 354 Ft 5 885 Ft/l,https://shop.rossmann.hu/termek/head-shoulders-menthol-fresh-2in1-korpasodas-elleni-sampon-400ml-frissito-mentolillat
2026-08-19,Rossmann,Head & Shoulders,Hajápolás,Head & Shoulders Menthol Fresh sampon - 250 ml,250 ml,250.0,ml,8006540063385,1489.0,Nincs készleten 1 489 Ft 5 956 Ft/l,https://shop.rossmann.hu/termek/head-shoulders-menthol-fresh-korpasodas-elleni-sampon-250-ml
2026-08-19,Rossmann,Head & Shoulders,Hajápolás,Head & Shoulders sampon hydration - 400 ml,400 ml,400.0,ml,8001841406688,2354.0,Nincs készleten 2 354 Ft 5 885 Ft/l,https://shop.rossmann.hu/termek/head-shoulders-sampon-hydration-400-ml
2026-08-19,Rossmann,Head & Shoulders,Hajápolás,Head & Shoulders Thick & Strong Rosmary sampon - 400 ml,400 ml,400.0,ml,8006530171182,2354.0,Nincs készleten 2 354 Ft 5 885 Ft/l,https://shop.rossmann.hu/termek/head-shoulders-thick-strong-korpasodas-elleni-sampon-400ml-rozmaringkivonattal
2026-08-19,Rossmann,Pantene,Hajápolás,Pantene Bond Repair Miracles balzsam - 160 ml,160 ml,160.0,ml,8700216191708,1899.0,Nincs készleten 1 899 Ft 11 869 Ft/l,https://shop.rossmann.hu/termek/pantene-bond-repair-miracles-balzsam-160-ml
2026-08-19,Rossmann,Pantene,Hajápolás,Pantene Hydration Recharge Heat & Glow szérum - 135 ml,135 ml,135.0,ml,8006530007740,3099.0,Nincs készleten 3 099 Ft 22 956 Ft/l,https://shop.rossmann.hu/termek/pantene-pro-v-hydration-recharge-heat-glow-hajon-hagyhato-krem-135ml-hajvedo
2026-08-19,Rossmann,Pantene,Hajápolás,Pantene Intensive Repair hajpakolás gyenge és károsodott hajra - 300 ml,300 ml,300.0,ml,8006540608494,3099.0,Nincs készleten 3 099 Ft 10 330 Ft/l,https://shop.rossmann.hu/termek/pantene-intensive-repair-pakolas-gyenge-es-karosodott-hajra-300-ml
2026-08-19,Rossmann,Pantene,Hajápolás,Pantene Miracles Hydra balzsam - 160 ml,160 ml,160.0,ml,8700216191609,1899.0,Nincs készleten 1 899 Ft 11 869 Ft/l,https://shop.rossmann.hu/termek/pantene-miracles-hydra-balzsam-160-ml
2026-08-19,Rossmann,Pantene,Hajápolás,Pantene Miracles Hydra hajmaszk - 300 ml,300 ml,300.0,ml,8700216173346,4299.0,Nincs készleten 4 299 Ft 14 330 Ft/l,https://shop.rossmann.hu/termek/pantene-miracles-hydra-hajmaszk-300-ml
2026-08-19,Rossmann,Pantene,Hajápolás,Pantene Pro-V Extra Volume sampon - 1000 ml,1000 ml,1000.0,ml,8006540381830,3409.0,Nincs készleten 3 409 Ft 3 409 Ft/l,https://shop.rossmann.hu/termek/pantene-pro-v-extra-volume-sampon-1000-ml
2026-08-19,Rossmann,Pantene,Hajápolás,Pantene Pro-V Infinite Lengths balzsam 275 ml,275 ml,275.0,ml,8700216508957,1999.0,Nincs készleten 1 999 Ft 7 269 Ft/l,https://shop.rossmann.hu/termek/pantene-pro-v-infinite-lengths-balzsam-275-ml
2026-08-19,Rossmann,Pantene,Hajápolás,Pantene Pro-V Intensive Repair 3 Minute Miracle balzsam - 220 ml,220 ml,220.0,ml,8700216500616,2479.0,Nincs készleten 2 479 Ft 11 268 Ft/l,https://shop.rossmann.hu/termek/pantene-pro-v-intensive-repair-3-minute-miracle-balzsam-220-ml
2026-08-19,Rossmann,Pantene,Hajápolás,Pantene Pro-V Intensive Repair balzsam - 800 ml,800 ml,800.0,ml,8700216467391,3759.0,4 699 Ft 5 874 Ft/l,https://shop.rossmann.hu/termek/pantene-pro-v-intensive-repair-balzsam-800-ml
2026-08-19,Rossmann,Pantene,Hajápolás,Pantene Pro-V Intensive Repair regeneráló hajolaj keratinnal és E-vitaminnal - 100 ml,100 ml,100.0,ml,8006540124758,3099.0,Nincs készleten 3 099 Ft 30 990 Ft/l,https://shop.rossmann.hu/termek/pantene-pro-v-intensive-repair-keratinregeneralo-olaj-e-vitaminnal-hajolaj-100-ml
2026-08-19,Rossmann,Pantene,Hajápolás,Pantene Pro-V Perfect-Volume hővédő hajhab biotinnal - 200 ml,200 ml,200.0,ml,8006540346815,2519.0,Nincs készleten 2 519 Ft 12 595 Ft/l,https://shop.rossmann.hu/termek/pantene-pro-v-perfect-volume-hovedo-hajhab-biotinnal-200-ml
2026-08-19,Rossmann,Pantene,Hajápolás,Pantene Pro-V Repair & Protect sampon - 1000 ml,1000 ml,1000.0,ml,8001841617817,3409.0,Nincs készleten 3 409 Ft 3 409 Ft/l,https://shop.rossmann.hu/termek/pantene-sampon-repair-protect-1000-ml
2026-08-19,Rossmann,Pantene,Hajápolás,Pantene Pro-V Vékonyszálú Hajra Ultra Erős hajlakk - 250 ml,250 ml,250.0,ml,8006540650721,2519.0,Nincs készleten 2 519 Ft 10 076 Ft/l,https://shop.rossmann.hu/termek/pantene-pro-v-ultra-eros-hajlakk-vekonyszalu-hajra-250-ml
2026-08-19,Rossmann,Pantene,Hajápolás,Pantene Silky Miracle sampon - 250 ml,250 ml,250.0,ml,8700216336727,1243.0,Nincs készleten 1 243 Ft 4 972 Ft/l,https://shop.rossmann.hu/termek/pantene-silky-glowing-sampon-biotinnal-es-rekonstrualo-keratinnal-szaraz-hajra-250-ml
2026-08-19,Rossmann,Pantene,Hajápolás,Pantene hair rescue shaker hydration - 150 ml,150 ml,150.0,ml,8001841914244,2199.0,Nincs készleten 2 199 Ft 14 660 Ft/l,https://shop.rossmann.hu/termek/pantene-hair-rescue-shaker-hydration-150-ml
2026-08-19,Rossmann,Pantene,Hajápolás,Pantene hair rescue shaker repair - 150 ml,150 ml,150.0,ml,8001841914282,2199.0,Nincs készleten 2 199 Ft 14 660 Ft/l,https://shop.rossmann.hu/termek/pantene-hair-rescue-shaker-repair-150-ml
2026-08-19,Rossmann,Pantene,Hajápolás,Pantene hajolaj argain oil - 100 ml,100 ml,100.0,ml,8006540124833,3099.0,Nincs készleten 3 099 Ft 30 990 Ft/l,https://shop.rossmann.hu/termek/pantene-hajolaj-argain-oil-100-ml
2026-08-19,Rossmann,Pantene,Hajápolás,Pantene Pro-V Infinitely Long sampon - 400 ml,400 ml,400.0,ml,8700216058155,1572.0,Nincs készleten 1 572 Ft 3 930 Ft/l,https://shop.rossmann.hu/termek/pantene-pro-v-infinitely-long-sampon-400-ml
2026-08-19,Rossmann,Pantene,Hajápolás,Pantene Pro-V Intensive Repair sampon károsodott hajra - 400 ml,400 ml,400.0,ml,5410076561834,1508.0,Nincs készleten 1 508 Ft 3 770 Ft/l,https://shop.rossmann.hu/termek/pantene-pro-v-intensive-repair-sampon-szaraz-karosodott-hajra-400-ml
2026-08-19,Rossmann,Pantene,Hajápolás,Pantene Molecular Bond Repair sampon biotinnal - 250 ml,250 ml,250.0,ml,8700216323598,1243.0,Nincs készleten 1 243 Ft 4 972 Ft/l,https://shop.rossmann.hu/termek/pantene-bond-repair-miracles-sampon-250-ml
2026-08-19,Rossmann,Pantene,Hajápolás,Pantene Silky & Glowing balzsam biotinnal és rekonstruáló keratinnal - 160 ml,160 ml,160.0,ml,8700216334396,1899.0,Nincs készleten 1 899 Ft 11 869 Ft/l,https://shop.rossmann.hu/termek/pantene-silky-glowing-balzsam-biotinnal-es-rekonstrualo-keratinnal-160-ml
2026-08-19,Rossmann,Pantene,Hajápolás,Pantene Light Summer Glow hajpermet - 200 ml,200 ml,200.0,ml,8006530050999,3399.0,Nincs készleten 3 399 Ft 16 995 Ft/l,https://shop.rossmann.hu/termek/pantene-light-summer-glow-hajpermet-200-ml
2026-08-19,Rossmann,Pantene,Hajápolás,Pantene Pro-V Lively Repair sampon festett hajra - 400 ml,400 ml,400.0,ml,5410076562794,1508.0,Nincs készleten 1 508 Ft 3 770 Ft/l,https://shop.rossmann.hu/termek/pantene-pro-v-protect-shine-sampon-festett-hajra-400-ml
2026-08-19,Rossmann,Pantene,Hajápolás,Pantene Pro-V Intensive Repair balzsam - 275 ml,275 ml,275.0,ml,8700216422338,1999.0,Nincs készleten 1 999 Ft 7 269 Ft/l,https://shop.rossmann.hu/termek/pantene-pro-v-intensive-repair-balzsam-275-ml
2026-08-19,Rossmann,Pantene,Hajápolás,Pantene ampulla repair & protect (3x15 ml) - 45 ml,45 ml,45.0,ml,4015600592431,2549.0,Nincs készleten 2 549 Ft 56 644 Ft/l,https://shop.rossmann.hu/termek/pantene-ampulla-repair-protect-3x15-ml-45-ml
2026-08-19,Rossmann,Pantene,Hajápolás,Pantene Grow Abundant sampon - 290 ml,290 ml,290.0,ml,8006530060110,2510.0,Nincs készleten 2 510 Ft 8 655 Ft/l,https://shop.rossmann.hu/termek/pantene-grow-abundant-sampon-290-ml
2026-08-19,Rossmann,Pantene,Hajápolás,Pantene Grow Abundant balzsam - 250 ml,250 ml,250.0,ml,8006530059169,3199.0,Nincs készleten 3 199 Ft 12 796 Ft/l,https://shop.rossmann.hu/termek/pantene-grow-hajhullas-elleni-balzsam-xxx-ml-vekony-szalu-elgyengult-hajra
2026-08-19,Rossmann,Pantene,Hajápolás,Pantene Grow Abundant hajmaszk - 300 ml,300 ml,300.0,ml,8006530058988,3299.0,Nincs készleten 3 299 Ft 10 997 Ft/l,https://shop.rossmann.hu/termek/pantene-grow-hajhullas-elleni-pakolas-300ml-karosodott-hajra-10x-erosebb-hajat-eredmenyez
2026-08-19,Rossmann,Pantene,Hajápolás,Pantene Grow Abundant szérum - 60 ml,60 ml,60.0,ml,8006530088909,7299.0,Nincs készleten 7 299 Ft 121 650 Ft/l,https://shop.rossmann.hu/termek/pantene-hajhullas-elleni-fejborapolo-szerum-60ml-surubb-hosszabb-dusabb-haj-niacinamiddal
2026-08-19,Rossmann,Pantene,Hajápolás,Pantene Miracles Hydra sampon - 250 ml,250 ml,250.0,ml,8700216323512,1243.0,Nincs készleten 1 243 Ft 4 972 Ft/l,https://shop.rossmann.hu/termek/pantene-miracles-hydra-sampon-250-ml
2026-08-19,Rossmann,Pantene,Hajápolás,Pantene Molecular Bond Repair hajon hagyható krém - 300 ml,300 ml,300.0,ml,8700216630696,4299.0,Nincs készleten 4 299 Ft 14 330 Ft/l,https://shop.rossmann.hu/termek/pantene-molecular-bond-repair-hajon-hagyhato-krem-300-ml
2026-08-19,Rossmann,Pantene,Hajápolás,Pantene Molecular Bond Repair szérum - 90 ml,90 ml,90.0,ml,8700216637299,3099.0,Nincs készleten 3 099 Ft 34 433 Ft/l,https://shop.rossmann.hu/termek/pantene-molecular-bond-repair-hajon-hagyhato-krem-90ml-pro-v-koncentralt-formulaju-hajpakolas
2026-08-19,Rossmann,Pantene,Hajápolás,Pantene Pro-V Aqua Light sampon - 400 ml,400 ml,400.0,ml,5410076561223,1508.0,Nincs készleten 1 508 Ft 3 770 Ft/l,https://shop.rossmann.hu/termek/pantene-pro-v-aqua-light-sampon-400-ml
2026-08-19,Rossmann,Pantene,Hajápolás,Pantene Pro-V Aqualight balzsam - 275 ml,275 ml,275.0,ml,8700216509015,1999.0,Nincs készleten 1 999 Ft 7 269 Ft/l,https://shop.rossmann.hu/termek/pantene-pro-v-aqualight-balzsam-275-ml
2026-08-19,Rossmann,Pantene,Hajápolás,Pantene Pro-V Color Protect balzsam - 275 ml,275 ml,275.0,ml,8700216508933,1999.0,Nincs készleten 1 999 Ft 7 269 Ft/l,https://shop.rossmann.hu/termek/pantene-pro-v-color-protect-balzsam-275-ml
2026-08-19,Rossmann,Pantene,Hajápolás,Pantene Pro-V Hydration Recharge 3 Minute Miracle balzsam - 220 ml,220 ml,220.0,ml,8700216938860,2479.0,Nincs készleten 2 479 Ft 11 268 Ft/l,https://shop.rossmann.hu/termek/pantene-pro-v-hydration-recharge-3-minute-miracle-balzsam-220ml-rendkivul-szaraz-hajra
2026-08-19,Rossmann,Pantene,Hajápolás,Pantene Hydration Recharge Keratin Protect hajpakolás - 300 ml,300 ml,300.0,ml,8700216938761,2999.0,Nincs készleten 2 999 Ft 9 997 Ft/l,https://shop.rossmann.hu/termek/pantene-pro-v-hydration-recharge-keratin-protect-hajpakolas-300ml-rendkivul-szaraz-hajra
2026-08-19,Rossmann,Pantene,Hajápolás,Pantene Hydration Recharge balzsam - 275 ml,275 ml,275.0,ml,8700216938839,2149.0,Nincs készleten 2 149 Ft 7 815 Ft/l,https://shop.rossmann.hu/termek/pantene-pro-v-hydration-recharge-konnyed-balzsam-275ml-normal-es-szaraz-hajra
2026-08-19,Rossmann,Pantene,Hajápolás,Pantene Moisture sampon - 400 ml,400 ml,400.0,ml,8700216938808,1572.0,Nincs készleten 1 572 Ft 3 930 Ft/l,https://shop.rossmann.hu/termek/pantene-pro-v-hydration-recharge-sampon-400ml-taplalja-a-normal-es-szaraz-hajat
2026-08-19,Rossmann,Pantene,Hajápolás,Pantene Pro-V Intensive Repair 3in1 sampon károsodott hajra - 325 ml,325 ml,325.0,ml,8700216509022,1278.0,Nincs készleten 1 278 Ft 3 932 Ft/l,https://shop.rossmann.hu/termek/pantene-pro-v-intensive-repair-3-az-1-ben-sampon-325-ml
2026-08-19,Rossmann,Pantene,Hajápolás,Pantene Pro-V Intensive Repair balzsam - 160 ml,160 ml,160.0,ml,8700216508834,1249.0,Nincs készleten 1 249 Ft 7 806 Ft/l,https://shop.rossmann.hu/termek/pantene-pro-v-intensive-repair-balzsam-160-ml
2026-08-19,Rossmann,Pantene,Hajápolás,Pantene Pro-V I x Keith Haring Intensive Repair sampon - 250 ml,250 ml,250.0,ml,8700216779463,1043.0,Nincs készleten 1 043 Ft 4 172 Ft/l,https://shop.rossmann.hu/termek/pantene-pro-v-intensive-repairprotect-sampon-250-me
2026-08-19,Rossmann,Pantene,Hajápolás,Pantene Pro-V Keratin Infinitely Long hajmaszk - 300 ml,300 ml,300.0,ml,8700216058056,2999.0,Nincs készleten 2 999 Ft 9 997 Ft/l,https://shop.rossmann.hu/termek/pantene-pro-v-keratin-infinitely-long-hajmaszk-300-ml
2026-08-19,Rossmann,Pantene,Hajápolás,Pantene Pro-V Perfect-Curls hővédő hajhab kókuszolajjal - 200 ml,200 ml,200.0,ml,8006540349007,2519.0,Nincs készleten 2 519 Ft 12 595 Ft/l,https://shop.rossmann.hu/termek/pantene-pro-v-perfect-curls-hovedo-hajhab-kokuszolajjal-200-ml
2026-08-19,Rossmann,Pantene,Hajápolás,Pantene Pro V Robert Indiana Artist hajolaj - 100 ml,100 ml,100.0,ml,8006530274661,3099.0,Nincs készleten 3 099 Ft 30 990 Ft/l,https://shop.rossmann.hu/termek/pantene-pro-v-x-robert-indiana-artist-edition-intensive-repair-hajapolo-olaj-100-ml
2026-08-19,Rossmann,Pantene,Hajápolás,Pantene Pro V Robert Indiana Artist maszk - 300 ml,300 ml,300.0,ml,8006530274869,2999.0,Nincs készleten 2 999 Ft 9 997 Ft/l,https://shop.rossmann.hu/termek/pantene-pro-v-x-robert-indiana-artist-edition-intensive-repair-hajpakolas-300-ml
2026-08-19,Rossmann,Pantene,Hajápolás,Pantene Pro V Robert Indiana Artist hajpakolás - 220 ml,220 ml,220.0,ml,8006530275088,2479.0,Nincs készleten 2 479 Ft 11 268 Ft/l,https://shop.rossmann.hu/termek/pantene-pro-v-x-robert-indiana-artist-edition-intensive-repair-melyapolo-pakolas-220-ml
2026-08-19,Rossmann,Pantene,Hajápolás,Pantene Pro V Robert Indiana sampon - 250 ml,250 ml,250.0,ml,8006530274722,1043.0,Nincs készleten 1 043 Ft 4 172 Ft/l,https://shop.rossmann.hu/termek/pantene-pro-v-x-robert-indiana-artist-edition-intensive-repair-miracle-sampon-250-ml
2026-08-19,Rossmann,Pantene,Hajápolás,Pantene Pro-V Intensive Repair Duopack sampon és balzsam - 675 ml,675 ml,675.0,ml,8700216808675,2480.0,Nincs készleten 2 480 Ft 3 674 Ft/l,https://shop.rossmann.hu/termek/pantene-repair-sampon-es-balzsam-675-ml
2026-08-19,Rossmann,Aussie,Hajápolás,Aussie 3 Minute Miracle Deeep Moisture mélyhidratáló balzsam - 250 ml,250 ml,250.0,ml,8700216924603,3499.0,Nincs készleten 3 499 Ft 13 996 Ft/l,https://shop.rossmann.hu/termek/aussie-3-minute-miracle-deeep-moisture-melyhidratalo-balzsam-250ml
2026-08-19,Rossmann,Aussie,Hajápolás,Aussie Oh My Gloss Moisture-Mazing szérum - 160 ml,160 ml,160.0,ml,8700216923125,3399.0,Nincs készleten 3 399 Ft 21 244 Ft/l,https://shop.rossmann.hu/termek/aussie-oh-my-gloss-moisture-mazing-hajon-hagyhato-szerum-160ml-fenyfokozo-hatas
2026-08-19,Rossmann,Aussie,Hajápolás,Aussie SOS Repair & Revive balzsam - 200 ml,200 ml,200.0,ml,8700216440929,3399.0,Nincs készleten 3 399 Ft 16 995 Ft/l,https://shop.rossmann.hu/termek/aussie-sos-repair-revive-balzsam-200-ml
2026-08-19,Rossmann,Aussie,Hajápolás,Aussie SOS Hair Rescue szérum olaj - 100 ml,100 ml,100.0,ml,8006540004876,3399.0,Nincs készleten 3 399 Ft 33 990 Ft/l,https://shop.rossmann.hu/termek/aussie-sos-hair-rescue-szerum-olaj-100-ml
2026-08-19,Rossmann,Aussie,Hajápolás,Aussie SOS Repair Masque Intensive hajpakolás - 500 ml,500 ml,500.0,ml,8700216441063,4599.0,Nincs készleten 4 599 Ft 9 198 Ft/l,https://shop.rossmann.hu/termek/aussie-sos-repair-masque-intensive-hajpakolas-500-ml
2026-08-19,Rossmann,Aussie,Hajápolás,"Aussie SOS Repair & Revive sampon száraz, igénybevett, károsodott hajra - 300 ml",300 ml,300.0,ml,8700216421300,2017.0,Nincs készleten 2 017 Ft 6 723 Ft/l,https://shop.rossmann.hu/termek/aussie-sos-repair-revive-sampon-300-ml
2026-08-19,Rossmann,Aussie,Hajápolás,Aussie SOS 1 Minute Miracle Repair Rescue hajmask - 250 ml,250 ml,250.0,ml,8700216437264,3499.0,Nincs készleten 3 499 Ft 13 996 Ft/l,https://shop.rossmann.hu/termek/aussie-sos-1-minute-miracle-repair-rescue-hajmask-250-ml
2026-08-19,Rossmann,Aussie,Hajápolás,Aussie SOS Hydration szérum - 160 ml,160 ml,160.0,ml,8700216441094,3399.0,Nincs készleten 3 399 Ft 21 244 Ft/l,https://shop.rossmann.hu/termek/aussie-sos-hydration-szerum-160-ml
2026-08-19,Rossmann,Aussie,Hajápolás,Aussie Deep Hyd sampon - 300 ml,300 ml,300.0,ml,8700216923446,1949.0,Nincs készleten 1 949 Ft 6 497 Ft/l,https://shop.rossmann.hu/termek/aussie-deep-hyd-sampon-300-ml
2026-08-19,Rossmann,Aussie,Hajápolás,Aussie Deep Hydration balzsam - 200 ml,200 ml,200.0,ml,8700216923781,3399.0,Nincs készleten 3 399 Ft 16 995 Ft/l,https://shop.rossmann.hu/termek/aussie-deep-hydration-balzsam-200-ml
2026-08-19,Rossmann,Aussie,Hajápolás,Aussie Gloss sampon - 200 ml,200 ml,200.0,ml,8700216923132,1949.0,Nincs készleten 1 949 Ft 9 745 Ft/l,https://shop.rossmann.hu/termek/aussie-oh-my-gloss-sampon-300ml-melyhidratalja-a-szaraz-fako-hajat-szulfatmentes
2026-08-19,Rossmann,Aussie,Hajápolás,Aussie SOS Heat Protection hajápoló -100 ml,100 ml,100.0,ml,8001841555881,3399.0,Nincs készleten 3 399 Ft 33 990 Ft/l,https://shop.rossmann.hu/termek/aussie-spray-sos-heat-100-ml
2026-08-19,Rossmann,Aussie,Hajápolás,Aussie Oh My Gloss balzsam - 200 ml,200 ml,200.0,ml,8700216923057,3399.0,Nincs készleten 3 399 Ft 16 995 Ft/l,https://shop.rossmann.hu/termek/aussie-oh-my-gloss-hidratalo-balzsam-200ml-puhava-es-selymesse-varazsolja-a-szaraz-hajat
2026-08-19,Rossmann,Aussie,Hajápolás,Aussie SOS Supercharged Hydration haj- és fejbőrmaszk - 500 ml,500 ml,500.0,ml,8700216441032,4599.0,Nincs készleten 4 599 Ft 9 198 Ft/l,https://shop.rossmann.hu/termek/aussie-sos-supercharged-hydration-haj-es-fejbormaszk-500-ml
2026-08-19,Rossmann,Gillette,Borotválkozás & testápolás,Gillette Blue II Plus eldobható borotva - 14 db,14 db,14.0,db,7702018466979,2299.0,Nincs készleten 2 299 Ft 164 Ft/db,https://shop.rossmann.hu/termek/gillette-blueii-plus-eldobhato-borotvak-kremezocsikkal-14-db
2026-08-19,Rossmann,Gillette,Borotválkozás & testápolás,Gillette Blue3 Plus eldobható borotva - 8 db,8 db,8.0,db,7702018536320,2608.0,Nincs készleten 2 608 Ft 326 Ft/db,https://shop.rossmann.hu/termek/gillette-blue3-nitro-eldobhato-ferfi-borotva-8-db
2026-08-19,Rossmann,Gillette,Borotválkozás & testápolás,Gillette Blue3 Plus eldobható borotva 3 pengés - 6 db,6 db,6.0,db,7702018362585,2224.0,Nincs készleten 2 224 Ft 371 Ft/db,https://shop.rossmann.hu/termek/gillette-blue3-eldobhato-borotva-3-penges-6-db
2026-08-19,Rossmann,Gillette,Borotválkozás & testápolás,Gillette Blue3 Sensitive eldobható borotva 3 pengés - 3 db,3 db,3.0,db,7702018490080,1600.0,Nincs készleten 1 600 Ft 533 Ft/db,https://shop.rossmann.hu/termek/gillette-blue-3-sensitive-eldobhato-borotva-3-db-1
2026-08-19,Rossmann,Gillette,Borotválkozás & testápolás,Gillette Blue3 Sensitive eldobható borotva 3 pengés - 6 db,6 db,6.0,db,7702018490134,2224.0,Nincs készleten 2 224 Ft 371 Ft/db,https://shop.rossmann.hu/termek/gillette-blue3-sensitive-eldobhato-borotva-3-penges-6-db
2026-08-19,Rossmann,Gillette,Borotválkozás & testápolás,Gillette Body & Intimate trimmer szett - 1 db,1 db,1.0,db,8700216631204,18399.0,22 999 Ft 22 999 Ft/db,https://shop.rossmann.hu/termek/gillette-body-intimate-trimmer-szett-1-db
2026-08-19,Rossmann,Gillette,Borotválkozás & testápolás,Gillette Fusion Moisturising borotvazselé - 200ml,200 ml,200.0,ml,7702018465156,1438.0,Nincs készleten 1 438 Ft 7 190 Ft/l,https://shop.rossmann.hu/termek/gillette-fusion-moisturising-borotvazsele-200ml
2026-08-19,Rossmann,Gillette,Borotválkozás & testápolás,Gillette Fusion ProGlide Power Flexball elemes borotvakészülék - 1 db,1 db,1.0,db,7702018390786,9499.0,Nincs készleten 9 499 Ft 9 499 Ft/db,https://shop.rossmann.hu/termek/gillette-fusion-proglide-power-elemes-borotvakeszulek-1-db
2026-08-19,Rossmann,Gillette,Borotválkozás & testápolás,Gillette Fusion Proglide Flexball borotvakészülék + 2 db borotvabetét - 1 db,1 db,1.0,db,7702018390816,6999.0,Nincs készleten 6 999 Ft 6 999 Ft/db,https://shop.rossmann.hu/termek/gillette-fusion-proglide-borotva-borotvabetettel-1-db
2026-08-19,Rossmann,Gillette,Borotválkozás & testápolás,Gillette Fusion5 Proglide borotvabetét - 4 db,4 db,4.0,db,7702018085514,8084.0,Nincs készleten 8 084 Ft 2 021 Ft/db,https://shop.rossmann.hu/termek/gillette-fusion-proglide-5-penges-borotvabetet-4-db
2026-08-19,Rossmann,Gillette,Borotválkozás & testápolás,Gillette Fusion5 borotvakészülék + 2 db borotvabetét - 1 db,1 db,1.0,db,7702018866946,6599.0,Nincs készleten 6 599 Ft 6 599 Ft/db,https://shop.rossmann.hu/termek/gillette-fusion-keszulek-2-db-betet
2026-08-19,Rossmann,Gillette,Borotválkozás & testápolás,Gillette King C. szakáll&arcmosó - 350 ml,350 ml,350.0,ml,8006540150375,4999.0,Nincs készleten 4 999 Ft 14 283 Ft/l,https://shop.rossmann.hu/termek/gillette-king-c-szakallmoso-350-ml
2026-08-19,Rossmann,Gillette,Borotválkozás & testápolás,Gillette King C. szakállbalzsam - 100 ml,100 ml,100.0,ml,8006540150450,4999.0,Nincs készleten 4 999 Ft 49 990 Ft/l,https://shop.rossmann.hu/termek/gillette-king-c-szakallbalzsam-100-ml
2026-08-19,Rossmann,Gillette,Borotválkozás & testápolás,Gillette Mach 3 borotvabetét - 5 db,5 db,5.0,db,7702018552313,5801.0,Nincs készleten 5 801 Ft 1 160 Ft/db,https://shop.rossmann.hu/termek/gillette-mach-3-borotvabetet-5-db
2026-08-19,Rossmann,Gillette,Borotválkozás & testápolás,Gillette Mach3 borotvabetét - 16 db,16 db,16.0,db,7702018582907,11867.0,Nincs készleten 11 867 Ft 742 Ft/db,https://shop.rossmann.hu/termek/gillette-mach3-ferfi-borotvabetet-16-db
2026-08-19,Rossmann,Gillette,Borotválkozás & testápolás,Gillette Mach3 borotvabetét - 8 db,8 db,8.0,db,8700216066556,7604.0,Nincs készleten 7 604 Ft 951 Ft/db,https://shop.rossmann.hu/termek/gillette-mach3-borotvabetetek-ferfi-borotvahoz-8-db
2026-08-19,Rossmann,Gillette,Borotválkozás & testápolás,Gillette Mach3 borotvakészülék + 12 db borortvabetét - 1 db,1 db,1.0,db,7702018425853,16999.0,Nincs készleten 16 999 Ft 16 999 Ft/db,https://shop.rossmann.hu/termek/gillette-mach3-ferfi-borotva-keszulek-es-12-db-borortvabetet-1-db
2026-08-19,Rossmann,Gillette,Borotválkozás & testápolás,Gillette Mach3 borotvakészülék + 2 db borotvabetét - 1 db,1 db,1.0,db,7702018020676,4399.0,Nincs készleten 4 399 Ft 4 399 Ft/db,https://shop.rossmann.hu/termek/gillette-mach-3-borotva-2-potfej
2026-08-19,Rossmann,Gillette,Borotválkozás & testápolás,Gillette ProGlide borotvakészülék + 10 db borotvabetét - 1 db,1 db,1.0,db,7702018425198,22999.0,Nincs készleten 22 999 Ft 22 999 Ft/db,https://shop.rossmann.hu/termek/gillette-proglide-ferfi-borotvakeszulek-es-10-db-borotvabetet-1-db
2026-08-19,Rossmann,Gillette,Borotválkozás & testápolás,Gillette ProGlide férfi borotvanyél + 4 borotvabetét + állvány - 1 db,1 db,1.0,db,8700216357227,9599.0,11 999 Ft 11 999 Ft/db,https://shop.rossmann.hu/termek/gillette-proglide-ferfi-borotva-5-db-borotvabetettel-1-db
2026-08-19,Rossmann,Gillette,Borotválkozás & testápolás,Gillette Satin Care Aloe Vera Glide borotvazselé - 200 ml,200 ml,200.0,ml,3014260223007,1413.0,Nincs készleten 1 413 Ft 7 065 Ft/l,https://shop.rossmann.hu/termek/gillette-venus-satincare-sensitive-skin-borotvazsele-200ml
2026-08-19,Rossmann,Gillette,Borotválkozás & testápolás,Gillette Satin Care Shea Butter Silk borotvazselé - 200 ml,200 ml,200.0,ml,7702018012466,1413.0,Nincs készleten 1 413 Ft 7 065 Ft/l,https://shop.rossmann.hu/termek/gillette-satin-care-dry-skin-noi-borotvazsele-200-ml
2026-08-19,Rossmann,Gillette,Borotválkozás & testápolás,Gillette Series Arctic Ice Bold borotválkozás utáni arcszesz - 100 ml,100 ml,100.0,ml,7702018620180,3499.0,Nincs készleten 3 499 Ft 34 990 Ft/l,https://shop.rossmann.hu/termek/gillette-arctic-ice-borotvalkozas-utani-arcviz-100-ml
2026-08-19,Rossmann,Gillette,Borotválkozás & testápolás,Gillette Series Cool borotvazselé - 200 ml,200 ml,200.0,ml,7702018457786,1320.0,Nincs készleten 1 320 Ft 6 600 Ft/l,https://shop.rossmann.hu/termek/gillette-series-cool-borotva-zsele-200-ml
2026-08-19,Rossmann,Gillette,Borotválkozás & testápolás,"Gillette Styler testszőrzet- és szakálltrimmelő, borotva és kontúrformázó - 1 db",1 db,1.0,db,7702018273386,12367.0,15 459 Ft 15 459 Ft/db,https://shop.rossmann.hu/termek/gillette-4az1-ben-borotvkeszulek-1-borotvafej-1-db
2026-08-19,Rossmann,Gillette,Borotválkozás & testápolás,Gillette Stift Arctic Ice deo gélstift - 70 ml,70 ml,70.0,ml,8006530030502,1560.0,Nincs készleten 1 560 Ft 22 286 Ft/l,https://shop.rossmann.hu/termek/gillette-arctic-ice-izzadasgatlo-gel-ferfiaknak-70-ml
2026-08-19,Rossmann,Gillette,Borotválkozás & testápolás,Gillette Blue3 Comfort Slalom eldobható borotva 3 pengés - 3 db,3 db,3.0,db,7702018547319,960.0,Nincs készleten 960 Ft 320 Ft/db,https://shop.rossmann.hu/termek/gillette-blue-3-comfort-slalom-eldobhato-borotva-3-pengeju-3-db
2026-08-19,Rossmann,Gillette,Borotválkozás & testápolás,Gillette Blue 3 eldobható borotva - 8 db,8 db,8.0,db,7702018489978,2608.0,Nincs készleten 2 608 Ft 326 Ft/db,https://shop.rossmann.hu/termek/gillette-blue-3-eldobhato-borotva-8-db
2026-08-19,Rossmann,Gillette,Borotválkozás & testápolás,Gillette Blue2 Plus eldobható borotva 2 pengés - 5 db,5 db,5.0,db,3014260283254,1264.0,Nincs készleten 1 264 Ft 253 Ft/db,https://shop.rossmann.hu/termek/gillette-blue-ii-plus-eldobhato-borotva-5-db
2026-08-19,Rossmann,Gillette,Borotválkozás & testápolás,Gillette Blue3 Comfort eldobható borotva - 12 db,12 db,12.0,db,8700216148092,3874.0,Nincs készleten 3 874 Ft 323 Ft/db,https://shop.rossmann.hu/termek/gillette-blue3-comfort-eldobhato-borotva-3-penges-12-db
2026-08-19,Rossmann,Gillette,Borotválkozás & testápolás,Gillette Blue3 Comfort eldobható borotva 3 pengés - 4 db,4 db,4.0,db,7702018489787,1600.0,Nincs készleten 1 600 Ft 400 Ft/db,https://shop.rossmann.hu/termek/gillette-blue3-plus-comfort-eldobhato-borotva-3-penges-31-db-1-db
2026-08-19,Rossmann,Gillette,Borotválkozás & testápolás,Gillette Blue3 Plus Nitro eldobható borotva 3 pengés - 12 db,12 db,12.0,db,8700216148146,3874.0,Nincs készleten 3 874 Ft 323 Ft/db,https://shop.rossmann.hu/termek/gillette-blue3-plus-nitro-potpenge-12-db-1-db
2026-08-19,Rossmann,Gillette,Borotválkozás & testápolás,Gillette Body & Intimate borotvakrém és bőrtisztító - 177 ml,177 ml,177.0,ml,8700216600132,3599.0,4 499 Ft 25 418 Ft/l,https://shop.rossmann.hu/termek/gillette-body-intimate-borotvakrem-es-bortisztito-150-ml
2026-08-19,Rossmann,Gillette,Borotválkozás & testápolás,Gillette Blue3 Plus eldobható borotva 3 pengés - 4 db,4 db,4.0,db,8700216423489,1600.0,Nincs készleten 1 600 Ft 400 Ft/db,https://shop.rossmann.hu/termek/gillette-blue3-plus-red-eldobhato-borotva-31-db-1-db
2026-08-19,Rossmann,Gillette,Borotválkozás & testápolás,Gillette Gold Champion deo gélstift - 70ml,70 ml,70.0,ml,8006530030045,1560.0,Nincs készleten 1 560 Ft 22 286 Ft/l,https://shop.rossmann.hu/termek/gillette-champion-gold-izzadasgatlo-gel-ferfiaknak-70-ml
2026-08-19,Rossmann,Gillette,Borotválkozás & testápolás,Gillette Original Scent borotvahab - 250 ml,250 ml,250.0,ml,8006530159203,1045.0,Nincs készleten 1 045 Ft 4 180 Ft/l,https://shop.rossmann.hu/termek/gillette-classic-borotvahab-original-illattal-gyors-es-egyszeru-borotvalkozas-250ml
2026-08-19,Rossmann,Gillette,Borotválkozás & testápolás,Gillette Sensitive borotvahab - 250 ml,250 ml,250.0,ml,8006530159142,1045.0,Nincs készleten 1 045 Ft 4 180 Ft/l,https://shop.rossmann.hu/termek/gillette-classic-sensitive-borotvahab-erzekeny-borre-250-ml
2026-08-19,Rossmann,Gillette,Borotválkozás & testápolás,Gillette Stift Cool Wave deo stiftgél - 70 ml,70 ml,70.0,ml,8006530030564,1560.0,Nincs készleten 1 560 Ft 22 286 Ft/l,https://shop.rossmann.hu/termek/gillette-cool-wave-izzadasgatlo-gel-ferfiaknak-70-ml
2026-08-19,Rossmann,Gillette,Borotválkozás & testápolás,Gillette Fusion5 borotvabetét - 4 db,4 db,4.0,db,7702018866984,6979.0,Nincs készleten 6 979 Ft 1 745 Ft/db,https://shop.rossmann.hu/termek/gillette-fusion-borotvabetet-4-db
2026-08-19,Rossmann,Gillette,Borotválkozás & testápolás,Gillette Fusion Skin Sensitive borotvazselé - 200 ml,200 ml,200.0,ml,7702018617098,1692.0,Nincs készleten 1 692 Ft 8 460 Ft/l,https://shop.rossmann.hu/termek/gillette-fusion-skin-sensitive-borotvazsele-mandulaolajjal-200ml
2026-08-19,Rossmann,Gillette,Borotválkozás & testápolás,Gillette Fusion5 borotvabetét - 16 db,16 db,16.0,db,8001090819536,17663.0,Nincs készleten 17 663 Ft 1 104 Ft/db,https://shop.rossmann.hu/termek/gillette-fusion5-borortva-betet-5-penges-16-db
2026-08-19,Rossmann,Gillette,Borotválkozás & testápolás,Gillette Fusion5 borotvakészülék + 11 db borotvabetét - 1 db,1 db,1.0,db,7702018425761,22999.0,Nincs készleten 22 999 Ft 22 999 Ft/db,https://shop.rossmann.hu/termek/gillette-fusion5-borotva-11-db-betet-1db
2026-08-19,Rossmann,Gillette,Borotválkozás & testápolás,Gillette Fusion5 borotvabetét 5 pengés - 12 db,12 db,12.0,db,8006540986141,13999.0,14 397 Ft 1 200 Ft/db,https://shop.rossmann.hu/termek/gillette-fusion5-borotvabetetek-ferfi-borotvahoz-12-borotvabetetek-5-penge-precizios-nyiro
2026-08-19,Rossmann,Gillette,Borotválkozás & testápolás,Gillette Fusion5 borotvabetét - 8 db,8 db,8.0,db,8006540989197,11621.0,Nincs készleten 11 621 Ft 1 453 Ft/db,https://shop.rossmann.hu/termek/gillette-fusion5-borotvabetetek-ferfi-borotvahoz-8-db
2026-08-19,Rossmann,Gillette,Borotválkozás & testápolás,Gillette Fusion5 borotva készülék + 5 db borotvabetéttel - 1 db,1 db,1.0,db,8700216356794,11439.0,14 299 Ft 14 299 Ft/db,https://shop.rossmann.hu/termek/gillette-fusion5-ferfi-borotva-5-db-borotvabetettel-1-db
2026-08-19,Rossmann,Gillette,Borotválkozás & testápolás,Gillette Fusion5 borotvakészülék 11 db borotvabetéttel 5 pengés - 1 db,1 db,1.0,db,8006540764459,5099.0,16 999 Ft 16 999 Ft/db,https://shop.rossmann.hu/termek/gillette-fusion5-ferfi-borotva-1-db-gillette-borotva-11-db-borotvabetet
2026-08-19,Rossmann,Gillette,Borotválkozás & testápolás,Gillette King C. borotvapenge - 10 db,10 db,10.0,db,7702018590179,1581.0,Nincs készleten 1 581 Ft 158 Ft/db,https://shop.rossmann.hu/termek/gillette-king-c-double-edge-borotvabetet-10-db
2026-08-19,Rossmann,Gillette,Borotválkozás & testápolás,Gillette King C.Double Edge borotvakészülék +5 db borotvabetét - 1 db,1 db,1.0,db,7702018590148,7699.0,Nincs készleten 7 699 Ft 7 699 Ft/db,https://shop.rossmann.hu/termek/gillette-king-c-double-edge-borotvakeszulek-5-penge-1-db
2026-08-19,Rossmann,Gillette,Borotválkozás & testápolás,Gillette King C. szakáll trimmer - 1 db,1 db,1.0,db,8700216659659,22999.0,Nincs készleten 22 999 Ft 22 999 Ft/db,https://shop.rossmann.hu/termek/gillette-king-c-szakall-trimmer-1-db
2026-08-19,Rossmann,Gillette,Borotválkozás & testápolás,Gillette Labs borotvagél - 198 ml,198 ml,198.0,ml,8006530215138,1984.0,Nincs készleten 1 984 Ft 10 020 Ft/l,https://shop.rossmann.hu/termek/gillette-labs-rapid-foaming-borotvazsele-borotvazsele-ferfiaknak-198-ml
2026-08-19,Rossmann,Gillette,Borotválkozás & testápolás,Gillette Mach 3 borotvakészülék + 5 borotvabetét - 1 db,1 db,1.0,db,7702018610181,6799.0,8 499 Ft 8 499 Ft/db,https://shop.rossmann.hu/termek/gillette-mach-3-borotvakeszulek-5-betet-1-db-1
2026-08-19,Rossmann,Gillette,Borotválkozás & testápolás,Gillette Mach3 Charcoal borotvabetét - 8 db,8 db,8.0,db,8700216085472,7604.0,Nincs készleten 7 604 Ft 951 Ft/db,https://shop.rossmann.hu/termek/gillette-mach3-charcoal-borotvabetetek-ferfi-borotvahoz-8-db
2026-08-19,Rossmann,Gillette,Borotválkozás & testápolás,Gillette Mach3 borotvabetét 3 pengés - 12 db,12 db,12.0,db,8006530028875,9599.0,9 615 Ft 801 Ft/db,https://shop.rossmann.hu/termek/gillette-mach3-ferfi-borotvabetetek-12-gillette-3-penges-borotvabetetek
2026-08-19,Rossmann,Gillette,Borotválkozás & testápolás,Gillette Mach3 Charcoal férfi borotva készülék 6 db borotvabetéttel - 1 db,1 db,1.0,db,8700216399807,7799.0,10 399 Ft 10 399 Ft/db,https://shop.rossmann.hu/termek/gillette-mach3-charcoal-ferfi-borotva-keszulek-6-db-borotvabetettel-1-db
2026-08-19,Rossmann,Gillette,Borotválkozás & testápolás,Gillette Mach3 Extra Comfort borotvazselé - 200 ml,200 ml,200.0,ml,7702018290994,1450.0,Nincs készleten 1 450 Ft 7 250 Ft/l,https://shop.rossmann.hu/termek/gillette-mach3-irritationdefense-borotvazsele200ml
2026-08-19,Rossmann,Gillette,Borotválkozás & testápolás,Gillette Mach3 Turbo borotvapenge - 4 db,4 db,4.0,db,7702018578955,4791.0,Nincs készleten 4 791 Ft 1 198 Ft/db,https://shop.rossmann.hu/termek/gillette-mach3-turbo-borotvapenge-4-db
2026-08-19,Rossmann,Gillette,Borotválkozás & testápolás,Gillette Proglide borotvabetét - 8 db,8 db,8.0,db,8700216066587,13656.0,Nincs készleten 13 656 Ft 1 707 Ft/db,https://shop.rossmann.hu/termek/gillette-proglide-borotvabetetek-ferfi-borotvahoz-8-db
2026-08-19,Rossmann,Gillette,Borotválkozás & testápolás,Gillette Fusion ProGlide borotvakészülék 10 db borotvabetéttel 5 pengés - 1 db,1 db,1.0,db,8006540764343,5399.0,17 999 Ft 17 999 Ft/db,https://shop.rossmann.hu/termek/gillette-proglide-ferfi-borotva-10-db-borotvabetet
2026-08-19,Rossmann,Gillette,Borotválkozás & testápolás,Gillette Proglide borotvabetét 5 pengés - 12 db,12 db,12.0,db,8006530028882,16387.0,Nincs készleten 16 387 Ft 1 366 Ft/db,https://shop.rossmann.hu/termek/gillette-proglide-ferfi-borotvabetetek-12-borotvabetetek-5-penge-precizios-nyiro
2026-08-19,Rossmann,Gillette Venus,Borotválkozás & testápolás,Gillette Venus Satin Care 2 az 1-ben bőrtisztító + borotvazselé - 190 ml,190 ml,190.0,ml,8001090410887,3771.0,Nincs készleten 3 771 Ft 19 847 Ft/l,https://shop.rossmann.hu/termek/gillette-satin-care-bikini-borotvazsele-190-ml
2026-08-19,Rossmann,Gillette Venus,Borotválkozás & testápolás,Gillette Venus Satin Care bőrnyugtató szérum - 50 ml,50 ml,50.0,ml,8001090410795,4999.0,Nincs készleten 4 999 Ft 99 980 Ft/l,https://shop.rossmann.hu/termek/gillette-satin-care-bikini-borsimito-szerum-50-ml
2026-08-19,Rossmann,Gillette,Borotválkozás & testápolás,Gillette Satin Care borotvazselé E-vitaminnal -200 ml,200 ml,200.0,ml,8006530148108,1413.0,Nincs készleten 1 413 Ft 7 065 Ft/l,https://shop.rossmann.hu/termek/gillette-satin-care-noi-borotvazsele-leheletnyi-e-vitaminnal-a-normal-borre-touch-of-vitamin-e
2026-08-19,Rossmann,Gillette,Borotválkozás & testápolás,Gillette Satin Care Vanília borotvazselé - 200 ml,200 ml,200.0,ml,7702018399567,1413.0,Nincs készleten 1 413 Ft 7 065 Ft/l,https://shop.rossmann.hu/termek/gillette-satin-care-vanillla-dream-borotvazsele-200ml
2026-08-19,Rossmann,Gillette,Borotválkozás & testápolás,Gillette Sensor 3+ férfi borotvakészülék 4 db betéttel - 1 db,1 db,1.0,db,8700216639637,2299.0,Nincs készleten 2 299 Ft 2 299 Ft/db,https://shop.rossmann.hu/termek/gillette-sensor-3-kulonleges-kiadas-ferfi-borotva-es-4-db-borotvabetet
2026-08-19,Rossmann,Gillette,Borotválkozás & testápolás,Gillette Series Sensitive borotvazselé - 200 ml,200 ml,200.0,ml,3014260214692,1320.0,Nincs készleten 1 320 Ft 6 600 Ft/l,https://shop.rossmann.hu/termek/gillette-series-borotvagel-erzekeny-borre-200-ml
2026-08-19,Rossmann,Gillette,Borotválkozás & testápolás,Gillette Series Soothing borotvahab - 250 ml,250 ml,250.0,ml,8006530154710,1094.0,Nincs készleten 1 094 Ft 4 376 Ft/l,https://shop.rossmann.hu/termek/gillette-series-nyugtato-hatasu-borotvahab-aloe-veraval-250ml
2026-08-19,Rossmann,Gillette Venus,Borotválkozás & testápolás,Gillette Simply Venus eldobható borotva - 6 db,6 db,6.0,db,7702018069316,1365.0,Nincs készleten 1 365 Ft 228 Ft/db,https://shop.rossmann.hu/termek/gillette-simply-venusz-eldobhato-noi-borotva-4-2-6-db
2026-08-19,Rossmann,Gillette Venus,Borotválkozás & testápolás,Gillette Simply Venus eldobható borotva - 8 db,8 db,8.0,db,7702018465767,1849.0,Nincs készleten 1 849 Ft 231 Ft/db,https://shop.rossmann.hu/termek/gillette-simply-venus3-noi-eldobhato-borotva-3-penges-8-db
2026-08-19,Rossmann,Gillette,Borotválkozás & testápolás,Gillette Sport Triumph deo gélstift - 70 ml,70 ml,70.0,ml,8006530030458,1560.0,Nincs készleten 1 560 Ft 22 286 Ft/l,https://shop.rossmann.hu/termek/gillette-sport-triumph-izzadasgatlo-gel-ferfiaknak-70-ml
2026-08-19,Rossmann,Gillette Venus,Borotválkozás & testápolás,Gillette Venus Dragonfruit eldobható borotva - 3 db,3 db,3.0,db,7702018615001,1039.0,Nincs készleten 1 039 Ft 346 Ft/db,https://shop.rossmann.hu/termek/gillette-venus-3-dragonfruit-eldobhato-borotva-3-db
2026-08-19,Rossmann,Gillette Venus,Borotválkozás & testápolás,Gillette Venus Dragonfruit eldobható borotva - 6 db,6 db,6.0,db,7702018615063,1889.0,Nincs készleten 1 889 Ft 315 Ft/db,https://shop.rossmann.hu/termek/gillette-venus-3-dragonfruit-eldobhato-borotva-6-db
2026-08-19,Rossmann,Gillette Venus,Borotválkozás & testápolás,Gillette Venus bikini borotvakészülék - 1 db,1 db,1.0,db,8006540816769,5499.0,Nincs készleten 5 499 Ft 5 499 Ft/db,https://shop.rossmann.hu/termek/gillette-venus-bikini-borotva-1-db
2026-08-19,Rossmann,Gillette Venus,Borotválkozás & testápolás,Gillette Venus bikini borotvabetét - 3 db,3 db,3.0,db,8006540816837,4774.0,Nincs készleten 4 774 Ft 1 591 Ft/db,https://shop.rossmann.hu/termek/gillette-venus-bikini-borotvabetet-3-db
2026-08-19,Rossmann,Gillette Venus,Borotválkozás & testápolás,Gillette Venus Smooth borotvabetét - 3 db,3 db,3.0,db,3014260262709,4571.0,Nincs készleten 4 571 Ft 1 143 Ft/db,https://shop.rossmann.hu/termek/gillette-venus-borotvabetet-4db
2026-08-19,Rossmann,Gillette Venus,Borotválkozás & testápolás,Gillette Venus ComfortGlide Breeze borotvabetét - 4 db,4 db,4.0,db,7702018886364,5770.0,Nincs készleten 5 770 Ft 1 443 Ft/db,https://shop.rossmann.hu/termek/gillette-venus-breeze-2az1-ben-borotvabetet-4-db-os-kiszerelesben
2026-08-19,Rossmann,Gillette Venus,Borotválkozás & testápolás,Gillette Venus Comfortglide Breeze borotvakészülék + 2 db borotvabetét - 1 db,1 db,1.0,db,7702018886166,4319.0,5 399 Ft 5 399 Ft/db,https://shop.rossmann.hu/termek/gillette-venus-breeze-3-penges-borotva-2-db-borotvabetet-1-db
2026-08-19,Rossmann,Gillette Venus,Borotválkozás & testápolás,Gillette Venus Care bikini hámlasztó - 177 ml,177 ml,177.0,ml,8001090410924,4999.0,Nincs készleten 4 999 Ft 28 243 Ft/l,https://shop.rossmann.hu/termek/gillette-venus-care-bikini-hamlaszto-177-ml
2026-08-19,Rossmann,Gillette Venus,Borotválkozás & testápolás,Gillette Venus Smooth borotvakészülék + borotvabetét - 5 db,5 db,5.0,db,7702018363490,5519.0,6 899 Ft 6 899 Ft/db,https://shop.rossmann.hu/termek/gillette-venus-classic-borotva-4db-betettel-1-db
2026-08-19,Rossmann,Gillette Venus,Borotválkozás & testápolás,Gillette Venus Comfort Colours eldobható borotva 3 pengés - 8 db,8 db,8.0,db,8006530129954,2085.0,Nincs készleten 2 085 Ft 261 Ft/db,https://shop.rossmann.hu/termek/gillette-venus-comfort-colours-eldobhato-borotva-8-dbcsomag
2026-08-19,Rossmann,Gillette,Borotválkozás & testápolás,Gillette Comfortglide Coconut Scent női borotvabetét 5 pengés - 3 db,3 db,3.0,db,8700216674119,6199.0,Nincs készleten 6 199 Ft 2 066 Ft/db,https://shop.rossmann.hu/termek/gillette-venus-comfortglide-coconut-borotvabetet-3-db
2026-08-19,Rossmann,Gillette Venus,Borotválkozás & testápolás,Gillette Venus ComfortGlide Miami borotvakészülék + borotvatartó - 1 db,1 db,1.0,db,8700216674195,5299.0,Nincs készleten 5 299 Ft 5 299 Ft/db,https://shop.rossmann.hu/termek/gillette-venus-comfortglide-miami-noi-borotva-sugarberry-illattal-1-db
2026-08-19,Rossmann,Gillette Venus,Borotválkozás & testápolás,Gillette Venus ComfortGlide Miami borotvabetét - 3 db,3 db,3.0,db,8700216674164,6199.0,Nincs készleten 6 199 Ft 2 066 Ft/db,https://shop.rossmann.hu/termek/gillette-venus-comfortglide-miami-sugarberry-noi-borotvabetet-3-db
2026-08-19,Rossmann,Gillette Venus,Borotválkozás & testápolás,Gillette Venus ComfortGlide női borotvabetét 3 pengés - 6 db,6 db,6.0,db,8700216969314,7769.0,Nincs készleten 7 769 Ft 1 295 Ft/db,https://shop.rossmann.hu/termek/gillette-venus-comfortglide-noi-borotvabetet-breeze-6-borotvabetetek
2026-08-19,Rossmann,Gillette Venus,Borotválkozás & testápolás,Gillette Venus Extra Smooth borotvabetét - 4 db,4 db,4.0,db,7702018955527,6866.0,Nincs készleten 6 866 Ft 1 717 Ft/db,https://shop.rossmann.hu/termek/gillette-venus-embrace-borotvabetet-noi-borotvahoz-4-db-os-kiszereles
2026-08-19,Rossmann,Gillette Venus,Borotválkozás & testápolás,Gillette Venus ComfortGlide Spa Breeze borotvakészülék + 4 borotvabetét - 1 db,1 db,1.0,db,7702018469727,7199.0,8 999 Ft 8 999 Ft/db,https://shop.rossmann.hu/termek/gillette-venus-comfortglide-spa-breeze-borotvakeszulek-5-penges-4-borotvabetet-1-db
2026-08-19,Rossmann,Gillette Venus,Borotválkozás & testápolás,Gillette Venus Extra Comfort Sensitive eldobható borotva - 6 db,6 db,6.0,db,8006530108256,2309.0,Nincs készleten 2 309 Ft 385 Ft/db,https://shop.rossmann.hu/termek/gillette-venus-extra-comfort-sensitive-eldobhato-borotva-6-dbcsomag
2026-08-19,Rossmann,Gillette Venus,Borotválkozás & testápolás,Gillette Venus Extra Smooth női borotvakészülék 4 db betéttel 5 pengés - 1 db,1 db,1.0,db,8700216969956,10999.0,Nincs készleten 10 999 Ft 10 999 Ft/db,https://shop.rossmann.hu/termek/gillette-venus-extra-smooth-noi-borotva-4-borotvabetetekkel
2026-08-19,Rossmann,Gillette Venus,Borotválkozás & testápolás,Gillette Venus Smooth borotva + 2 db borotvabetét - 1 db,1 db,1.0,db,3014260262693,3592.0,4 490 Ft 4 490 Ft/db,https://shop.rossmann.hu/termek/gillette-venus-noi-borotva-2-borotvabetet
2026-08-19,Rossmann,Gillette Venus,Borotválkozás & testápolás,Gillette Venus Pro ComfortGlide Coco női borotvakészülék 3 db betéttel 5 pengés - 1 db,1 db,1.0,db,8700216970105,9599.0,Nincs készleten 9 599 Ft 9 599 Ft/db,https://shop.rossmann.hu/termek/gillette-venus-pro-comfortglide-kokuszillatu-noi-borotva-1-borotvabetet
2026-08-19,Rossmann,Gillette Venus,Borotválkozás & testápolás,Gillette Venus Pro Comfortglide női borotvabetét 5 pengés - 6 db,6 db,6.0,db,8700216969253,10579.0,Nincs készleten 10 579 Ft 1 763 Ft/db,https://shop.rossmann.hu/termek/gillette-venus-pro-comfortglide-sugarberryillatu-noi-borotvabetet-6-borotvabetetek
2026-08-19,Rossmann,Gillette Venus,Borotválkozás & testápolás,Gillette Venus Smooth női borotvabetét - 8 db,8 db,8.0,db,8700216969031,7335.0,Nincs készleten 7 335 Ft 917 Ft/db,https://shop.rossmann.hu/termek/gillette-venus-smooth-noi-borotvabetet-8-borotvabetet
2026-08-19,Rossmann,Gillette Venus,Borotválkozás & testápolás,Gillette Venus Pro Smooth Sensitive női borotvabetét érzékeny bőrre 5 pengés - 3 db,3 db,3.0,db,8700216968928,6487.0,Nincs készleten 6 487 Ft 2 162 Ft/db,https://shop.rossmann.hu/termek/gillette-venus-pro-smooth-sensitive-noi-borotvabetet-erzekeny-borre-3-borotvabetetek
2026-08-19,Rossmann,Gillette Venus,Borotválkozás & testápolás,Gillette Venus Sensitive eldobható borotva - 6 db,6 db,6.0,db,7702018487158,1889.0,Nincs készleten 1 889 Ft 315 Ft/db,https://shop.rossmann.hu/termek/gillette-venus3-sensitive-3-penges-eldobhato-borotva-6-db
2026-08-19,Rossmann,Gillette Venus,Borotválkozás & testápolás,Gillette Venus eldobható borotva - 6 db,6 db,6.0,db,7702018426201,1889.0,Nincs készleten 1 889 Ft 315 Ft/db,https://shop.rossmann.hu/termek/gillette-venus3-eldobhato-borotva-3-penges-6-db
2026-08-19,Rossmann,Gillette,Borotválkozás & testápolás,Gillette Labs borotvabetét 5 pengés - 8 db,8 db,8.0,db,8006530277907,14158.0,Nincs készleten 14 158 Ft 1 770 Ft/db,https://shop.rossmann.hu/termek/gillettelabs-8-borotvabetetet-tartalmazo-csomag
2026-08-19,Rossmann,Gillette,Borotválkozás & testápolás,Gillette Labs borotvabetét 5 pengés - 4 db,4 db,4.0,db,8006530277846,8292.0,Nincs készleten 8 292 Ft 2 073 Ft/db,https://shop.rossmann.hu/termek/gillettelabs-4-borotvabetetet-tartalmazo-csomag
2026-08-19,Rossmann,Gillette,Borotválkozás & testápolás,Gillette Labs borotvakészülék 1 db borotvabetéttel 5 pengés - 1 db,1 db,1.0,db,8006530112406,6599.0,Nincs készleten 6 599 Ft 6 599 Ft/db,https://shop.rossmann.hu/termek/gillettelabs-borotva-borradirral-1-db-markolat-1-db-borotvabetet-1-db-fali-borotvatarto
2026-08-19,Rossmann,Gillette,Borotválkozás & testápolás,Gillette Labs borotvakészülék 3 db betéttel 5 pengés - 1 db,1 db,1.0,db,8006530112529,9199.0,11 499 Ft 11 499 Ft/db,https://shop.rossmann.hu/termek/gillettelabs-ferfi-borotva-borradirral-1-db
2026-08-19,Rossmann,Gillette Venus,Borotválkozás & testápolás,Gillette Venus Tropical eldobható borotva - 3 db,3 db,3.0,db,7702018426263,1632.0,Nincs készleten 1 632 Ft 544 Ft/db,https://shop.rossmann.hu/termek/gilette-venus-tropical-eldobhato-borotva-3-db
2026-08-19,Rossmann,Gillette Venus,Borotválkozás & testápolás,Venus Comfortglide Sugarberry borotvakészülék + 1 db betét - 1 db,1 db,1.0,db,8700216130516,4999.0,Nincs készleten 4 999 Ft 4 999 Ft/db,https://shop.rossmann.hu/termek/venus-comfortglide-sugarberry-plus-olay-borotvakeszulek-1-db-betet-1-db
2026-08-19,Rossmann,Gillette Venus,Borotválkozás & testápolás,Gillette Venus Extra Smooth borotvakészülék + 1 db borotvabetét - 1 db,1 db,1.0,db,7702018323012,5299.0,Nincs készleten 5 299 Ft 5 299 Ft/db,https://shop.rossmann.hu/termek/venus-embrace-borotva-borotvabetet-1-db-1
2026-08-19,Rossmann,Gillette Venus,Borotválkozás & testápolás,Gillette Venus Deluxe Smooth Sensitive borotvakészülék + 3 borotvabetét - 1 db,1 db,1.0,db,7702018609994,8999.0,Nincs készleten 8 999 Ft 8 999 Ft/db,https://shop.rossmann.hu/termek/venus-embrace-noi-borotva-1-db
2026-08-19,Rossmann,Gillette Venus,Borotválkozás & testápolás,Venus Extra Comfort Miami eldobható borotva 3 pengés - 3 db,3 db,3.0,db,8700216756884,1632.0,Nincs készleten 1 632 Ft 544 Ft/db,https://shop.rossmann.hu/termek/venus-smooth-miami-eldobhato-borotva-3-db
2026-08-19,Rossmann,Gillette Venus,Borotválkozás & testápolás,Venus Smooth Miami eldobható borotva - 6 db,6 db,6.0,db,8700216756907,2138.0,Nincs készleten 2 138 Ft 356 Ft/db,https://shop.rossmann.hu/termek/venus-smooth-miami-eldobhato-borotva-6-db
2026-08-19,Rossmann,Braun,Borotválkozás & testápolás,Braun FS1000 női elektromos szőrtelenítő - 1 db,1 db,1.0,db,8006530193863,12999.0,Nincs készleten 12 999 Ft 12 999 Ft/db,https://shop.rossmann.hu/termek/braun-fs1000-noi-elektromos-szortelenito-1-db
2026-08-19,Rossmann,Braun,Borotválkozás & testápolás,Braun All-in-One Series 5 multifunkciós szőrtelenítőkészlet férfiaknak - 1 db,1 db,1.0,db,8700216429160,26999.0,Nincs készleten 26 999 Ft 26 999 Ft/db,https://shop.rossmann.hu/termek/braun-series-5-multifunkcios-keszlet-7-az-1-ben-szortelenito-eles-penge-testszornyiras-aio5520
2026-08-19,Rossmann,Braun,Borotválkozás & testápolás,Braun BS1000 mini trimmelő - 1 db,1 db,1.0,db,4210201313922,13999.0,Nincs készleten 13 999 Ft 13 999 Ft/db,https://shop.rossmann.hu/termek/braun-bs1000-mini-trimmelo-1-db
2026-08-19,Rossmann,Braun,Borotválkozás & testápolás,Braun IPL Silk-expert Mini szőrtelenítő készülék PL1100 /pink - 1 db,1 db,1.0,db,8006530145558,139999.0,Nincs készleten 139 999 Ft 139 999 Ft/db,https://shop.rossmann.hu/termek/braun-ipl-silk-expert-mini-otthoni-szortelenites-pl1100
2026-08-19,Rossmann,Braun,Borotválkozás & testápolás,Braun Series 3 All in One 3560 szakállvágó - 1 db,1 db,1.0,db,8700216429511,27499.0,Nincs készleten 27 499 Ft 27 499 Ft/db,https://shop.rossmann.hu/termek/braun-series-3-10-az-1-ben-formazokeszlet-eles-penge-14-hosszbeallitas-aio3560-fekete
2026-08-19,Rossmann,Braun,Borotválkozás & testápolás,Braun IPL Silk-expert Pro 5 szőrtelenítő készülék PL5210 /gold - 1 db,1 db,1.0,db,8700216937481,235999.0,Nincs készleten 235 999 Ft 235 999 Ft/db,https://shop.rossmann.hu/termek/braun-ipl-silk-expert-pro-5-szortelenites-otthoni-kezelessel-2-tartozekfej-pl5210
2026-08-19,Rossmann,Braun,Borotválkozás & testápolás,Braun Series 3 BT3500 szakállvágó /fekete - 1 db,1 db,1.0,db,8700216428262,19499.0,Nincs készleten 19 499 Ft 19 499 Ft/db,https://shop.rossmann.hu/termek/braun-series-3-szakallvago-bt3500-fekete-1-db
2026-08-19,Rossmann,Braun,Borotválkozás & testápolás,Braun Series 5 All in One 5540 szakállvágó - 1 db,1 db,1.0,db,8700216429504,28499.0,Nincs készleten 28 499 Ft 28 499 Ft/db,https://shop.rossmann.hu/termek/braun-series-5-multifunkcios-keszlet-9-az-1-ben-szortelenito-eles-penge-testszornyiras-aio5540
2026-08-19,Rossmann,Braun,Borotválkozás & testápolás,Braun Series 5 elektromos borotva - 1 db,1 db,1.0,db,8700216645782,47999.0,Nincs készleten 47 999 Ft 47 999 Ft/db,https://shop.rossmann.hu/termek/braun-series-6-elektromos-borotva-akar-50-perc-52-a1000s-azur
2026-08-19,Rossmann,Braun,Borotválkozás & testápolás,Braun Series 5 hajvágó HC5510 - 1 db,1 db,1.0,db,4987176251039,29899.0,Nincs készleten 29 899 Ft 29 899 Ft/db,https://shop.rossmann.hu/termek/braun-series-5-hajvago-hc5510-1-db
2026-08-19,Rossmann,Braun,Borotválkozás & testápolás,Braun Series 7 BT7540 szakállvágó /kék - 1 db,1 db,1.0,db,8700216428415,47399.0,Nincs készleten 47 399 Ft 47 399 Ft/db,https://shop.rossmann.hu/termek/braun-series-7-szakallvago-bt7540-kek-1-db
2026-08-19,Rossmann,Braun,Borotválkozás & testápolás,Braun Series 9 PRO+ elektromos borotva férfiaknak - 1db,1 db,1.0,db,8700216555081,226999.0,Nincs készleten 226 999 Ft 226 999 Ft/db,https://shop.rossmann.hu/termek/braun-series-9-pro-elektromos-borotva-smartcare-egyseg-9667cc-ezust
2026-08-19,Rossmann,Braun,Borotválkozás & testápolás,Braun Series X XT20 pótfej - 1 db,1 db,1.0,db,7500435205979,5797.0,Nincs készleten 5 797 Ft 5 797 Ft/db,https://shop.rossmann.hu/termek/braun-series-x-borotva-potfej-1-db
2026-08-19,Rossmann,Braun,Borotválkozás & testápolás,Braun Silk·épil 3 vezetékes epilátor /rózsaszín - 1 db,1 db,1.0,db,8700216962988,20999.0,Nincs készleten 20 999 Ft 20 999 Ft/db,https://shop.rossmann.hu/termek/braun-silkepil-3-vezetekes-epilator-tartosan-sima-bor-3-000-rozsaszin
2026-08-19,Rossmann,Braun,Borotválkozás & testápolás,Braun Silk·épil 5 epilátor 5-050 - 1 db,1 db,1.0,db,7500435225038,41999.0,Nincs készleten 41 999 Ft 41 999 Ft/db,https://shop.rossmann.hu/termek/braun-silkepil-5-wet-dry-epilator-tartosan-sima-bor-5-050-flamingorozsaszin
2026-08-19,Rossmann,Braun,Borotválkozás & testápolás,Braun Silk·épil 9 Flex Wet & Dry epilátor 9-030 - 1 db,1 db,1.0,db,8700216963206,107999.0,Nincs készleten 107 999 Ft 107 999 Ft/db,https://shop.rossmann.hu/termek/braun-silkepil-9-flex-wet-dry-epilator-tartosan-sima-bor-9-030-3d-arany
2026-08-19,Rossmann,Braun,Borotválkozás & testápolás,Braun XT5100 szakállvágó - 1 db,1 db,1.0,db,8001090794987,23999.0,Nincs készleten 23 999 Ft 23 999 Ft/db,https://shop.rossmann.hu/termek/braun-xt5100-szakallvago-1-db
2026-08-19,Rossmann,Oral-B,Szájápolás,Oral-B Pro Series 1 elektromos fogkefe /fekete - 1 db,1 db,1.0,db,8700216022101,20499.0,Nincs készleten 20 499 Ft 20 499 Ft/db,https://shop.rossmann.hu/termek/oral-b-pro-series-1-elektromos-fogkefe-fekete-braun-tervezessel
2026-08-19,Rossmann,Old Spice,Borotválkozás & testápolás,Old Spice Captain deo spray - 250 ml,250 ml,250.0,ml,8700216875714,1889.0,2 044 Ft 8 176 Ft/l,https://shop.rossmann.hu/termek/old-spice-captain-deo-spray-250-ml
2026-08-19,Rossmann,Old Spice,Borotválkozás & testápolás,Old Spice Captain tusfürdő - 675 ml,675 ml,675.0,ml,8006540280140,2223.0,Nincs készleten 2 223 Ft 3 293 Ft/l,https://shop.rossmann.hu/termek/old-spice-captain-tusfurdo-675-ml
2026-08-19,Rossmann,Old Spice,Borotválkozás & testápolás,Old Spice Captain deo stift - 85 ml,85 ml,85.0,ml,8700216879866,1889.0,2 044 Ft 24 047 Ft/l,https://shop.rossmann.hu/termek/old-spice-captain-deo-stift-85-ml
2026-08-19,Rossmann,Old Spice,Borotválkozás & testápolás,Old Spice Cold Spice 3 az 1-ben tusfürdő - 1000 ml,1000 ml,1000.0,ml,8006530139021,2999.0,3 393 Ft 3 393 Ft/l,https://shop.rossmann.hu/termek/old-spice-cold-spice-ferfi-3-az-1-ben-arcmoso-tusfurdo-es-sampon-1000-ml
2026-08-19,Rossmann,Old Spice,Borotválkozás & testápolás,Old Spice Deep Sea tusfürdő - 1000 ml,1000 ml,1000.0,ml,8700216452755,2999.0,3 388 Ft 3 388 Ft/l,https://shop.rossmann.hu/termek/old-spice-deep-sea-ferfi-tusfurdo-1000-ml
2026-08-19,Rossmann,Old Spice,Borotválkozás & testápolás,Old Spice Deep Sea tusfürdő - 400 ml,400 ml,400.0,ml,8001841326153,1400.0,Nincs készleten 1 400 Ft 3 500 Ft/l,https://shop.rossmann.hu/termek/old-spice-tusfurdo-deep-sea-400-ml
2026-08-19,Rossmann,Old Spice,Borotválkozás & testápolás,Old Spice Deo Stift Whitewater Triopack 3 x 50 ml - 150 ml,150 ml,150.0,ml,8006530118958,3233.0,Nincs készleten 3 233 Ft 21 553 Ft/l,https://shop.rossmann.hu/termek/old-spice-deo-stift-whitewater-triopack-3-x-50-ml-150-ml-1
2026-08-19,Rossmann,Old Spice,Borotválkozás & testápolás,Old Spice Oasis deo stift - 65 ml,65 ml,65.0,ml,8700216685474,1770.0,Nincs készleten 1 770 Ft 27 231 Ft/l,https://shop.rossmann.hu/termek/old-spice-oasis-stift-dezodor-ferfiaknak-65-ml
2026-08-19,Rossmann,Old Spice,Borotválkozás & testápolás,Old Spice Oasis stift dezodor és Original borotválkozás utáni arcszesz - 165 ml,165 ml,165.0,ml,2000002673125,5999.0,Nincs készleten 5 999 Ft 36 358 Ft/l,https://shop.rossmann.hu/termek/old-spice-oasis-stift-dezodor-es-original-borotvalkozas-utani-arcszesz-165-ml
2026-08-19,Rossmann,Old Spice,Borotválkozás & testápolás,Old Spice Epic Legend tusfürdő - 400 ml,400 ml,400.0,ml,8700216611046,1400.0,Nincs készleten 1 400 Ft 3 500 Ft/l,https://shop.rossmann.hu/termek/old-spice-epic-ferfi-3-az-1-ben-sampon-es-tusfurdo-400-ml
2026-08-19,Rossmann,Old Spice,Borotválkozás & testápolás,Old Spice Oasis tusfürdő - 400 ml,400 ml,400.0,ml,8006540838761,1400.0,Nincs készleten 1 400 Ft 3 500 Ft/l,https://shop.rossmann.hu/termek/old-spice-oasis-tusfurdo-es-sampon-400-ml
2026-08-19,Rossmann,Old Spice,Borotválkozás & testápolás,Old Spice Original borotválkozás utáni arcszesz - 100 ml,100 ml,100.0,ml,5011321772335,3499.0,Nincs készleten 3 499 Ft 34 990 Ft/l,https://shop.rossmann.hu/termek/old-spice-original-borotvalkozas-utani-arcszesz-100-ml
2026-08-19,Rossmann,Old Spice,Borotválkozás & testápolás,Old Spice Rockstar deo stift - 65 ml,65 ml,65.0,ml,8700216685351,1770.0,Nincs készleten 1 770 Ft 27 231 Ft/l,https://shop.rossmann.hu/termek/old-spice-stick-dezodor-65-ml
2026-08-19,Rossmann,Old Spice,Borotválkozás & testápolás,Old Spice Whitewater tusfürdő - 1000 ml,1000 ml,1000.0,ml,8006540818862,2999.0,3 388 Ft 3 388 Ft/l,https://shop.rossmann.hu/termek/old-spice-whitewater-tusfurdo-1000-ml
2026-08-19,Rossmann,Old Spice,Borotválkozás & testápolás,Old Spice Rockstar tusfürdő - 1000 ml,1000 ml,1000.0,ml,8006530074001,2999.0,3 388 Ft 3 388 Ft/l,https://shop.rossmann.hu/termek/old-spice-rockstar-ferfi-3-az-1-ben-sampon-es-tusfurdo-1000-ml
2026-08-19,Rossmann,Old Spice,Borotválkozás & testápolás,Old Spice Whitewater tusfürdő - 400 ml,400 ml,400.0,ml,8700216856812,1400.0,Nincs készleten 1 400 Ft 3 500 Ft/l,https://shop.rossmann.hu/termek/old-spice-whitewater-tusfurdo-ferfiaknak-400-ml
2026-08-19,Rossmann,Old Spice,Borotválkozás & testápolás,Old spice Bearglove tusfürdő - 675 ml,675 ml,675.0,ml,8006540651063,2223.0,Nincs készleten 2 223 Ft 3 293 Ft/l,https://shop.rossmann.hu/termek/old-spice-bearglove-tusfurdo-675-ml
2026-08-19,Rossmann,Old Spice,Borotválkozás & testápolás,Old Spice Whitewater tusfürdő - 675 ml,675 ml,675.0,ml,8006540280195,2223.0,Nincs készleten 2 223 Ft 3 293 Ft/l,https://shop.rossmann.hu/termek/old-spice-whitewater-tusfurdo-675-ml
2026-08-19,Rossmann,Old Spice,Borotválkozás & testápolás,Old Spice Wolfthorn deo stift - 85 ml,85 ml,85.0,ml,8700216879835,1889.0,2 044 Ft 24 047 Ft/l,https://shop.rossmann.hu/termek/old-spice-wolfthorn-deo-stift-85-ml
2026-08-19,Rossmann,Old Spice,Borotválkozás & testápolás,Old Spice Cold Spice deo gélstift - 70 ml,70 ml,70.0,ml,8006530155557,1675.0,1 702 Ft 24 314 Ft/l,https://shop.rossmann.hu/termek/old-spice-cold-spice-ferfi-izzadasgatlo-geldezodor-70-ml
2026-08-19,Rossmann,Old Spice,Borotválkozás & testápolás,Old Spice Whitewater deo stift - 85 ml,85 ml,85.0,ml,8700216357814,1889.0,2 044 Ft 24 047 Ft/l,https://shop.rossmann.hu/termek/old-spice-whitewater-deo-stift-85-ml
2026-08-19,Rossmann,Old Spice,Borotválkozás & testápolás,Old Spice Cold Spice 3in1 tusfürdő - 400 ml,400 ml,400.0,ml,8006530139311,1429.0,Nincs készleten 1 429 Ft 3 573 Ft/l,https://shop.rossmann.hu/termek/old-spice-cold-spice-ferfi-3-az-1-ben-arcmoso-tusfurdo-es-sampon-400-ml
2026-08-19,Rossmann,Old Spice,Borotválkozás & testápolás,Old Spice Cold Spice spray - 150 ml,150 ml,150.0,ml,8006530101608,1375.0,Nincs készleten 1 375 Ft 9 167 Ft/l,https://shop.rossmann.hu/termek/old-spice-cold-spice-ferfi-izzadasgatlo-spray-150-ml
2026-08-19,Rossmann,Old Spice,Borotválkozás & testápolás,Old Spice Rockstar Big deo spray - 250 ml,250 ml,250.0,ml,8006530342650,1889.0,2 044 Ft 8 176 Ft/l,https://shop.rossmann.hu/termek/ferfi-dezodor-2-ml-old-spice-tomorrowland-special-edition-2026-spray
2026-08-19,Rossmann,Old Spice,Borotválkozás & testápolás,Old Spice Captain tusfürdő - 1000 ml,1000 ml,1000.0,ml,8006540818824,2999.0,3 388 Ft 3 388 Ft/l,https://shop.rossmann.hu/termek/old-spice-captain-tusfurdo-1000-ml
2026-08-19,Rossmann,Old Spice,Borotválkozás & testápolás,Ambi Pur Old Spice autóillatosító - 2 db,2 db,2.0,db,8001841748757,3199.0,Nincs készleten 3 199 Ft 799 750 Ft/l,https://shop.rossmann.hu/termek/ambi-pur-car-old-spice-autoillatosito-kezdokeszlet-2-db
2026-08-19,Rossmann,Old Spice,Borotválkozás & testápolás,Old Spice Rockstar Big deo stift - 85 ml,85 ml,85.0,ml,8006530345729,1889.0,2 044 Ft 24 047 Ft/l,https://shop.rossmann.hu/termek/ferfi-dezodor-2-ml-old-spice-tomorrowland-special-edition-2026-stift
2026-08-19,Rossmann,Old Spice,Borotválkozás & testápolás,Old Spice Bearglove deo spray - 200 ml,200 ml,200.0,ml,8700216634052,1770.0,Nincs készleten 1 770 Ft 8 850 Ft/l,https://shop.rossmann.hu/termek/old-spice-bearglove-dezodor-spray-ferfiaknak-200-ml
2026-08-19,Rossmann,Old Spice,Borotválkozás & testápolás,Old Spice Bearglove deo spray - 250 ml,250 ml,250.0,ml,8700216752497,1889.0,2 044 Ft 8 176 Ft/l,https://shop.rossmann.hu/termek/old-spice-bearglove-dezodor-spray-ferfiaknak-250-ml
2026-08-19,Rossmann,Old Spice,Borotválkozás & testápolás,Old Spice Bearglove 3 az 1-ben sampon és tusfürdő - 1000 ml,1000 ml,1000.0,ml,8700216610933,2999.0,3 388 Ft 3 388 Ft/l,https://shop.rossmann.hu/termek/old-spice-bearglove-ferfi-3-az-1-ben-sampon-es-tusfurdo-1000-ml
2026-08-19,Rossmann,Old Spice,Borotválkozás & testápolás,Old Spice Bearglove tusfürdő - 400 ml,400 ml,400.0,ml,8001090533869,1400.0,Nincs készleten 1 400 Ft 3 500 Ft/l,https://shop.rossmann.hu/termek/old-spice-bearglove-ferfi-tusfurdo-400-ml
2026-08-19,Rossmann,Old Spice,Borotválkozás & testápolás,Old Spice Bearglove deo stift - 85 ml,85 ml,85.0,ml,8700216752466,1889.0,2 044 Ft 24 047 Ft/l,https://shop.rossmann.hu/termek/old-spice-bearglove-stick-dezodor-85-ml
2026-08-19,Rossmann,Old Spice,Borotválkozás & testápolás,Old Spice Bearglove deo stift - 65 ml,65 ml,65.0,ml,8700216685429,1770.0,Nincs készleten 1 770 Ft 27 231 Ft/l,https://shop.rossmann.hu/termek/old-spice-bearglove-stift-dezodor-ferfiaknak-65-ml
2026-08-19,Rossmann,Old Spice,Borotválkozás & testápolás,Old Spice Captain deo spray - 200 ml,200 ml,200.0,ml,8700216633956,1770.0,Nincs készleten 1 770 Ft 8 850 Ft/l,https://shop.rossmann.hu/termek/old-spice-captain-dezodor-spray-ferfiaknak-200-ml
2026-08-19,Rossmann,Old Spice,Borotválkozás & testápolás,Old Spice Captain deo gélstift - 70 ml,70 ml,70.0,ml,8006530030397,1675.0,1 702 Ft 24 314 Ft/l,https://shop.rossmann.hu/termek/old-spice-captain-izzadasgatlo-gel-ferfiaknak-70-ml
2026-08-19,Rossmann,Old Spice,Borotválkozás & testápolás,Old Spice Captain deo stift - 65 ml,65 ml,65.0,ml,8700216685535,1770.0,Nincs készleten 1 770 Ft 27 231 Ft/l,https://shop.rossmann.hu/termek/old-spice-captain-stift-dezodor-ferfiaknak-65-ml
2026-08-19,Rossmann,Old Spice,Borotválkozás & testápolás,Old Spice Deep Sea deo spray - 250 ml,250 ml,250.0,ml,8700216275781,1889.0,2 044 Ft 8 176 Ft/l,https://shop.rossmann.hu/termek/old-spice-deep-sea-deo-spray-ferfiaknak-250-ml
2026-08-19,Rossmann,Old Spice,Borotválkozás & testápolás,Old Spice Deep Sea deo spary - 200 ml,200 ml,200.0,ml,8700216634366,1770.0,Nincs készleten 1 770 Ft 8 850 Ft/l,https://shop.rossmann.hu/termek/old-spice-deep-sea-dezodor-spray-ferfiaknak-200-ml
2026-08-19,Rossmann,Old Spice,Borotválkozás & testápolás,Old Spice Deep Sea tusfürdő - 675 ml,675 ml,675.0,ml,8700216011365,2223.0,Nincs készleten 2 223 Ft 3 293 Ft/l,https://shop.rossmann.hu/termek/old-spice-deep-sea-ferfi-sampon-es-tusfurdo-hosszan-tarto-frissesseg-675-ml
2026-08-19,Rossmann,Old Spice,Borotválkozás & testápolás,Old Spice Deep Sea deo stift - 85 ml,85 ml,85.0,ml,8006540955871,1889.0,2 044 Ft 24 047 Ft/l,https://shop.rossmann.hu/termek/old-spice-deep-sea-ferfi-stift-dezodor-85-ml
2026-08-19,Rossmann,Old Spice,Borotválkozás & testápolás,Old Spice Deep Sea deo stift - 65 ml,65 ml,65.0,ml,8700216685382,1770.0,Nincs készleten 1 770 Ft 27 231 Ft/l,https://shop.rossmann.hu/termek/old-spice-deep-sea-stift-dezodor-ferfiaknak-65-ml
2026-08-19,Rossmann,Old Spice,Borotválkozás & testápolás,Old Spice Rockstar deo spray - 200 ml,200 ml,200.0,ml,8700216634243,1770.0,Nincs készleten 1 770 Ft 8 850 Ft/l,https://shop.rossmann.hu/termek/old-spice-dezodor-spray-200-ml
2026-08-19,Rossmann,Old Spice,Borotválkozás & testápolás,Old Spice Epic 3 az 1-ben sampon és tusfürdő - 1000 ml,1000 ml,1000.0,ml,8006530074018,2999.0,3 388 Ft 3 388 Ft/l,https://shop.rossmann.hu/termek/old-spice-epic-ferfi-3-az-1-ben-sampon-es-tusfurdo-1000-ml
2026-08-19,Rossmann,Old Spice,Borotválkozás & testápolás,Old Spice Epic Legend deo spray - 200 ml,200 ml,200.0,ml,8700216634335,1770.0,Nincs készleten 1 770 Ft 8 850 Ft/l,https://shop.rossmann.hu/termek/old-spice-epic-legend-dezodor-spray-ferfiaknak-200-ml
2026-08-19,Rossmann,Old Spice,Borotválkozás & testápolás,Old Spice Epic Legend deo stift - 65 ml,65 ml,65.0,ml,8700216685306,1770.0,Nincs készleten 1 770 Ft 27 231 Ft/l,https://shop.rossmann.hu/termek/old-spice-epic-legend-stift-dezodor-ferfiaknak-65-ml
2026-08-19,Rossmann,Old Spice,Borotválkozás & testápolás,Old Spice Night Panther deo spray - 250 ml,250 ml,250.0,ml,8700216752459,1889.0,2 044 Ft 8 176 Ft/l,https://shop.rossmann.hu/termek/old-spice-night-panther-deo-spray-ferfiaknak-250-ml
2026-08-19,Rossmann,Old Spice,Borotválkozás & testápolás,Old Spice Night Panther 3 az 1-ben sampon és tusfürdő - 675 ml,675 ml,675.0,ml,8700216011341,2223.0,Nincs készleten 2 223 Ft 3 293 Ft/l,https://shop.rossmann.hu/termek/old-spice-night-panther-ferfi-3-az-1-ben-sampon-es-tusfurdo-675-ml
2026-08-19,Rossmann,Old Spice,Borotválkozás & testápolás,Old Spice Night Panther tusfürdő - 1000 ml,1000 ml,1000.0,ml,8700216452670,2999.0,3 388 Ft 3 388 Ft/l,https://shop.rossmann.hu/termek/old-spice-night-panther-ferfi-sampon-es-tusfurdo-1000-ml
2026-08-19,Rossmann,Old Spice,Borotválkozás & testápolás,Old Spice Night Panther deo stift - 85 ml,85 ml,85.0,ml,8700216752527,1889.0,2 044 Ft 24 047 Ft/l,https://shop.rossmann.hu/termek/old-spice-night-panther-ferfi-stift-dezodor-85-ml
2026-08-19,Rossmann,Old Spice,Borotválkozás & testápolás,Old Spice Oasis deo stift - 3 db,3 db,3.0,db,8700216827225,3233.0,Nincs készleten 3 233 Ft 21 553 Ft/l,https://shop.rossmann.hu/termek/old-spice-oasis-stift-stift-dezodor-3-db-150-ml
2026-08-19,Rossmann,Old Spice,Borotválkozás & testápolás,Old Spice Original deo spray - 200 ml,200 ml,200.0,ml,8700216634458,1770.0,Nincs készleten 1 770 Ft 8 850 Ft/l,https://shop.rossmann.hu/termek/old-spice-original-dezodor-spray-ferfiaknak-200-ml
2026-08-19,Rossmann,Old Spice,Borotválkozás & testápolás,Old Spice Original deo stift - 65 ml,65 ml,65.0,ml,8700216685283,1770.0,Nincs készleten 1 770 Ft 27 231 Ft/l,https://shop.rossmann.hu/termek/old-spice-original-stift-dezodor-ferfiaknak-65-ml
2026-08-19,Rossmann,Old Spice,Borotválkozás & testápolás,Old Spice Rockstar tusfürdő - 400 ml,400 ml,400.0,ml,8700216232746,1400.0,Nincs készleten 1 400 Ft 3 500 Ft/l,https://shop.rossmann.hu/termek/old-spice-rockstart-tusfurdo-400-ml
2026-08-19,Rossmann,Old Spice,Borotválkozás & testápolás,Old Spice Tiger Claw deo spray - 200 ml,200 ml,200.0,ml,8700216634168,1770.0,Nincs készleten 1 770 Ft 8 850 Ft/l,https://shop.rossmann.hu/termek/old-spice-tiger-claw-deo-spray-ferfiaknak-200-ml
2026-08-19,Rossmann,Old Spice,Borotválkozás & testápolás,Old Spice Tiger Claw deo stift - 65 ml,65 ml,65.0,ml,8700216685207,1770.0,Nincs készleten 1 770 Ft 27 231 Ft/l,https://shop.rossmann.hu/termek/old-spice-tiger-claw-ferfi-stift-dezodor-65-ml
2026-08-19,Rossmann,Old Spice,Borotválkozás & testápolás,Old Spice Tiger Claw tusfürdő - 400 ml,400 ml,400.0,ml,8006540456484,1400.0,Nincs készleten 1 400 Ft 3 500 Ft/l,https://shop.rossmann.hu/termek/old-spice-tigerclaw-tusfurdo-400-ml
2026-08-19,Rossmann,Old Spice,Borotválkozás & testápolás,Old Spice Captain tusfürdő - 400 ml,400 ml,400.0,ml,8700216859820,1400.0,Nincs készleten 1 400 Ft 3 500 Ft/l,https://shop.rossmann.hu/termek/old-spice-tusfurdo-captain-400-ml
2026-08-19,Rossmann,Old Spice,Borotválkozás & testápolás,Old Spice Whitewater deo spray - 250 ml,250 ml,250.0,ml,8700216875677,1889.0,2 044 Ft 8 176 Ft/l,https://shop.rossmann.hu/termek/old-spice-whitewater-dezodor-250-ml
2026-08-19,Rossmann,Old Spice,Borotválkozás & testápolás,Old Spice Whitewater deo spray - 200 ml,200 ml,200.0,ml,8700216634212,1770.0,Nincs készleten 1 770 Ft 8 850 Ft/l,https://shop.rossmann.hu/termek/old-spice-whitewater-dezodor-spray-ferfiaknak-200-ml
2026-08-19,Rossmann,Old Spice,Borotválkozás & testápolás,Old Spice Whitewater deo gélstift - 70 ml,70 ml,70.0,ml,8006530030014,1675.0,1 702 Ft 24 314 Ft/l,https://shop.rossmann.hu/termek/old-spice-whitewater-izzadasgatlo-gel-stift-ferfiaknak-70-ml
2026-08-19,Rossmann,Old Spice,Borotválkozás & testápolás,Old Spice Whitewater deo stift - 65 ml,65 ml,65.0,ml,8700216685177,1770.0,Nincs készleten 1 770 Ft 27 231 Ft/l,https://shop.rossmann.hu/termek/old-spice-whitewater-stift-dezodor-ferfiaknak-65-ml
2026-08-19,Rossmann,Old Spice,Borotválkozás & testápolás,Old Spice Wolfthorn deo spray - 250 ml,250 ml,250.0,ml,8700216875738,1889.0,2 044 Ft 8 176 Ft/l,https://shop.rossmann.hu/termek/old-spice-wolfthorn-dezodor-250-ml
2026-08-19,Rossmann,Old Spice,Borotválkozás & testápolás,Old Spice Wolfthorn deo spray - 200 ml,200 ml,200.0,ml,8700216634403,1770.0,Nincs készleten 1 770 Ft 8 850 Ft/l,https://shop.rossmann.hu/termek/old-spice-wolfthorn-dezodor-spray-ferfiaknak-200-ml
2026-08-19,Rossmann,Old Spice,Borotválkozás & testápolás,Old Spice Wolfthorn tusfürdő - 1000 ml,1000 ml,1000.0,ml,8700216452588,2999.0,3 388 Ft 3 388 Ft/l,https://shop.rossmann.hu/termek/old-spice-wolfthorn-ferfi-tusfurdo-1000-ml
2026-08-19,Rossmann,Old Spice,Borotválkozás & testápolás,Old Spice Wolfthorn deo stift - 65 ml,65 ml,65.0,ml,8700216685504,1770.0,Nincs készleten 1 770 Ft 27 231 Ft/l,https://shop.rossmann.hu/termek/old-spice-wolfthorn-stift-dezodor-ferfiaknak-65-ml
2026-08-19,Rossmann,Old Spice,Borotválkozás & testápolás,Old Spice Wolfthorn tusfürdő - 400 ml,400 ml,400.0,ml,4084500978973,1429.0,Nincs készleten 1 429 Ft 3 573 Ft/l,https://shop.rossmann.hu/termek/old-spice-wolfthorn-tusfurdo-400-ml
2026-08-19,Rossmann,Oral-B,Szájápolás,Oral-B KIDS 0+ fogkefe - 1 db,1 db,1.0,db,8700216749497,828.0,Nincs készleten 828 Ft 828 Ft/db,https://shop.rossmann.hu/termek/oral-b-stages-3-disney-pixar-fogkefe-wall-e-disney-hercegno-dizajnnal-5-7-eves-gyermekek-szamara
2026-08-19,Rossmann,Oral-B,Szájápolás,Oral-B Pro 1 – 790 elektromos fogkefe - 2 db,2 db,2.0,db,8006540789193,34999.0,Nincs készleten 34 999 Ft 17 500 Ft/db,https://shop.rossmann.hu/termek/oral-b-pro-1-790-elektromos-fogkefe-2-db
2026-08-19,Rossmann,Oral-B,Szájápolás,Oral-B Pro Clean Advance fogkefe - 2 db,2 db,2.0,db,8700216445481,1456.0,Nincs készleten 1 456 Ft 728 Ft/db,https://shop.rossmann.hu/termek/oral-b-fogkefe-pro-expert-kozepes-2-db
2026-08-19,Rossmann,Oral-B,Szájápolás,Oral-B Pro Cross Action fogkefefej - 8 db,8 db,8.0,db,8006540847855,13999.0,Nincs készleten 13 999 Ft 1 750 Ft/db,https://shop.rossmann.hu/termek/oral-b-pro-cross-action-fogkefefej-8-db
2026-08-19,Rossmann,Oral-B,Szájápolás,Oral-B Pro Cross Action fogkefefej /fekete - 4 db,4 db,4.0,db,8006540847671,7499.0,Nincs készleten 7 499 Ft 1 875 Ft/db,https://shop.rossmann.hu/termek/oral-b-pro-cross-action-fogkefefej-fekete-4-db
2026-08-19,Rossmann,Oral-B,Szájápolás,Oral-B Pro Kids Frozen elektromos fogkefe + utazótok - 1 db,1 db,1.0,db,8006540773338,19999.0,Nincs készleten 19 999 Ft 19 999 Ft/db,https://shop.rossmann.hu/termek/vitality-d100-kfrozen-ii-exclusive-travel-case-1-db
2026-08-19,Rossmann,Oral-B,Szájápolás,Oral-B Pro Precision Clean elektromos fogkefe pótfej - 6 db,6 db,6.0,db,8006540847466,10599.0,Nincs készleten 10 599 Ft 1 767 Ft/db,https://shop.rossmann.hu/termek/oral-b-pro-precision-clean-elektromos-fogkefe-potfej-6-db
2026-08-19,Rossmann,Oral-B,Szájápolás,Oral-B Pro Sensitive Clean fogkefefej - 2 db,2 db,2.0,db,8006540847923,4999.0,Nincs készleten 4 999 Ft 2 500 Ft/db,https://shop.rossmann.hu/termek/oral-b-pro-sensitive-clean-fogkefefej-2-db
2026-08-19,Rossmann,Oral-B,Szájápolás,Oral-B Pro Sensitive Clean fogkefefej - 4 db,4 db,4.0,db,8006540847961,7499.0,Nincs készleten 7 499 Ft 1 875 Ft/db,https://shop.rossmann.hu/termek/oral-b-pro-sensitive-clean-fogkefefej-4-db
2026-08-19,Rossmann,Oral-B,Szájápolás,Oral-B Pro Sensitive Clean fogkefefej - 8 db,8 db,8.0,db,8006540848036,13999.0,Nincs készleten 13 999 Ft 1 750 Ft/db,https://shop.rossmann.hu/termek/oral-b-pro-sensitive-clean-fogkefefej-8-db
2026-08-19,Rossmann,Oral-B,Szájápolás,"Oral-B Pro Series 1 elektromos fogkefe, kék - 1 db",1 db,1.0,db,8001090916464,20499.0,Nincs készleten 20 499 Ft 20 499 Ft/db,https://shop.rossmann.hu/termek/oral-b-pro-series-1-elektromos-fogkefe-kek-1-db
2026-08-19,Rossmann,Oral-B,Szájápolás,Oral-B iO 2 elektromos fogkefe /világos rózsaszín - 1 db,1 db,1.0,db,8700216611831,31999.0,Nincs készleten 31 999 Ft 31 999 Ft/db,https://shop.rossmann.hu/termek/oral-b-io-2-elektromos-fogkefe-vilagos-rozsaszin-1-db
2026-08-19,Rossmann,Oral-B,Szájápolás,Oral-B iO 2 elektromos fogkefe /éjfekete - 1 db,1 db,1.0,db,8700216614931,31999.0,Nincs készleten 31 999 Ft 31 999 Ft/db,https://shop.rossmann.hu/termek/oral-b-io-2-elektromos-fogkefe-ejfekete-1-db
2026-08-19,Rossmann,Oral-B,Szájápolás,Oral-B iO 3 elektromos fogkefe /jég kék - 1 db,1 db,1.0,db,8006540731321,35999.0,Nincs készleten 35 999 Ft 35 999 Ft/db,https://shop.rossmann.hu/termek/oral-b-io-3-elektromos-fogkefe-jeg-kek-1-db
2026-08-19,Rossmann,Oral-B,Szájápolás,Oral-B iO 2 elektromos fogkefe /éjfekete és erdőzöld - 2 db,2 db,2.0,db,8006530016636,59999.0,Nincs készleten 59 999 Ft 30 000 Ft/db,https://shop.rossmann.hu/termek/oral-b-io-2-elektromos-fogkefe-ejfekete-es-erdozold-2-db
2026-08-19,Rossmann,Oral-B,Szájápolás,"Oral-B iO 5 elektromos fogkefe, fekete - 1 db",1 db,1.0,db,4210201415367,71999.0,Nincs készleten 71 999 Ft 71 999 Ft/db,https://shop.rossmann.hu/termek/oral-b-io-5-elektromos-fogkefe-fekete-1-db
2026-08-19,Rossmann,Oral-B,Szájápolás,Oral-B iO Gentle Care fogkefefej /fekete - 4 db,4 db,4.0,db,8700216199346,17499.0,Nincs készleten 17 499 Ft 4 375 Ft/db,https://shop.rossmann.hu/termek/oral-b-io-gentle-care-fogkefefej-fekete-4-db
2026-08-19,Rossmann,Oral-B,Szájápolás,Oral-B iO Kids 6+ Stitch elektromos fogkefe + utazótok - 1 db,1 db,1.0,db,8700216932479,31999.0,Nincs készleten 31 999 Ft 31 999 Ft/db,https://shop.rossmann.hu/termek/oral-b-io-kids-disney-stitch-elektromos-fogkefe-1-db-fogkefefej-1-db-utazotok
2026-08-19,Rossmann,Oral-B,Szájápolás,Oral-B iO Radiant White fogkefefej - 4 db,4 db,4.0,db,8700216199254,17499.0,Nincs készleten 17 499 Ft 4 375 Ft/db,https://shop.rossmann.hu/termek/oral-b-io-radiant-white-fogkefefej-4-db
2026-08-19,Rossmann,Oral-B,Szájápolás,Oral-B iO6 Black elektromos fogkefe + utazótok + pótfejtartó - 1 db,1 db,1.0,db,4210201409199,73999.0,Nincs készleten 73 999 Ft 73 999 Ft/db,https://shop.rossmann.hu/termek/oral-b-io6-elektromos-fogkefe-black-1-db
2026-08-19,Rossmann,Oral-B,Szájápolás,Oral-B Pro Series 1 elektromos fogkefe + utazótok - 1 db,1 db,1.0,db,8001090914316,22999.0,Nincs készleten 22 999 Ft 22 999 Ft/db,https://shop.rossmann.hu/termek/oral-b-pro-750-design-edition-elektromos-fogkefe-1-db
2026-08-19,Rossmann,Oral-B,Szájápolás,Oral-B iO6 White elektromos fogkefe + utazótok + pótfejtartó -1 db,1 db,1.0,db,4210201438069,73999.0,Nincs készleten 73 999 Ft 73 999 Ft/db,https://shop.rossmann.hu/termek/oral-b-io6-white-elektromos-fogkefe-1-db
2026-08-19,Rossmann,Oral-B,Szájápolás,"Oral-B Vitality Pro elektromos fogkefe, fekete - 1 db",1 db,1.0,db,4210201427124,15499.0,Nincs készleten 15 499 Ft 15 499 Ft/db,https://shop.rossmann.hu/termek/oral-b-vitality-pro-elektromos-fogkefe-fekete-1-db
2026-08-19,Rossmann,Oral-B,Szájápolás,Oral-B Pro 1 900 Cross Action elektromos fogkefe /pink - 1 db,1 db,1.0,db,8001090918277,20499.0,Nincs készleten 20 499 Ft 20 499 Ft/db,https://shop.rossmann.hu/termek/oral-b-pro-1-900-cross-action-elektromos-fogkefe-pink-1-db
2026-08-19,Rossmann,Oral-B,Szájápolás,Oral-B 3D White Advanced Luxe Perfection Fresh fogkrém - 75 ml,75 ml,75.0,ml,8700216922739,1119.0,Nincs készleten 1 119 Ft 14 920 Ft/l,https://shop.rossmann.hu/termek/oral-b-3d-white-advanced-luxe-perfection-fresh-fogkrem-eukaliptusz-es-menta-75-ml
2026-08-19,Rossmann,Oral-B,Szájápolás,Oral-B PRO-3D White Medium fogkefe - 2 db,2 db,2.0,db,8700216459761,1303.0,Nincs készleten 1 303 Ft 652 Ft/db,https://shop.rossmann.hu/termek/oral-b-3d-white-advantage-medium-fogkefe-2-db
2026-08-19,Rossmann,Oral-B,Szájápolás,Oral-B Junior Star Wars fogkefe 6 éves kortól - 1 db,1 db,1.0,db,8700216749466,828.0,Nincs készleten 828 Ft 828 Ft/db,https://shop.rossmann.hu/termek/oral-b-6-12-ev-star-wars-fogkefe-1-db
2026-08-19,Rossmann,Oral-B,Szájápolás,Oral B Advanced Enamel Strenghtening fogkrém 2x75ml - 150 ml,150 ml,150.0,ml,8006530444248,1678.0,Nincs készleten 1 678 Ft 11 187 Ft/l,https://shop.rossmann.hu/termek/oral-b-advanced-enamel-strenghtening-fogkrem-2x75ml-150-ml
2026-08-19,Rossmann,Oral-B,Szájápolás,Oral-B Advanced Healthy Whitening Arctic Fresh fogkrém - 75 ml,75 ml,75.0,ml,8006530090971,1119.0,Nincs készleten 1 119 Ft 14 920 Ft/l,https://shop.rossmann.hu/termek/oral-b-advanced-healthy-whitening-arctic-fresh-fogkrem-75-ml
2026-08-19,Rossmann,Oral-B,Szájápolás,Oral-B Aquacare 6 pro expert elektromos szájzuhany - 1 db,1 db,1.0,db,8006540839621,56299.0,Nincs készleten 56 299 Ft 56 299 Ft/db,https://shop.rossmann.hu/termek/oral-b-aquacare-6-pro-expert-elektromos-szajzuhany-1-db
2026-08-19,Rossmann,Oral-B,Szájápolás,Oral-B Advanced Sensitivity Protection Calm Sensation fogkrém - 75 ml,75 ml,75.0,ml,8006530091039,1119.0,Nincs készleten 1 119 Ft 14 920 Ft/l,https://shop.rossmann.hu/termek/oral-b-advanced-sensitivity-protection-calm-sensation-fogkrem-75-ml
2026-08-19,Rossmann,Oral-B,Szájápolás,Oral-B Complete Extra White fogkrém - 75 ml,75 ml,75.0,ml,8006530254779,697.0,Nincs készleten 697 Ft 9 293 Ft/l,https://shop.rossmann.hu/termek/oral-b-complete-extra-white-fogkrem-antibakterialis-cinkkel-volumeloc-ml
2026-08-19,Rossmann,Oral-B,Szájápolás,Oral-B Complete Ultimate Fresh fogkrém - 75 ml,75 ml,75.0,ml,8006530254854,697.0,Nincs készleten 697 Ft 9 293 Ft/l,https://shop.rossmann.hu/termek/oral-b-complete-ultimate-fresh-fogkrem-antibakterialis-cinkkel-volumeloc-ml
2026-08-19,Rossmann,Oral-B,Szájápolás,Oral-B Easy Clean fogselyem pálcika - 75 db,75 db,75.0,db,8006530184410,1199.0,1 499 Ft 20 Ft/db,https://shop.rossmann.hu/termek/oral-b-easy-clean-fogselyem-palcika-75-db
2026-08-19,Rossmann,Oral-B,Szájápolás,Oral B Essential Floss Waxed Mint fogselyem 2x50 m - 1 db,1 db,1.0,db,8006530045995,2499.0,Nincs készleten 2 499 Ft 2 499 Ft/db,https://shop.rossmann.hu/termek/oral-b-essential-floss-viaszolt-fogselyem-szuk-helyekhez-mentolos-izesites-2-x-50-m
2026-08-19,Rossmann,Oral-B,Szájápolás,Oral B Essential Mint fogselyem - 50 m,,,,8006530045667,1359.0,1 699 Ft 34 Ft/m,https://shop.rossmann.hu/termek/oral-b-essential-floss-viaszos-fogselyem-szuk-helyekhez-mentolos-izesites-50-m
2026-08-19,Rossmann,Oral-B,Szájápolás,Oral-B iO Series Gentle Care elektromos fogkefe pótfej - 4 db,4 db,4.0,db,8700216199438,17499.0,Nincs készleten 17 499 Ft 4 375 Ft/db,https://shop.rossmann.hu/termek/oral-b-gentle-care-io-elektromos-fogkefe-potfej-4-db
2026-08-19,Rossmann,Oral-B,Szájápolás,Oral-B iO 5 elektromos fogkefe /rózsaszín - 1 db,1 db,1.0,db,8700216011464,71999.0,Nincs készleten 71 999 Ft 71 999 Ft/db,https://shop.rossmann.hu/termek/oral-b-io-5-elektromos-fogkefe-rozsaszin-1-db
2026-08-19,Rossmann,Oral-B,Szájápolás,Oral-B iO 3 elektromos fogkefe /fehér - 1 db,1 db,1.0,db,8006530054119,35999.0,Nincs készleten 35 999 Ft 35 999 Ft/db,https://shop.rossmann.hu/termek/oral-b-io-3-elektromos-fogkefe-letisztult-feher-1-db-fogkefefej
2026-08-19,Rossmann,Oral-B,Szájápolás,Oral-B iO 2 elektromos fogkefe /éjfekete - 1 db,1 db,1.0,db,8700216611923,35999.0,Nincs készleten 35 999 Ft 35 999 Ft/db,https://shop.rossmann.hu/termek/oral-b-io-2-elektromos-fogkefe-ejfekete
2026-08-19,Rossmann,Oral-B,Szájápolás,Oral-B iO 9 elektromos fogkefe utazótokkal /fekete - 1 db,1 db,1.0,db,4210201449485,129999.0,Nincs készleten 129 999 Ft 129 999 Ft/db,https://shop.rossmann.hu/termek/oral-b-io-9-elektromos-fogkefe-fekete-1-db-fogkefefej-toltos-utazotok
2026-08-19,Rossmann,Oral-B,Szájápolás,Oral-B iO 9 elektromos fogkefe utazótokkal /rózsakvarc - 1 db,1 db,1.0,db,8700216013420,129999.0,Nincs készleten 129 999 Ft 129 999 Ft/db,https://shop.rossmann.hu/termek/oral-b-io-9-elektromos-fogkefe-rozsaszin-1-db-fogkefefej-toltos-utazotok
2026-08-19,Rossmann,Oral-B,Szájápolás,Oral-B iO Kids 6+ Stitch elektromos fogkefe pótfej - 4 db,4 db,4.0,db,8700216930710,16999.0,Nincs készleten 16 999 Ft 4 250 Ft/db,https://shop.rossmann.hu/termek/oral-b-io-kids-6-disney-stitch-elektromos-fogkefefej-gyenged-a-mozgo-fogakhoz-es-a-foginyhez-4
2026-08-19,Rossmann,Oral-B,Szájápolás,Oral-B iO Kids 6+ Marvel Pókember elektromos fogkefefej - 4 db,4 db,4.0,db,8700216930260,16999.0,Nincs készleten 16 999 Ft 4 250 Ft/db,https://shop.rossmann.hu/termek/oral-b-io-kids-6-marvel-pokember-elektromos-fogkefefej-gyenged-a-mozgo-fogakhoz-es-a-foginyhez
2026-08-19,Rossmann,Oral-B,Szájápolás,Oral-B iO Series Ultimate Clean elektromos fogkefe pótfej - 4 db,4 db,4.0,db,8700216199483,17499.0,Nincs készleten 17 499 Ft 4 375 Ft/db,https://shop.rossmann.hu/termek/oral-b-io-series-ultimate-clean-elektromos-fogkefe-potfej-4-db
2026-08-19,Rossmann,Oral-B,Szájápolás,Oral-B iO Series Ultimate Clean Black elektromos fogkefe pótfej - 6 db,6 db,6.0,db,8700216199179,22499.0,Nincs készleten 22 499 Ft 3 750 Ft/db,https://shop.rossmann.hu/termek/oral-b-io-series-ultimate-clean-fekete-eredeti-fogkefefej-crisscross-sortek-6
2026-08-19,Rossmann,Oral-B,Szájápolás,Oral-B iO Series Ultimate Clean elektromos fogkefe pótfej - 6 db,6 db,6.0,db,8700216199223,22499.0,Nincs készleten 22 499 Ft 3 750 Ft/db,https://shop.rossmann.hu/termek/oral-b-io-series-ultimate-clean-elektromos-fogkefe-potfej-6-db
2026-08-19,Rossmann,Oral-B,Szájápolás,Oral-B iO Series Interdental Clean elektromos fogkefe pótfej - 2 db,2 db,2.0,db,8700216375399,10599.0,Nincs készleten 10 599 Ft 5 300 Ft/db,https://shop.rossmann.hu/termek/oral-b-io-specialised-clean-fogkefefej-2-db
2026-08-19,Rossmann,Oral-B,Szájápolás,Oral-B Series Ultimate Clean elektromos fogkefe pótfej - 4 db,4 db,4.0,db,8700216199513,17499.0,Nincs készleten 17 499 Ft 4 375 Ft/db,https://shop.rossmann.hu/termek/oral-b-io-ultimate-clean-elektromos-fogkefe-potfej-4-db
2026-08-19,Rossmann,Oral-B,Szájápolás,Oral-B Kids Lion King fogkrém 6 éves kortól - 60 ml,60 ml,60.0,ml,8006530024402,778.0,Nincs készleten 778 Ft 12 967 Ft/l,https://shop.rossmann.hu/termek/oral-b-kids-6-6-eves-gyermekeknek-az-oroszlankiraly-fogkrem-natrium-fluoriddal-ml
2026-08-19,Rossmann,Oral-B,Szájápolás,Oral-B Kids Frozen 2 elektromos fogkefe pótfej - 4 db,4 db,4.0,db,4210201385233,8499.0,Nincs készleten 8 499 Ft 2 125 Ft/db,https://shop.rossmann.hu/termek/oral-b-kids-frozen-2-elektromos-fogkefe-potfej-4-db
2026-08-19,Rossmann,Oral-B,Szájápolás,Oral-B Kids Lion King elektromos fogkefe + utazótok - 1 db,1 db,1.0,db,8700216297172,19999.0,Nincs készleten 19 999 Ft 19 999 Ft/db,https://shop.rossmann.hu/termek/oral-b-kids-lion-king-elektromos-fogkefe-utitok-1-db
2026-08-19,Rossmann,Oral-B,Szájápolás,Oral-B Lion King Kids 3+ elektromos fogkefe pótfej - 4 db,4 db,4.0,db,8700216302074,8499.0,Nincs készleten 8 499 Ft 2 125 Ft/db,https://shop.rossmann.hu/termek/oral-b-lion-king-kids-3-elektromos-fogkefe-potfej-4-db
2026-08-19,Rossmann,Oral-B,Szájápolás,Oral-B Pro 3D White Clinical Bright Brilliance fogkrém - 75 ml,75 ml,75.0,ml,8700216922807,1494.0,Nincs készleten 1 494 Ft 19 920 Ft/l,https://shop.rossmann.hu/termek/oral-b-pro-3d-white-clinical-bright-brilliance-fogkrem-75-ml
2026-08-19,Rossmann,Oral-B,Szájápolás,Oral-B Pro 3D White Clinical Radiant White fogkrém - 75 ml,75 ml,75.0,ml,8700216922838,1493.0,Nincs készleten 1 493 Ft 19 907 Ft/l,https://shop.rossmann.hu/termek/oral-b-pro-3d-white-clinical-radiant-white-fogkrem-75-ml
2026-08-19,Rossmann,Oral-B,Szájápolás,Oral-B Pro 3D White elektromos fogkefe pótfej - 4 db,4 db,4.0,db,8006540847213,8899.0,Nincs készleten 8 899 Ft 2 225 Ft/db,https://shop.rossmann.hu/termek/oral-b-pro-3d-white-fogkefefejek-4-db
2026-08-19,Rossmann,Oral-B,Szájápolás,Oral-B Pro Cross Action elektromos fogkefe pótfej - 6 db,6 db,6.0,db,8006540847879,12299.0,Nincs készleten 12 299 Ft 2 050 Ft/db,https://shop.rossmann.hu/termek/oral-b-pro-cross-action-elektromos-fogkefe-potfej-6-db
2026-08-19,Rossmann,Oral-B,Szájápolás,Oral-B Pro-Expert Fresh Breath fogkrém - 75 ml,75 ml,75.0,ml,8006530090476,786.0,Nincs készleten 786 Ft 10 480 Ft/l,https://shop.rossmann.hu/termek/oral-b-pro-expert-fresh-breath-fogkrem-75-ml
2026-08-19,Rossmann,Oral-B,Szájápolás,Oral-B Pro-Expert Gentle Whitening fogkrém - 75 ml,75 ml,75.0,ml,8006530090537,786.0,Nincs készleten 786 Ft 10 480 Ft/l,https://shop.rossmann.hu/termek/oral-b-pro-expert-gentle-whitening-fogkrem-75-ml
2026-08-19,Rossmann,Oral-B,Szájápolás,Oral B Pro-Expert Gentle White fogkrém 2x75ml - 150 ml,150 ml,150.0,ml,8006530444187,1178.0,Nincs készleten 1 178 Ft 7 853 Ft/l,https://shop.rossmann.hu/termek/oral-b-pro-expert-gentle-white-fogkrem-2x75ml-150-ml
2026-08-19,Rossmann,Oral-B,Szájápolás,Oral-B Pro-Expert Professional Protection fogkrém - 75 ml,75 ml,75.0,ml,8006530090674,786.0,Nincs készleten 786 Ft 10 480 Ft/l,https://shop.rossmann.hu/termek/oral-b-pro-expert-professional-protection-fogkrem-75-ml-3
2026-08-19,Rossmann,Oral-B,Szájápolás,Oral-B Pro-Expert Sensitive fogkrém 2x75ml - 150 ml,150 ml,150.0,ml,8006530444224,1178.0,Nincs készleten 1 178 Ft 7 853 Ft/l,https://shop.rossmann.hu/termek/oral-b-pro-expert-sensitive-fogkrem-2x75ml-150-ml
2026-08-19,Rossmann,Oral-B,Szájápolás,Oral-B Pro-Expert Sensitive Calm Sensation fogkrém - 75 ml,75 ml,75.0,ml,8006530090773,786.0,Nincs készleten 786 Ft 10 480 Ft/l,https://shop.rossmann.hu/termek/oral-b-pro-expert-sensitive-calm-sensation-fogkrem-75-ml
2026-08-19,Rossmann,Oral-B,Szájápolás,Oral-B Pro Junior gyermek fogkrém 6-12 évesek korig - 75 ml,75 ml,75.0,ml,8700216089654,778.0,Nincs készleten 778 Ft 10 373 Ft/l,https://shop.rossmann.hu/termek/oral-b-pro-junior-gyermek-fogkrem-6-12-evesek-korig-75-ml
2026-08-19,Rossmann,Oral-B,Szájápolás,Oral-B Pro Kids Jégvarázs elektromos fogkefe 3 éves kortól - 1 db,1 db,1.0,db,8006540772591,17499.0,Nincs készleten 17 499 Ft 17 499 Ft/db,https://shop.rossmann.hu/termek/oral-b-pro-kids-jegvarazs-elektromos-fogkefe-3-eves-kortol-1-db
2026-08-19,Rossmann,Oral-B,Szájápolás,Oral-B Pro Kids Spiderman elektromos fogkefe pótfej - 4 db,4 db,4.0,db,8006540805237,8499.0,Nincs készleten 8 499 Ft 2 125 Ft/db,https://shop.rossmann.hu/termek/oral-b-pro-kids-spiderman-fogkefefej-4-db
2026-08-19,Rossmann,Oral-B,Szájápolás,Oral-B Pro Precision Clean fogkefefej - 4 db,4 db,4.0,db,8006540847299,6999.0,Nincs készleten 6 999 Ft 1 750 Ft/db,https://shop.rossmann.hu/termek/oral-b-pro-precision-clean-fogkefefej-4-db
2026-08-19,Rossmann,Oral-B,Szájápolás,Oral-B Pro Precision Clean elektromos fogkefe pótfej - 8 db,8 db,8.0,db,8006540847459,12599.0,Nincs készleten 12 599 Ft 1 575 Ft/db,https://shop.rossmann.hu/termek/oral-b-pro-precision-clean-elektromos-fogkefe-potfej-8-db
2026-08-19,Rossmann,Oral-B,Szájápolás,Oral B Pro-Sensitive Advanced Extra Duo fogkefe - 2 db,2 db,2.0,db,8700216567916,1456.0,Nincs készleten 1 456 Ft 728 Ft/db,https://shop.rossmann.hu/termek/oral-b-pro-sensi-advanced-fogkefe-eltavolitja-a-lepedekkepzo-bakteriumokat-puha-2
2026-08-19,Rossmann,Oral-B,Szájápolás,Oral B Pulsonic Sensitive elektromos fogkefe pótfej - 4 db,4 db,4.0,db,4210201299899,7699.0,Nincs készleten 7 699 Ft 1 925 Ft/db,https://shop.rossmann.hu/termek/oral-b-pulsonic-sensitiv-elektromos-fogkefe-potfej-4-db
2026-08-19,Rossmann,Oral-B,Szájápolás,Oral-B Pro-Sensi Clinical Extra Soft fogkefe - 2 db,2 db,2.0,db,8700216567923,1682.0,Nincs készleten 1 682 Ft 841 Ft/db,https://shop.rossmann.hu/termek/oral-b-pro-sensi-clinical-manualis-fogkefe-gyenged-tisztitas-extra-puha-sortek-2
2026-08-19,Rossmann,Oral-B,Szájápolás,Oral-B Superfloss fogselyembefűző - 50 db,50 db,50.0,db,8700216538961,1699.0,Nincs készleten 1 699 Ft 34 Ft/m,https://shop.rossmann.hu/termek/oral-b-super-floss-elore-levagott-fogselyem-csikok-50-db
2026-08-19,Rossmann,Oral-B,Szájápolás,Oral-B Vitality Pro elektromos fogkefe fehér/kék - 1 db,1 db,1.0,db,4210201446453,15499.0,Nincs készleten 15 499 Ft 15 499 Ft/db,https://shop.rossmann.hu/termek/oral-b-vitality-pro-elektromos-fogkefe-feher-1-db
2026-08-19,Rossmann,Oral-B,Szájápolás,Oral-B Vitality Pro elektromos fogkefe /lila - 1 db,1 db,1.0,db,4210201427025,16499.0,Nincs készleten 16 499 Ft 16 499 Ft/db,https://shop.rossmann.hu/termek/oral-b-vitality-pro-elektromos-fogkefe-lila
2026-08-19,Rossmann,Blend-a-dent,Szájápolás,Blend-A-Dent Complete Fresh műfogsorragasztó - 47 g,47 g,47.0,g,8001841900612,1999.0,Nincs készleten 1 999 Ft 42 532 Ft/kg,https://shop.rossmann.hu/termek/blend-a-dent-complete-fresh-mufogsorrogzito-krem-47-g
2026-08-19,Rossmann,Blend-a-dent,Szájápolás,Blend-a-Dent Plus mufogsorrögzíto krém - 40 g,40 g,40.0,g,8700216598736,1999.0,Nincs készleten 1 999 Ft 49 975 Ft/kg,https://shop.rossmann.hu/termek/blend-a-dent-plus-mufogsorrogzito-krem-40-g-2
2026-08-19,Rossmann,Blend-a-dent,Szájápolás,Blend-a-Dent Ultimate műfogsorragasztó - 40 g,40 g,40.0,g,8700216596398,2499.0,Nincs készleten 2 499 Ft 62 475 Ft/kg,https://shop.rossmann.hu/termek/blend-a-dent-professional-protezisrogzito-krem-40-g
2026-08-19,Rossmann,Blend-a-dent,Szájápolás,Blend-a-Dent Complete Semleges ízű műfogsorragasztó - 47 g,47 g,47.0,g,8001841900575,1959.0,Nincs készleten 1 959 Ft 41 681 Ft/kg,https://shop.rossmann.hu/termek/blend-a-dent-complete-semleges-izu-mufogsorragaszto-47-g
2026-08-19,Rossmann,Blend-a-dent,Szájápolás,Blend-A-Dent Duo Power műfogsorragasztó krém - 80 g,80 g,80.0,g,8006530000031,3299.0,Nincs készleten 3 299 Ft 41 238 Ft/kg,https://shop.rossmann.hu/termek/blend-a-dent-duopower-protezisrogzito-krem-2x40-g-80-g
2026-08-19,Rossmann,Blend-a-dent,Szájápolás,Blend-a-Dent Original Complete Duo műfogsorragasztó krém - 94 g,94 g,94.0,g,8006540300053,3399.0,Nincs készleten 3 399 Ft 36 160 Ft/kg,https://shop.rossmann.hu/termek/blend-a-dent-original-complete-duo-protezisragaszto-2x47g-94-g
2026-08-19,Rossmann,Blend-a-dent,Szájápolás,Blend-a-Dent Complete Original mufogsorragasztó - 47 g,47 g,47.0,g,8001841900483,1959.0,Nincs készleten 1 959 Ft 41 681 Ft/kg,https://shop.rossmann.hu/termek/blend-a-dent-complete-original-mufogsorragaszto-47-g
2026-08-19,Rossmann,Ariel,Mosás & háztartás,Ariel Allin1 Color Fresh mosókapszula - 100 db,100 db,100.0,db,8006530348218,13057.0,Nincs készleten 13 057 Ft 131 Ft/db,https://shop.rossmann.hu/termek/ariel-allin1-pods-mosokapszula-100-mosashoz-100-db
2026-08-19,Rossmann,Ariel,Mosás & háztartás,Ariel Color folyékony mosószer 60 mosás - 2700 ml,2700 ml,2700.0,ml,8700216690829,7011.0,Nincs készleten 7 011 Ft 2 597 Ft/l,https://shop.rossmann.hu/termek/ariel-color-folyekony-mososzer-60-mosashoz-2700-ml
2026-08-19,Rossmann,Ariel,Mosás & háztartás,Ariel Allin1 PODS mosókapszula 50 mosáshoz - 50 db,50 db,50.0,db,8700216764360,7026.0,Nincs készleten 7 026 Ft 141 Ft/db,https://shop.rossmann.hu/termek/ariel-allin1-pods-mosokapszula-50-mosashoz-50-db
2026-08-19,Rossmann,Ariel,Mosás & háztartás,Ariel Allin1 PODS mosókapszula 50 mosáshoz - 50 db,50 db,50.0,db,8700216764285,7026.0,Nincs készleten 7 026 Ft 141 Ft/db,https://shop.rossmann.hu/termek/ariel-allin1-pods-mosokapszula-50-mosashoz-50-db-3
2026-08-19,Rossmann,Ariel,Mosás & háztartás,"Ariel Fresh Air folyékony mosószer, 50 mosáshoz - 2250 ml",2250 ml,2250.0,ml,8700216690836,7011.0,Nincs készleten 7 011 Ft 3 116 Ft/l,https://shop.rossmann.hu/termek/ariel-fresh-air-folyekony-mososzer-50-mosashoz-2250-ml
2026-08-19,Rossmann,Ariel,Mosás & háztartás,Ariel Sensitive folyékony mosószer 90 mosás - 4050 ml,4050 ml,4050.0,ml,8006530146289,8543.0,Nincs készleten 8 543 Ft 2 109 Ft/l,https://shop.rossmann.hu/termek/ariel-mososzer-4000-ml
2026-08-19,Rossmann,Ariel,Mosás & háztartás,Ariel +Touch Of Lenor Gold Orchid folyékony mosószer 35 mosás - 1575 ml,1575 ml,1575.0,ml,8006530182003,4981.0,Nincs készleten 4 981 Ft 3 163 Ft/l,https://shop.rossmann.hu/termek/ariel-folyekony-mososzer-touch-of-lenor-gold-orchid-1575-l-35-mosashoz
2026-08-19,Rossmann,Ariel,Mosás & háztartás,Ariel Color folyékony mosószer 40 mosás - 1800 ml,1800 ml,1800.0,ml,8700216691604,4981.0,Nincs készleten 4 981 Ft 2 767 Ft/l,https://shop.rossmann.hu/termek/ariel-color-folyekony-mososzer-40-mosashoz-1800-ml
2026-08-19,Rossmann,Ariel,Mosás & háztartás,Ariel +Touch Of Lenor Gold Orchid folyékony mosószer 50 mosás - 2250 ml,2250 ml,2250.0,ml,8006530182201,7011.0,Nincs készleten 7 011 Ft 3 116 Ft/l,https://shop.rossmann.hu/termek/ariel-folyekony-mososzer-touch-of-lenor-gold-orchid-225-l-50-mosashoz
2026-08-19,Rossmann,Ariel,Mosás & háztartás,Ariel +Touch Of Lenor Spring Awaking folyékony mosószer 35 mosás - 1575 ml,1575 ml,1575.0,ml,8006530182522,4981.0,Nincs készleten 4 981 Ft 3 163 Ft/l,https://shop.rossmann.hu/termek/ariel-folyekony-mososzer-touch-of-lenor-spring-awakening-1575-l-35-mosashoz
2026-08-19,Rossmann,Ariel,Mosás & háztartás,Ariel Allin1 Extra Hygiene mosókapszula - 26 db,26 db,26.0,db,8700216765305,4903.0,Nincs készleten 4 903 Ft 189 Ft/db,https://shop.rossmann.hu/termek/ariel-allin1-pods-mosokapszula-26-mosashoz-26-db
2026-08-19,Rossmann,Ariel,Mosás & háztartás,Ariel Allin1 Color Fresh mosókapszula - 19 db,19 db,19.0,db,8006530269889,3342.0,Nincs készleten 3 342 Ft 176 Ft/db,https://shop.rossmann.hu/termek/ariel-allin1-pods-mosokapszula-19-mosashoz-19-db
2026-08-19,Rossmann,Ariel,Mosás & háztartás,Ariel Allin1 Fresh Air mosókapszula - 26 db,26 db,26.0,db,8700216766043,4903.0,Nincs készleten 4 903 Ft 189 Ft/db,https://shop.rossmann.hu/termek/ariel-allin1-pods-mosokapszula-26-mosashoz-26-db-3
2026-08-19,Rossmann,Ariel,Mosás & háztartás,Ariel Allin1 Mountain Spring mosókapszula - 19 db,19 db,19.0,db,8700216765657,3342.0,Nincs készleten 3 342 Ft 176 Ft/db,https://shop.rossmann.hu/termek/ariel-allin1-pods-mosokapszula-19-mosashoz-19-db-3
2026-08-19,Rossmann,Ariel,Mosás & háztartás,Ariel Allin1 Mountain Spring mosókapszula - 30 db,30 db,30.0,db,8700216765480,4903.0,Nincs készleten 4 903 Ft 163 Ft/db,https://shop.rossmann.hu/termek/ariel-allin1-pods-mosokapszula-30-mosashoz-30-db
2026-08-19,Rossmann,Ariel,Mosás & háztartás,Ariel Allin1 PODS+ mosókapszula 44 mosáshoz - 44 db,44 db,44.0,db,8700216764940,7026.0,Nincs készleten 7 026 Ft 160 Ft/db,https://shop.rossmann.hu/termek/ariel-allin1-pods-mosokapszula-44-mosashoz-44-db
2026-08-19,Rossmann,Ariel,Mosás & háztartás,Ariel Allin1 Pods Japanese Blossom mosókapszula 30 mosás - 30 db,30 db,30.0,db,8006530380782,4903.0,Nincs készleten 4 903 Ft 163 Ft/db,https://shop.rossmann.hu/termek/ariel-allin1-pods-mosokapszula-30-mosashoz-japanese-blossom
2026-08-19,Rossmann,Ariel,Mosás & háztartás,Ariel Color folyékony mosószer 100 mosáshoz - 4500 ml,4500 ml,4500.0,ml,8700216692007,9625.0,Nincs készleten 9 625 Ft 2 139 Ft/l,https://shop.rossmann.hu/termek/ariel-folyekony-mososzer-100-mosashoz-color
2026-08-19,Rossmann,Ariel,Mosás & háztartás,Ariel Color mosókapszula 30 db és Lenor Fresh Air öblítő 504 ml - 1 db,504 ml,504.0,ml,8006530126816,6499.0,Nincs készleten 6 499 Ft 6 499 Ft/db,https://shop.rossmann.hu/termek/ariel-color-mosokapszula-30-db-es-lenor-fresh-air-oblito-504-ml-1-db
2026-08-19,Rossmann,Ariel,Mosás & háztartás,"Ariel Extra Clean folyékony mosószer, 50 mosáshoz - 2250 ml",2250 ml,2250.0,ml,8700216691154,7011.0,Nincs készleten 7 011 Ft 3 116 Ft/l,https://shop.rossmann.hu/termek/ariel-extra-clean-folyekony-mososzer-50-mosashoz-2250-ml
2026-08-19,Rossmann,Ariel,Mosás & háztartás,Ariel Japanese Blossom folyékony mosószer 40 mosás - 1800 ml,1800 ml,1800.0,ml,8006530345446,4981.0,Nincs készleten 4 981 Ft 2 767 Ft/l,https://shop.rossmann.hu/termek/ariel-folyekony-mososzer-40-mosashoz-japanese-blossom
2026-08-19,Rossmann,Ariel,Mosás & háztartás,Ariel Mountain Spring folyékony mosószer 40 mosás - 1800 ml,1800 ml,1800.0,ml,8700216691086,4981.0,Nincs készleten 4 981 Ft 2 767 Ft/l,https://shop.rossmann.hu/termek/ariel-mountain-spring-folyekony-mososzer-40-mosashoz-1800-ml
2026-08-19,Rossmann,Ariel,Mosás & háztartás,Ariel Sensitive folyékony mosószer 60 mosáshoz - 2700 ml,2700 ml,2700.0,ml,8700216691550,7011.0,Nincs készleten 7 011 Ft 2 597 Ft/l,https://shop.rossmann.hu/termek/ariel-sensitive-folyekony-mososzer-60-mosashoz-2700-ml
2026-08-19,Rossmann,Lenor,Mosás & háztartás,Lenor Unstoppables Fresh illatgyöngyök 41 mosás - 495 g,495 g,495.0,g,8700216704694,6499.0,Nincs készleten 6 499 Ft 13 129 Ft/kg,https://shop.rossmann.hu/termek/lenor-ariel-illatgyongy-41-mosas-495-g
2026-08-19,Rossmann,Lenor,Mosás & háztartás,Lenor Fresh Wind öblítő 76 mosás - 1064 ml,1064 ml,1064.0,ml,8700216723077,3025.0,Nincs készleten 3 025 Ft 2 843 Ft/l,https://shop.rossmann.hu/termek/lenor-fresh-wind-oblito-76-mosashoz-1064-ml
2026-08-19,Rossmann,Lenor,Mosás & háztartás,Lenor Gold Orchid & Vanilla illatgyöngy - 495 g,495 g,495.0,g,8700216704809,6499.0,Nincs készleten 6 499 Ft 13 129 Ft/kg,https://shop.rossmann.hu/termek/lenor-gold-orchid-vanilla-illatgyongy-495-g
2026-08-19,Rossmann,Lenor,Mosás & háztartás,Lenor Lotus Flower & Diamond Figs öblítő 59 mosás - 1239 ml,1239 ml,1239.0,ml,8006530218306,1899.0,2 348 Ft 1 895 Ft/l,https://shop.rossmann.hu/termek/lenor-lotus-water-diamond-figs-oblito-59-mosashoz-1239-ml
2026-08-19,Rossmann,Lenor,Mosás & háztartás,Lenor Orchid & Vanilla öblítő 59 mosás - 1239 ml,1239 ml,1239.0,ml,8700216724081,1899.0,2 348 Ft 1 895 Ft/l,https://shop.rossmann.hu/termek/lenor-orchid-vanilla-oblito-59-mosashoz-1239-ml
2026-08-19,Rossmann,Lenor,Mosás & háztartás,Lenor Sensitive öblítő 71 mosás - 1491 ml,1491 ml,1491.0,ml,8700216723985,2119.0,Nincs készleten 2 119 Ft 1 421 Ft/l,https://shop.rossmann.hu/termek/lenor-sensitive-oblito-71-mosashoz-1491-ml
2026-08-19,Rossmann,Lenor,Mosás & háztartás,Lenor Pink Blossom öblítő 86 mosás - 1204 ml,1204 ml,1204.0,ml,8700216809795,3153.0,Nincs készleten 3 153 Ft 2 619 Ft/l,https://shop.rossmann.hu/termek/lenor-pink-blossom-oblito-86-mosashoz-1204-ml
2026-08-19,Rossmann,Lenor,Mosás & háztartás,Lenor Spring Awakening illatgyöngy - 495 g,495 g,495.0,g,8700216704779,6499.0,Nincs készleten 6 499 Ft 13 129 Ft/kg,https://shop.rossmann.hu/termek/lenor-spring-awakening-parfumgyongy-495-g
2026-08-19,Rossmann,Lenor,Mosás & háztartás,Lenor Spring Awakening öblítő 118 mosás - 2478 ml,2478 ml,2478.0,ml,8700216880886,3415.0,Nincs készleten 3 415 Ft 1 378 Ft/l,https://shop.rossmann.hu/termek/lenor-textiloblito-118-mosashoz-spring-awakening
2026-08-19,Rossmann,Lenor,Mosás & háztartás,Lenor Spring Awakening öblítő 71 mosás - 1491 ml,1491 ml,1491.0,ml,8700216724074,2119.0,Nincs készleten 2 119 Ft 1 421 Ft/l,https://shop.rossmann.hu/termek/lenor-spring-awak-oblito-71-mosashoz-1491-ml
2026-08-19,Rossmann,Lenor,Mosás & háztartás,Lenor Spring Awakening illatgyöngy - 195 g,195 g,195.0,g,8700216708418,2299.0,3 099 Ft 15 892 Ft/kg,https://shop.rossmann.hu/termek/lenor-spring-awakening-illatgyongy-195-g
2026-08-19,Rossmann,Lenor,Mosás & háztartás,Lenor Unstoppables Fresh illatgyöngyök 41 mosás - 495 g,495 g,495.0,g,8700216704724,6499.0,Nincs készleten 6 499 Ft 13 129 Ft/kg,https://shop.rossmann.hu/termek/lenor-unstoppables-fresh-illatgyongyok-495-g
2026-08-19,Rossmann,Lenor,Mosás & háztartás,Lenor Gold Orchid & Vanilla illatgyöngy - 195 g,195 g,195.0,g,8700216708517,2299.0,3 099 Ft 15 892 Ft/kg,https://shop.rossmann.hu/termek/lenor-gold-orchid-vanilla-illatgyongy-195-g
2026-08-19,Rossmann,Lenor,Mosás & háztartás,Lenor Sensitive öblítő 76 mosás - 1064 ml,1064 ml,1064.0,ml,8700216723183,3025.0,Nincs készleten 3 025 Ft 2 843 Ft/l,https://shop.rossmann.hu/termek/lenor-sensitive-oblito-76-mosashoz-1064-ml
2026-08-19,Rossmann,Lenor,Mosás & háztartás,Lenor Japanese Blossom illatgyöngy - 195 g,195 g,195.0,g,8006530388450,2299.0,3 099 Ft 15 892 Ft/kg,https://shop.rossmann.hu/termek/lenor-parfumgyongyok-195g-japanese-blossom
2026-08-19,Rossmann,Lenor,Mosás & háztartás,Lenor Floral Bouquet öblítő 59 mosás - 1239 ml,1239 ml,1239.0,ml,8700216726900,1899.0,2 348 Ft 1 895 Ft/l,https://shop.rossmann.hu/termek/lenor-floral-bouquet-oblito-59-mosashoz-1239-ml
2026-08-19,Rossmann,Lenor,Mosás & háztartás,Lenor Cherry Blossom & Sage öblítő 59 mosás - 1239 ml,1239 ml,1239.0,ml,8700216723602,1899.0,2 348 Ft 1 895 Ft/l,https://shop.rossmann.hu/termek/lenor-cherry-blossom-sage-oblito-59-mosashoz-1239-ml
2026-08-19,Rossmann,Lenor,Mosás & háztartás,Lenor Fresh Wind öblítő 86 mosás - 1204 ml,1204 ml,1204.0,ml,8700216723206,3153.0,Nincs készleten 3 153 Ft 2 619 Ft/l,https://shop.rossmann.hu/termek/lenor-fresh-wind-oblito-86-mosashoz-1204-ml
2026-08-19,Rossmann,Lenor,Mosás & háztartás,Lenor Cotton Fresh illatgyöngy - 495 g,495 g,495.0,g,8006530183185,6499.0,Nincs készleten 6 499 Ft 13 129 Ft/kg,https://shop.rossmann.hu/termek/lenor-parfumgyongyok-mosashoz-495-g-cotton-fresh
2026-08-19,Rossmann,Lenor,Mosás & háztartás,Lenor Japanese Blossom öblítő 59 mosás - 1239 ml,1239 ml,1239.0,ml,8006530389846,1899.0,2 348 Ft 1 895 Ft/l,https://shop.rossmann.hu/termek/lenor-textiloblito-59-mosashoz-japanese-blossom
2026-08-19,Rossmann,Lenor,Mosás & háztartás,Lenor Gold Orchid öblítő 94 mosás - 1974 ml,1974 ml,1974.0,ml,8700216880770,2586.0,Nincs készleten 2 586 Ft 1 310 Ft/l,https://shop.rossmann.hu/termek/lenor-oblito-gold-orchid-1974-ml
2026-08-19,Rossmann,Lenor,Mosás & háztartás,Lenor Pink Blossom öblítő 76 mosás - 1064 ml,1064 ml,1064.0,ml,8700216809832,3025.0,Nincs készleten 3 025 Ft 2 843 Ft/l,https://shop.rossmann.hu/termek/lenor-pink-blossom-oblito-76-mosashoz-1064-ml
2026-08-19,Rossmann,Lenor,Mosás & háztartás,Lenor Sensitive öblítő 118 mosás - 2478 ml,2478 ml,2478.0,ml,8006530250665,3415.0,Nincs készleten 3 415 Ft 1 378 Ft/l,https://shop.rossmann.hu/termek/lenor-textiloblito-59-mosashoz-sensitive
2026-08-19,Rossmann,Lenor,Mosás & háztartás,Lenor Spring Awakening öblítő 1491 ml és illatgyöngy 195 g - 1 db,195 g,195.0,g,8006530107273,4999.0,Nincs készleten 4 999 Ft 4 999 Ft/db,https://shop.rossmann.hu/termek/lenor-textiloblito-71-mosashoz-spring-awakening
2026-08-19,Rossmann,Ambi Pur,Mosás & háztartás,Ambi Pur 3Volution Lenor Spring Awakening elektromos légfrissítő-utántöltő - 20 ml,20 ml,20.0,ml,8001841227955,2599.0,Nincs készleten 2 599 Ft 129 950 Ft/l,https://shop.rossmann.hu/termek/ambi-pur-3volution-elektromos-utantolto-lenor-spring-20-ml
2026-08-19,Rossmann,Ambi Pur,Mosás & háztartás,Ambi Pur 3Volution Lenor Spring Awakening elektromos légfrissítő készülék - 20 ml,20 ml,20.0,ml,8006540528921,3749.0,Nincs készleten 3 749 Ft 187 450 Ft/l,https://shop.rossmann.hu/termek/ambi-pur-3volution-lenor-spring-elektromos-keszulek-20-ml
2026-08-19,Rossmann,Ambi Pur,Mosás & háztartás,Ambi Pur Spring Awakening autóillatosító - 2 ml,2 ml,2.0,ml,8001090871619,2049.0,Nincs készleten 2 049 Ft 1 024 500 Ft/l,https://shop.rossmann.hu/termek/ambi-pur-april-fresh-lenor-csiptetos-autoillatosito-utantolto-1-db
2026-08-19,Rossmann,Lenor,Mosás & háztartás,Lenor Tropical Sunset öblítő 76 mosás - 1064 ml,1064 ml,1064.0,ml,8700216723039,3025.0,Nincs készleten 3 025 Ft 2 843 Ft/l,https://shop.rossmann.hu/termek/lenor-tropical-sunset-oblito-76-mosashoz-1064-ml
2026-08-19,Rossmann,Fairy,Mosás & háztartás,Alterra Mono szemhéjpúder /01 Fairy Dust - 1 db,1 db,1.0,db,4068134131201,1699.0,Nincs készleten 1 699 Ft 1 699 Ft/db,https://shop.rossmann.hu/termek/alterra-mono-szemhejpuder-01-fairy-dust-1-db
2026-08-19,Rossmann,Fairy,Mosás & háztartás,Essie Gel Couture körömlakk /40 Fairy Tailor - 1 db,1 db,1.0,db,30151857,4399.0,Nincs készleten 4 399 Ft 4 399 Ft/db,https://shop.rossmann.hu/termek/essie-gel-couture-koromlakk-40-fairy-tailor-1-db
2026-08-19,Rossmann,Fairy,Mosás & háztartás,Herbow Fairy Baby 3in1 mosóparfüm koncentrátum 200 mosás - 1000 ml,1000 ml,1000.0,ml,5999567517517,3959.0,Nincs készleten 3 959 Ft 3 959 Ft/l,https://shop.rossmann.hu/termek/herbow-fairy-baby-3in1-mosoparfum-koncentratum-200-mosas-1000-ml
2026-08-19,Rossmann,Fairy,Mosás & háztartás,Rival Loves Me UV-Gels On The Go géllakk /13 fairy - 1 db,1 db,1.0,db,4068134098399,1799.0,Nincs készleten 1 799 Ft 1 799 Ft/db,https://shop.rossmann.hu/termek/rival-loves-me-uv-gels-on-the-go-gellakk-13-fairy-1-db
2026-08-19,Rossmann,Ambi Pur,Mosás & háztartás,Ambi Pur 3Volution Gold Orchid elektromos légfrissítő készülék - 20 ml,20 ml,20.0,ml,8700216486200,3749.0,Nincs készleten 3 749 Ft 187 450 Ft/l,https://shop.rossmann.hu/termek/ambi-pur-3volution-gold-orchid-elektromos-legfrissito-utantolto-20-ml
2026-08-19,Rossmann,Ambi Pur,Mosás & háztartás,Ambi Pur 3Volution Flowers & Spring elektromos légfrissítő-utántöltő - 20 ml,20 ml,20.0,ml,4015600570637,2599.0,Nincs készleten 2 599 Ft 129 950 Ft/l,https://shop.rossmann.hu/termek/ambi-pur-3vol-el-ut-flowers-spring-20-ml
2026-08-19,Rossmann,Ambi Pur,Mosás & háztartás,Ambi Pur 3Volution Aloha elektromos légfrissítő-utántöltő - 40 ml,40 ml,40.0,ml,8700216776134,2699.0,3 599 Ft 89 975 Ft/l,https://shop.rossmann.hu/termek/ambi-pur-3volution-aloha-elektromos-legfrissito-utantolto-40-ml
2026-08-19,Rossmann,Ambi Pur,Mosás & háztartás,Ambi Pur 3Volution Gold Orchid elektromos légfrissítő utántöltő - 20 ml,20 ml,20.0,ml,8001841922690,2599.0,Nincs készleten 2 599 Ft 129 950 Ft/l,https://shop.rossmann.hu/termek/ambi-pur-3vol-elektromos-utantolto-gold-orchid-20-ml
2026-08-19,Rossmann,Ambi Pur,Mosás & háztartás,Ambi Pur Cotton Fresh fürdőszobai légfrissítő - 1 db,1 db,1.0,db,8700216014434,2099.0,Nincs készleten 2 099 Ft 279 867 Ft/l,https://shop.rossmann.hu/termek/ambi-pur-cotton-furdoszobai-legfrissito-75-ml
2026-08-19,Rossmann,Ambi Pur,Mosás & háztartás,Ambi Pur 3Volution Gold Orchid elektromos légfrissítő utántöltő 2x20 ml - 40 ml,40 ml,40.0,ml,8700216686488,3599.0,Nincs készleten 3 599 Ft 89 975 Ft/l,https://shop.rossmann.hu/termek/ambi-pur-3volution-gold-orchid-elektromos-legfrissito-utantolto-2x20-40-ml
2026-08-19,Rossmann,Ambi Pur,Mosás & háztartás,Ambi Pur Flower & Spring légfrissítő spray - 370ml,370 ml,370.0,ml,8700216285780,3099.0,Nincs készleten 3 099 Ft 8 376 Ft/l,https://shop.rossmann.hu/termek/ambi-pur-flower-spring-legfrissito-spray-370ml
2026-08-19,Rossmann,Ambi Pur,Mosás & háztartás,Ambi Pur Flowers & Spring fürdőszobai légfrisssítő - 1 db,1 db,1.0,db,8700216014489,2099.0,Nincs készleten 2 099 Ft 279 867 Ft/l,https://shop.rossmann.hu/termek/ambi-pur-flower-furdoszobai-legfrisssito-75-ml
2026-08-19,Rossmann,Ambi Pur,Mosás & háztartás,Ambi Pur Gold Orchid légfrissítő spray - 185 ml,185 ml,185.0,ml,8700216261623,1799.0,Nincs készleten 1 799 Ft 9 724 Ft/l,https://shop.rossmann.hu/termek/ambi-pur-gold-orchid-legfrissito-spray-185-ml
2026-08-19,Rossmann,Ambi Pur,Mosás & háztartás,Ambi Pur Morning Dew fürdőszobai légfrissítő - 1 db,1 db,1.0,db,8700216696647,2099.0,Nincs készleten 2 099 Ft 262 375 Ft/l,https://shop.rossmann.hu/termek/ambi-pur-morning-dew-furdoszobai-legfrissito-8-ml
2026-08-19,Rossmann,Ambi Pur,Mosás & háztartás,Ambi Pur Pink Hibiskus & Rose WC gél - 750 ml,750 ml,750.0,ml,8435495820802,1399.0,Nincs készleten 1 399 Ft 1 865 Ft/l,https://shop.rossmann.hu/termek/ambi-pur-pink-hibiskus-rose-wc-gel-750-ml
2026-08-19,Rossmann,Ambi Pur,Mosás & háztartás,Ambi Pur Spring Awakening fürdőszobai légfrissítő - 1 db,1 db,1.0,db,8700216014298,2099.0,Nincs készleten 2 099 Ft 279 867 Ft/l,https://shop.rossmann.hu/termek/ambi-pur-spring-awakening-furdoszobai-legfrissito-75-ml
2026-08-19,Rossmann,Ambi Pur,Mosás & háztartás,Ambi Pur 3Volution Spring Awakening elektromos légfrissítő utántöltő (2x20) - 40 ml,40 ml,40.0,ml,8001841922652,3599.0,Nincs készleten 3 599 Ft 89 975 Ft/l,https://shop.rossmann.hu/termek/ambi-pur-3vol-elektromos-utantolto-duo-spring-2x20-40-ml
2026-08-19,Rossmann,Ambi Pur,Mosás & háztartás,Ambi Pur Spring Awakening légfrissítő spray - 185 ml,185 ml,185.0,ml,8700216261395,1799.0,Nincs készleten 1 799 Ft 9 724 Ft/l,https://shop.rossmann.hu/termek/ambi-pur-spring-awakening-segfrissito-spray-185-ml
2026-08-19,Rossmann,Ambi Pur,Mosás & háztartás,Ambi Pur Spring Awakening légfrissítő spray - 370 ml,370 ml,370.0,ml,8700216284417,3099.0,Nincs készleten 3 099 Ft 8 376 Ft/l,https://shop.rossmann.hu/termek/ambi-pur-spring-awakening-legfrissito-spray-370-ml
2026-08-19,Rossmann,Ambi Pur,Mosás & háztartás,Ambi Pur Spring Awakening fürdőszobai légfrissítő - 1 db,1 db,1.0,db,8700216014366,3299.0,Nincs készleten 3 299 Ft 219 933 Ft/l,https://shop.rossmann.hu/termek/ambi-pur-spring-awak-furdoszobai-legfrissito-15-ml
2026-08-19,Rossmann,Ambi Pur,Mosás & háztartás,Ambi Pur Flowers and Spring fürdőszobai légfrissítő - 2 db,2 db,2.0,db,8700216014557,3299.0,Nincs készleten 3 299 Ft 219 933 Ft/l,https://shop.rossmann.hu/termek/ambi-pur-flower-furdoszobai-legfrissito-15-ml
2026-08-19,Rossmann,Ambi Pur,Mosás & háztartás,Ambi Pur Flowers & Spring autóillatosító 2x2 ml - 4 ml,4 ml,4.0,ml,4084500996779,3199.0,Nincs készleten 3 199 Ft 799 750 Ft/l,https://shop.rossmann.hu/termek/ambi-pur-car-flower-spring-2x2-ml
2026-08-19,Rossmann,Ambi Pur,Mosás & háztartás,Ambi Pur Cotton Fresh fürdőszobai légfrissítő - 2 db,2 db,2.0,db,8700216014649,3299.0,Nincs készleten 3 299 Ft 219 933 Ft/l,https://shop.rossmann.hu/termek/ambi-pur-cotton-furdoszobai-legfrissito-15-ml
2026-08-19,Rossmann,Ambi Pur,Mosás & háztartás,Ambi Pur Flowers & Spring elektromos légfrissítő utántöltő - 40 ml,40 ml,40.0,ml,8700216834292,3599.0,Nincs készleten 3 599 Ft 89 975 Ft/l,https://shop.rossmann.hu/termek/ambi-pur-3volution-flowers-spring-elektromos-legfrissito-utantolto-40-ml
2026-08-19,Rossmann,Ambi Pur,Mosás & háztartás,Ambi Pur 3volution Cotton Flower elektromos légfrissítő - 20 ml,20 ml,20.0,ml,8006540265628,2599.0,Nincs készleten 2 599 Ft 129 950 Ft/l,https://shop.rossmann.hu/termek/ambi-pur-elektromos-legfrissito-cotton-flower-20-ml
2026-08-19,Rossmann,Ambi Pur,Mosás & háztartás,Ambi Pur 3Volution Morning Dew elektromos légfrissítő-utántöltő - 20 ml,20 ml,20.0,ml,8700216737128,2599.0,Nincs készleten 2 599 Ft 129 950 Ft/l,https://shop.rossmann.hu/termek/ambi-pur-3volution-morning-dew-elektromos-legfrissito-utantolto-20-ml
2026-08-19,Rossmann,Ambi Pur,Mosás & háztartás,Ambi Pur Gold Orchid fürdőszobai légfrissítő - 8 ml,8 ml,8.0,ml,8006530307444,2099.0,Nincs készleten 2 099 Ft 262 375 Ft/l,https://shop.rossmann.hu/termek/ambi-pur-furdoszobai-legfrissito-folyamatos-szagsemlegesites-es-szagmegelozes-gold-orchid-1-x
2026-08-19,Rossmann,Ambi Pur,Mosás & háztartás,Ambi Pur Japanese Blossom fürdőszobai légfrissítő - 8 ml,8 ml,8.0,ml,8006530394178,2099.0,Nincs készleten 2 099 Ft 262 375 Ft/l,https://shop.rossmann.hu/termek/ambi-pur-furdoszobai-legfrissito-folyamatos-szagsemlegesites-es-szagmegelozes-japanese-blossom-1-x
2026-08-19,Rossmann,Ambi Pur,Mosás & háztartás,Ambi Pur Japanese Blossom légfrissítő spray - 185 ml,185 ml,185.0,ml,8006530394567,1799.0,Nincs készleten 1 799 Ft 9 724 Ft/l,https://shop.rossmann.hu/termek/ambi-pur-legfrissito-spray-japanese-blossom-185-ml
2026-08-19,Rossmann,Ambi Pur,Mosás & háztartás,Ambi Pur Mint & Jasmin WC gél - 750 ml,750 ml,750.0,ml,8435495820956,1449.0,Nincs készleten 1 449 Ft 1 932 Ft/l,https://shop.rossmann.hu/termek/ambi-pur-mint-jasmin-wc-gel-750-ml
2026-08-19,Rossmann,Ambi Pur,Mosás & háztartás,Ambi Pur White Flowers WC gél - 750 ml,750 ml,750.0,ml,8435495837329,1399.0,Nincs készleten 1 399 Ft 1 865 Ft/l,https://shop.rossmann.hu/termek/ambi-pur-white-flowers-wc-gel-750-ml
2026-08-19,Rossmann,Ambi Pur,Mosás & háztartás,Ambi Pur Wild Hibiskus aktív WC illatosító 2x45g - 90 g,90 g,90.0,g,8435495838623,1869.0,Nincs készleten 1 869 Ft 20 767 Ft/kg,https://shop.rossmann.hu/termek/ambi-pur-wild-hibiskus-aktiv-wc-illatosito-2x45g-90-g
2026-08-19,Rossmann,Always,Női higiénia & baba,Always Cotton Protection Long egészségügyi betét - 9 db,9 db,9.0,db,8006540231173,1300.0,Nincs készleten 1 300 Ft 144 Ft/db,https://shop.rossmann.hu/termek/always-cotton-protection-ultra-egeszsegugyi-betet-9-db
2026-08-19,Rossmann,Always,Női higiénia & baba,Always Infinity FlexProtect Normal egészségügyi betét - 12 db,12 db,12.0,db,4015400684428,1427.0,Nincs készleten 1 427 Ft 119 Ft/db,https://shop.rossmann.hu/termek/always-infinity-flexprotect-egeszsegugyi-betet-12-db
2026-08-19,Rossmann,Always,Női higiénia & baba,Always Platinum Normal Duo Pack egészségügyi betét - 16 db,16 db,16.0,db,8001090444912,1330.0,Nincs készleten 1 330 Ft 83 Ft/db,https://shop.rossmann.hu/termek/always-platinum-duo-pack-normal-egeszsegugyi-betet-16-db
2026-08-19,Rossmann,Always,Női higiénia & baba,Always Platinum Normal Quattro Pack egészségügyi betét - 30 db,30 db,30.0,db,8001841913803,2346.0,Nincs készleten 2 346 Ft 78 Ft/db,https://shop.rossmann.hu/termek/always-quattro-ultra-platinum-normal-egeszsegugyi-betet-30-db
2026-08-19,Rossmann,Always,Női higiénia & baba,Always Platinum Secure Night egészségügyi betét - 10 db,10 db,10.0,db,8001841449906,1330.0,Nincs készleten 1 330 Ft 133 Ft/db,https://shop.rossmann.hu/termek/always-egeszsegugyi-betet-platinum-extra-night-10-db
2026-08-19,Rossmann,Always,Női higiénia & baba,Always Ultimate Night egészségügyi betét 6-os méret - 8 db,8 db,8.0,db,8700216213905,1330.0,Nincs készleten 1 330 Ft 166 Ft/db,https://shop.rossmann.hu/termek/always-ultimate-night-egeszsegugyi-betet-6-os-meret-szarnyas-x-8
2026-08-19,Rossmann,Always,Női higiénia & baba,Always Platinum Secure Night egészségügyi betét - 20 db,20 db,20.0,db,8700216186797,2346.0,Nincs készleten 2 346 Ft 117 Ft/db,https://shop.rossmann.hu/termek/always-platinum-secure-night-egeszsegugyi-betet-20-db
2026-08-19,Rossmann,Always,Női higiénia & baba,Always Ultra Normal egészségügyi betét - 20 db,20 db,20.0,db,8700216171311,1345.0,Nincs készleten 1 345 Ft 67 Ft/db,https://shop.rossmann.hu/termek/always-ultra-duo-normal-plus-egeszsegugyi-betet-20-db
2026-08-19,Rossmann,Always,Női higiénia & baba,Always Ultra Secure Night Extra Mega Pack egészségügyi betét - 32 db,32 db,32.0,db,8700216450423,3341.0,Nincs készleten 3 341 Ft 104 Ft/db,https://shop.rossmann.hu/termek/always-ultra-secure-night-extra-egeszsegugyi-betet-32-db
2026-08-19,Rossmann,Always,Női higiénia & baba,Always Ultra Super Mega Pack egészségügyi betét - 48 db,48 db,48.0,db,8700216450294,3341.0,Nincs készleten 3 341 Ft 70 Ft/db,https://shop.rossmann.hu/termek/always-ultra-long-egeszsegugyi-betet-48-db
2026-08-19,Rossmann,Always,Női higiénia & baba,Always Ultra Secure Night egészségügyi betét - 36 db,36 db,36.0,db,8700216450379,3341.0,Nincs készleten 3 341 Ft 93 Ft/db,https://shop.rossmann.hu/termek/always-ultra-secure-night-egeszsegugyi-betet-36-db
2026-08-19,Rossmann,Always,Női higiénia & baba,Always Daily Protect Long Deo tisztasági betét - 64 db,64 db,64.0,db,8006540778197,1799.0,Nincs készleten 1 799 Ft 28 Ft/db,https://shop.rossmann.hu/termek/always-daily-protect-long-deo-tisztasagi-betet-64-db
2026-08-19,Rossmann,Always,Női higiénia & baba,Always Platinum Day & Night egészségügyi betét - 22 db,22 db,22.0,db,8001841913919,2346.0,Nincs készleten 2 346 Ft 107 Ft/db,https://shop.rossmann.hu/termek/always-quattro-ultra-platinum-night-egeszsegugyi-betet-22-db
2026-08-19,Rossmann,Always,Női higiénia & baba,Always Platinum Super egészségügyi betét - 14 db,14 db,14.0,db,8001090444998,1330.0,Nincs készleten 1 330 Ft 95 Ft/db,https://shop.rossmann.hu/termek/always-platinum-duo-pack-super-egeszsegugyi-betet-14-db
2026-08-19,Rossmann,Always,Női higiénia & baba,Always Platinum Super Quattro Pack egészségügyi betét - 26 db,26 db,26.0,db,8001841913841,2346.0,Nincs készleten 2 346 Ft 90 Ft/db,https://shop.rossmann.hu/termek/always-quattro-ultra-platinum-super-egeszsegugyi-betet-26-db
2026-08-19,Rossmann,Always,Női higiénia & baba,Always Ultra Secure Night Extra egészségügyi betét - 10 db,10 db,10.0,db,8006540093849,1330.0,Nincs készleten 1 330 Ft 133 Ft/db,https://shop.rossmann.hu/termek/always-ultra-duo-super-night-egeszsegugyi-betet-xp-light-10-db
2026-08-19,Rossmann,Always,Női higiénia & baba,Always Ultra Secure Night egészségügyi betét - 12 db,12 db,12.0,db,4015400612469,1330.0,Nincs készleten 1 330 Ft 111 Ft/db,https://shop.rossmann.hu/termek/always-ultra-betet-extra-night-12-db
2026-08-19,Rossmann,Always,Női higiénia & baba,Always Daily Protect Extra tisztasági betét - 40 db,40 db,40.0,db,8006540689011,1249.0,Nincs készleten 1 249 Ft 31 Ft/db,https://shop.rossmann.hu/termek/always-daily-protect-extra-tisztasagi-betet-40-db
2026-08-19,Rossmann,Always,Női higiénia & baba,Always Platinum Day & Night egészségügyi betét - 12 db,12 db,12.0,db,8001090445070,1330.0,Nincs készleten 1 330 Ft 111 Ft/db,https://shop.rossmann.hu/termek/always-platinum-duo-pack-ejszakai-egeszsegugyi-betet-12-db
2026-08-19,Rossmann,Always,Női higiénia & baba,Always Ultra Sensitive Super Duo Pack egészségügyi betét - 16 db,16 db,16.0,db,4015400214038,1151.0,Nincs készleten 1 151 Ft 72 Ft/db,https://shop.rossmann.hu/termek/always-ultra-sensitive-super-plus-egeszsegugyi-betet-16-db
2026-08-19,Rossmann,Always,Női higiénia & baba,Always Daily Protect Long tisztasági betét - 54 db,54 db,54.0,db,8006540769652,1799.0,Nincs készleten 1 799 Ft 33 Ft/db,https://shop.rossmann.hu/termek/always-daily-protect-long-tisztasagi-betet-54-db
2026-08-19,Rossmann,Always,Női higiénia & baba,Always Sensitive Normal Duo Pack egészségügyi betét - 20 db,20 db,20.0,db,4015400213932,1151.0,Nincs készleten 1 151 Ft 58 Ft/db,https://shop.rossmann.hu/termek/always-ultra-sensitive-normal-plus-egeszsegugyi-betet-20-db
2026-08-19,Rossmann,Always,Női higiénia & baba,Always Dailies Fresh & Protect Flexistyle tisztasági betét - 58 db,58 db,58.0,db,8001841230658,1499.0,Nincs készleten 1 499 Ft 26 Ft/db,https://shop.rossmann.hu/termek/always-dailies-flexistyle-normal-tisztasagi-betet-58-db
2026-08-19,Rossmann,Always,Női higiénia & baba,Always Infinity FlexProtect Night egészségügyi betét - 10 db,10 db,10.0,db,4015400684534,1427.0,Nincs készleten 1 427 Ft 143 Ft/db,https://shop.rossmann.hu/termek/always-egeszsegugyi-betet-infinity-night-10-db
2026-08-19,Rossmann,Always,Női higiénia & baba,Always Cotton Protection Night egészségügyi betét - 8 db,8 db,8.0,db,8006540678435,1300.0,Nincs készleten 1 300 Ft 163 Ft/db,https://shop.rossmann.hu/termek/always-cotton-protection-ultra-night-egeszsegugyi-betet-8-db
2026-08-19,Rossmann,Always,Női higiénia & baba,Always Cotton Protection Normal egészségügyi betét - 11 db,11 db,11.0,db,8006540231142,1300.0,Nincs készleten 1 300 Ft 118 Ft/db,https://shop.rossmann.hu/termek/always-cotton-protection-ultra-normal-egeszsegugyi-betet-11-db
2026-08-19,Rossmann,Always,Női higiénia & baba,Always Dailies Fresh & Protect Normal tisztasági betét - 58 db,58 db,58.0,db,4015400565574,1549.0,Nincs készleten 1 549 Ft 27 Ft/db,https://shop.rossmann.hu/termek/always-dailies-fresh-protect-normal-fresh-tisztasagi-betet-58-db
2026-08-19,Rossmann,Always,Női higiénia & baba,Always Dailies Normal Fresh Protect tisztasági betét - 60 db,60 db,60.0,db,4015400563747,1499.0,Nincs készleten 1 499 Ft 25 Ft/db,https://shop.rossmann.hu/termek/always-dailies-normal-fresh-protect-tisztasagi-betet-60-db
2026-08-19,Rossmann,Always,Női higiénia & baba,Always Dailies Normal Fresh & Protect tisztasági betét - 80 db,80 db,80.0,db,4015400746812,1799.0,Nincs készleten 1 799 Ft 22 Ft/db,https://shop.rossmann.hu/termek/always-dailies-normal-fresh-protect-tisztasagi-betet-80-db
2026-08-19,Rossmann,Always,Női higiénia & baba,Always Dailies Normal To Go tisztasági betét - 20 db,20 db,20.0,db,8001090361998,799.0,Nincs készleten 799 Ft 40 Ft/db,https://shop.rossmann.hu/termek/always-dailies-singles-to-go-tisztasagi-betet-20-db-1
2026-08-19,Rossmann,Always,Női higiénia & baba,Always Daily Fresh tisztasági betét - 76 db,76 db,76.0,db,8006540769973,1799.0,Nincs készleten 1 799 Ft 24 Ft/db,https://shop.rossmann.hu/termek/always-daily-fresh-normal-tisztasagi-betet-76-db-3
2026-08-19,Rossmann,Always,Női higiénia & baba,Always Daily Fresh Normal tisztasági betét - 30 db,30 db,30.0,db,4015400743545,869.0,Nincs készleten 869 Ft 29 Ft/db,https://shop.rossmann.hu/termek/always-daily-fresh-normal-friss-illattal-30-db
2026-08-19,Rossmann,Always,Női higiénia & baba,Always Daily Protect Long tisztasági betét - 48 db,48 db,48.0,db,8006540688939,1399.0,Nincs készleten 1 399 Ft 29 Ft/db,https://shop.rossmann.hu/termek/always-daily-protect-hosszu-tisztasagi-betet-48-db
2026-08-19,Rossmann,Always,Női higiénia & baba,Always Sensitive Ultra Night Duo Pack egészségügyi betét - 14 db,14 db,14.0,db,4015400552154,1151.0,Nincs készleten 1 151 Ft 82 Ft/db,https://shop.rossmann.hu/termek/always-egeszsegugyi-betet-sensitive-soft-like-cotton-14-db
2026-08-19,Rossmann,Always,Női higiénia & baba,Always Maxi Normal egészségügyi betét 1-es méret - 22 db,22 db,22.0,db,8006530147385,1024.0,Nincs készleten 1 024 Ft 47 Ft/db,https://shop.rossmann.hu/termek/always-maxi-normal-szarnyas-egeszsegugyi-betet-1-es-meret-22-db-betet
2026-08-19,Rossmann,Always,Női higiénia & baba,"Always Maxi Secure Night éjszakai egészségügyi betét, 4-es méret - 14 db",14 db,14.0,db,8006530147323,1024.0,Nincs készleten 1 024 Ft 73 Ft/db,https://shop.rossmann.hu/termek/always-maxi-secure-night-ejszakai-szarnyas-egeszsegugyi-betet-4-es-meret-14-db-betet
2026-08-19,Rossmann,Always,Női higiénia & baba,Always Platinum Secure Night Extra egészségügyi betét - 8 db,8 db,8.0,db,8700216186742,1330.0,Nincs készleten 1 330 Ft 166 Ft/db,https://shop.rossmann.hu/termek/always-platinum-egeszsegugyi-betet-secure-night-extra-5-os-meret-8-db
2026-08-19,Rossmann,Always,Női higiénia & baba,Always Ultra Super Extra egészségügyi betét - 40 db,40 db,40.0,db,8700216450287,3341.0,Nincs készleten 3 341 Ft 84 Ft/db,https://shop.rossmann.hu/termek/always-ultra-daynight-egeszsegugyi-betet-40-db
2026-08-19,Rossmann,Always,Női higiénia & baba,Always Ultra Day&Night Duo Pack egészségügyi betét - 14 db,14 db,14.0,db,8700216861052,1345.0,Nincs készleten 1 345 Ft 96 Ft/db,https://shop.rossmann.hu/termek/always-ultra-night-duo-egeszsegugyi-betet-14-db
2026-08-19,Rossmann,Always,Női higiénia & baba,Always Ultra Normal egészségügyi betét - 56 db,56 db,56.0,db,8700216450348,3341.0,Nincs készleten 3 341 Ft 60 Ft/db,https://shop.rossmann.hu/termek/always-ultra-normal-egeszsegugyi-betet-56-db
2026-08-19,Rossmann,Always,Női higiénia & baba,Always Ultra Micro Touch Normal Plus egészségügyi betét - 10 db,10 db,10.0,db,8700216861120,636.0,Nincs készleten 636 Ft 64 Ft/db,https://shop.rossmann.hu/termek/always-ultra-normal-plus-egeszsegugyi-betet-10-db
2026-08-19,Rossmann,Always,Női higiénia & baba,Always Ultra Super Duo Pack egészségügyi betét - 16 db,16 db,16.0,db,8700216861069,1345.0,Nincs készleten 1 345 Ft 84 Ft/db,https://shop.rossmann.hu/termek/always-ultra-super-plus-duo-egeszsegugyi-betet-16-db
2026-08-19,Rossmann,Always,Női higiénia & baba,Bourjois Always Fabulous korrektor /100 ivory - 1 db,1 db,1.0,db,3616303011321,3224.0,4 299 Ft 4 299 Ft/db,https://shop.rossmann.hu/termek/bouejois-always-fabulous-korrektor-100-1-db
2026-08-19,Rossmann,Always,Női higiénia & baba,Bourjois Always Fabulous korrektor /200 vanilla - 1 db,1 db,1.0,db,3616303011338,3224.0,4 299 Ft 4 299 Ft/db,https://shop.rossmann.hu/termek/bounjois-always-fabolous-korrektor-200-1-db
2026-08-19,Rossmann,Always,Női higiénia & baba,Bourjois Always Fabulous 24H alapozó /120 - 1 db,1 db,1.0,db,3614228413428,4349.0,5 799 Ft 5 799 Ft/db,https://shop.rossmann.hu/termek/bourjois-alapozo-always-fabulous-24h-120-1-db
2026-08-19,Rossmann,Always,Női higiénia & baba,Bourjois Always Fabulous 24H alapozó /125 ivory - 1 db,1 db,1.0,db,3614228413435,4349.0,5 799 Ft 5 799 Ft/db,https://shop.rossmann.hu/termek/bourjois-alapozo-always-fabulous-24h-125-1-db
2026-08-19,Rossmann,Always,Női higiénia & baba,Bourjois Always Fabulous 24H alapozó /200 - 1 db,1 db,1.0,db,3614228413442,4349.0,5 799 Ft 5 799 Ft/db,https://shop.rossmann.hu/termek/bourjois-alapozo-always-fabulous-24h-200-1-db
2026-08-19,Rossmann,Always,Női higiénia & baba,Bourjois Always Fabulous 24H alapozó /400 - 1 db,1 db,1.0,db,3614228413473,4349.0,5 799 Ft 5 799 Ft/db,https://shop.rossmann.hu/termek/bourjois-alapozo-always-fabulous-24h-400-1-db
2026-08-19,Rossmann,Always,Női higiénia & baba,Bourjois Always Fabulous 24H alapozó /105 - 1 db,1 db,1.0,db,3616302732722,4349.0,5 799 Ft 5 799 Ft/db,https://shop.rossmann.hu/termek/bourjois-always-fabulous-24h-alapozo-105-1-db
2026-08-19,Rossmann,Always,Női higiénia & baba,Bourjois Always Fabulous 24H alapozó /300 - 1 db,1 db,1.0,db,3616302732777,4349.0,5 799 Ft 5 799 Ft/db,https://shop.rossmann.hu/termek/bourjois-always-fabulous-24h-alapozo-300-1-db
2026-08-19,Rossmann,Always,Női higiénia & baba,Bourjois Always Fabulous 24H alapozó /425 miel - 1 db,1 db,1.0,db,3616302732753,4349.0,5 799 Ft 5 799 Ft/db,https://shop.rossmann.hu/termek/bourjois-always-fabulous-24h-alapozo-425-1-db
2026-08-19,Rossmann,Always,Női higiénia & baba,Bourjois Always Fabulous 24H alapozó /520 - 1 db,1 db,1.0,db,3614228412995,4349.0,5 799 Ft 5 799 Ft/db,https://shop.rossmann.hu/termek/bourjois-always-fabulous-24h-alapozo-520-1-db
2026-08-19,Rossmann,Always,Női higiénia & baba,Bourjois Always Fabulous korrektor /300 beige rose - 1 db,1 db,1.0,db,3616303011345,3224.0,4 299 Ft 4 299 Ft/db,https://shop.rossmann.hu/termek/bourjois-always-fabulous-korrektor-300-1-db
2026-08-19,Rossmann,Always,Női higiénia & baba,Bourjois Always Fabulous korrektor /400 beige dore - 1 db,1 db,1.0,db,3616303011352,3224.0,4 299 Ft 4 299 Ft/db,https://shop.rossmann.hu/termek/bourjois-always-fabulous-korrektor-400-1-db
2026-08-19,Rossmann,Always,Női higiénia & baba,NYX Professional Makeup Vivid Rich Mechanical szemceruza /always onyx - 1 db,1 db,1.0,db,0800897246020,2999.0,Nincs készleten 2 999 Ft 2 999 Ft/db,https://shop.rossmann.hu/termek/nyx-professional-makeup-vivid-rich-mechanical-szemceruza-always-onyx-1-db
2026-08-19,Rossmann,Tampax,Női higiénia & baba,Tampax Compak Super Plus tampon - 16 db,16 db,16.0,db,8001841300399,863.0,Nincs készleten 863 Ft 54 Ft/db,https://shop.rossmann.hu/termek/tampax-compak-super-plus-tampon-16-db
2026-08-19,Rossmann,Tampax,Női higiénia & baba,Tampax Pearl Compak tampon - 16 db,16 db,16.0,db,8001841300573,1691.0,Nincs készleten 1 691 Ft 106 Ft/db,https://shop.rossmann.hu/termek/tampax-compak-pearl-super-tampon-16-db
2026-08-19,Rossmann,Tampax,Női higiénia & baba,Tampax Compak Super tampon - 16 db,16 db,16.0,db,4015400219743,833.0,Nincs készleten 833 Ft 52 Ft/db,https://shop.rossmann.hu/termek/tampax-tampon-compak-super-16-db
2026-08-19,Rossmann,Tampax,Női higiénia & baba,Tampax Compak Regular tampon - 16 db,16 db,16.0,db,4015400219538,833.0,Nincs készleten 833 Ft 52 Ft/db,https://shop.rossmann.hu/termek/tampax-tampon-compak-regular-16-db
2026-08-19,Rossmann,Tampax,Női higiénia & baba,Tampax Pearl Compak tampon - 16 db,16 db,16.0,db,8001841300511,1691.0,Nincs készleten 1 691 Ft 106 Ft/db,https://shop.rossmann.hu/termek/tampax-compak-pearl-regular-tampon-16-db
2026-08-19,Rossmann,Tampax,Női higiénia & baba,Tampax Regular tampon - 18 db,18 db,18.0,db,8006540858509,863.0,Nincs készleten 863 Ft 48 Ft/db,https://shop.rossmann.hu/termek/tampax-regular-tampon-18-db
2026-08-19,Rossmann,Discreet,Női higiénia & baba,Discreet Multiform Waterlilly tisztasági betét - 100 db,100 db,100.0,db,8001090162274,1669.0,Nincs készleten 1 669 Ft 17 Ft/db,https://shop.rossmann.hu/termek/discreet-multiform-waterlilly-tisztasagi-betet-100-db
2026-08-19,Rossmann,Discreet,Női higiénia & baba,Discreet Normal tisztasági betét - 100 db,100 db,100.0,db,8001090162038,1669.0,Nincs készleten 1 669 Ft 17 Ft/db,https://shop.rossmann.hu/termek/discreet-illatmentes-tisztasagi-betet-100-db
2026-08-19,Rossmann,Discreet,Női higiénia & baba,Discreet Multiform Spring Breeze tisztasági betét - 60 db,60 db,60.0,db,8001090170316,1199.0,Nincs készleten 1 199 Ft 20 Ft/db,https://shop.rossmann.hu/termek/discreet-multiform-spring-breeze-tisztasagi-betetek-x60
2026-08-19,Rossmann,Discreet,Női higiénia & baba,Discreet Protective Waterlilly Plus tisztasági betét - 48 db,48 db,48.0,db,8700216425773,1699.0,Nincs készleten 1 699 Ft 20 Ft/db,https://shop.rossmann.hu/termek/discreet-protective-waterlilly-plus-tisztasagi-betetek-x84
2026-08-19,Rossmann,Discreet,Női higiénia & baba,Dailee Discreet Premium Slim Maxi Plus inkontinencia betét - 10 db,10 db,10.0,db,8595611628870,3199.0,Nincs készleten 3 199 Ft 320 Ft/db,https://shop.rossmann.hu/termek/dailee-discreet-premium-slim-maxi-plus-inkontinencia-betet-10-db
2026-08-19,Rossmann,Naturella,Női higiénia & baba,Naturella Camomile Normal tisztasági betét - 52 db,52 db,52.0,db,8001090604040,1199.0,Nincs készleten 1 199 Ft 23 Ft/db,https://shop.rossmann.hu/termek/naturella-camomile-normal-tisztasagi-betet-52-db
2026-08-19,Rossmann,Naturella,Női higiénia & baba,Naturella Normal Camomile tisztasági betét - 100 db,100 db,100.0,db,8001090603807,1699.0,Nincs készleten 1 699 Ft 17 Ft/db,https://shop.rossmann.hu/termek/naturella-normal-camomile-tisztasagi-betet-100-db
2026-08-19,Rossmann,Naturella,Női higiénia & baba,Naturella Normal Camomile tisztasági betét - 44 db,44 db,44.0,db,8006540100769,1199.0,Nincs készleten 1 199 Ft 27 Ft/db,https://shop.rossmann.hu/termek/naturella-tisztasagi-betet-regular-chamomile-44-db
2026-08-19,Rossmann,Naturella,Női higiénia & baba,Naturella Ultra Maxi Camomile egészségügyi betét - 16 db,16 db,16.0,db,8001090586032,884.0,Nincs készleten 884 Ft 55 Ft/db,https://shop.rossmann.hu/termek/naturella-ultra-maxi-camomile-egeszsegugyi-betet-16-db
2026-08-19,Rossmann,Naturella,Női higiénia & baba,Naturella Ultra Night egészségügyi betét - 14 db,14 db,14.0,db,8001090585394,884.0,Nincs készleten 884 Ft 63 Ft/db,https://shop.rossmann.hu/termek/naturella-ultra-night-egeszsegugyi-betet-14-db
2026-08-19,Rossmann,Naturella,Női higiénia & baba,Naturella Ultra Night egészségügyi betét - 28 db,28 db,28.0,db,8006540399521,1508.0,Nincs készleten 1 508 Ft 54 Ft/db,https://shop.rossmann.hu/termek/naturella-ultra-night-egeszsegugyi-betet-28-db
2026-08-19,Rossmann,Naturella,Női higiénia & baba,Naturella Ultra Normal Plus egészségügyi betét - 18 db,18 db,18.0,db,8006540098257,883.0,Nincs készleten 883 Ft 49 Ft/db,https://shop.rossmann.hu/termek/naturella-ultra-normal-plus-egeszsegugyi-betet-18-db
2026-08-19,Rossmann,Naturella,Női higiénia & baba,Naturella Ultra Normal Plus egészségügyi betét - 36 db,36 db,36.0,db,8006540981092,1508.0,Nincs készleten 1 508 Ft 42 Ft/db,https://shop.rossmann.hu/termek/naturella-ultra-normal-plus-egeszsegugyi-betet-36-db
2026-08-19,Rossmann,Naturella,Női higiénia & baba,Naturella Ultra Normal egészségügyi betét - 40 db,40 db,40.0,db,4015400197546,1508.0,Nincs készleten 1 508 Ft 38 Ft/db,https://shop.rossmann.hu/termek/naturella-ultra-normal-szarnyas-egeszsegugyi-betet-40-db
2026-08-19,Rossmann,Naturella,Női higiénia & baba,Naturella Ultra Normal egészségügyi betét - 20 db,20 db,20.0,db,8001090585592,884.0,Nincs készleten 884 Ft 44 Ft/db,https://shop.rossmann.hu/termek/naturella-ultra-normal-egeszsegugyi-betet-20-db-1
2026-08-19,Rossmann,Naturella,Női higiénia & baba,Naturella Classic Night Camomile egészségügyi betét - 7 db,7 db,7.0,db,4015400437543,438.0,Nincs készleten 438 Ft 63 Ft/db,https://shop.rossmann.hu/termek/naturella-classic-night-camomile-egeszsegugyi-betet-7-db
2026-08-19,Rossmann,Naturella,Női higiénia & baba,Naturella Normal Camomile tisztasági betét - 74 db,74 db,74.0,db,8006540100806,1699.0,Nincs készleten 1 699 Ft 23 Ft/db,https://shop.rossmann.hu/termek/naturella-normal-camomile-tisztasagi-betet-74-db
2026-08-19,Rossmann,Naturella,Női higiénia & baba,Naturella Ultra Night Plus egészségügyi betét - 12 db,12 db,12.0,db,8700216882347,884.0,Nincs készleten 884 Ft 74 Ft/db,https://shop.rossmann.hu/termek/naturella-ultra-night-plus-szarnyas-betet-5-os-meret-12-db
2026-08-19,Rossmann,Naturella,Női higiénia & baba,Naturella Ultra Night Plus egészségügyi betét - 24 db,24 db,24.0,db,8700216882378,1508.0,Nincs készleten 1 508 Ft 63 Ft/db,https://shop.rossmann.hu/termek/naturella-ultra-night-plus-szarnyas-betet-5-os-meret-24-db
2026-08-19,Rossmann,Naturella,Női higiénia & baba,Naturella Ultra egészségügyi betét - 32 db,32 db,32.0,db,8006540399569,1508.0,Nincs készleten 1 508 Ft 47 Ft/db,https://shop.rossmann.hu/termek/naturella-ultra-egeszsegugyi-betet-32-db
2026-08-19,Rossmann,Pampers,Női higiénia & baba,Ninjamas Pyjama bugyipelenka 27-43 kg /szívecskés - 9 db,43000 g,43000.0,g,8006540630648,2110.0,Nincs készleten 2 110 Ft 234 Ft/db,https://shop.rossmann.hu/termek/ninjamas-pyjama-pants-bugyipelenka-8-12-ev-27-43-kg-szivecskes-9-db
2026-08-19,Rossmann,Pampers,Női higiénia & baba,Ninjamas Pyjama bugyipelenka 27-43 kg /űrhajós - 9 db,43000 g,43000.0,g,8006540630617,2110.0,Nincs készleten 2 110 Ft 234 Ft/db,https://shop.rossmann.hu/termek/ninjamas-pyjama-pants-bugyipelenka-8-12-ev-27-43-kg-urhajos-9-db
2026-08-19,Rossmann,Pampers,Női higiénia & baba,"Pampers Active Baby Giant Pack pelenka 11-16 kg, méret: 5 - 64 db",16000 g,16000.0,g,8001090949974,8764.0,Nincs készleten 8 764 Ft 137 Ft/db,https://shop.rossmann.hu/termek/pampers-active-baby-dry-pelenka-5-junior-64-db
2026-08-19,Rossmann,Pampers,Női higiénia & baba,"Pampers Active Baby Giant Pack pelenka 13-18 kg, méret: 6 - 56 db",18000 g,18000.0,g,8001090950130,8764.0,Nincs készleten 8 764 Ft 157 Ft/db,https://shop.rossmann.hu/termek/pampers-active-baby-dry-pelenka-6-extra-large-56-db
2026-08-19,Rossmann,Pampers,Női higiénia & baba,"Pampers Active Baby Jumbo Pack bugyipelenka 17+kg, méret: 8 - 32 db",32 db,32.0,db,8006540499382,6699.0,Nincs készleten 6 699 Ft 209 Ft/db,https://shop.rossmann.hu/termek/pampers-pants-jumbo-pack-8-as-19-kg-32-db
2026-08-19,Rossmann,Pampers,Női higiénia & baba,"Pampers Active Baby Mega Pack bugyipelenka 13-19 kg, méret: 6 - 84 db",19000 g,19000.0,g,8006540069530,11699.0,Nincs készleten 11 699 Ft 139 Ft/db,https://shop.rossmann.hu/termek/pampers-pants-mega-pack-6-os-15-kg-84-db
2026-08-19,Rossmann,Pampers,Női higiénia & baba,"Pampers Active Baby Mega Pack bugyipelenka 15+ kg, méret: 7 - 74 db",74 db,74.0,db,8006540069622,11699.0,Nincs készleten 11 699 Ft 158 Ft/db,https://shop.rossmann.hu/termek/pampers-pants-mega-pack-7-es-17-kg-74-db
2026-08-19,Rossmann,Pampers,Női higiénia & baba,"Pampers Active Baby bugyipelenka /mancs őrjárat méret: 4, 9-15 kg - 72 db",15000 g,15000.0,g,8006540863572,9238.0,Nincs készleten 9 238 Ft 128 Ft/db,https://shop.rossmann.hu/termek/pampers-pants-mancs-orjarat-bugyipelenka-4-es-meret-9-15-kg-72-db
2026-08-19,Rossmann,Pampers,Női higiénia & baba,"Pampers Active Baby bugyipelenka 9-15 kg, méret: 4 - 176 db",15000 g,15000.0,g,8006540068557,18299.0,Nincs készleten 18 299 Ft 104 Ft/db,https://shop.rossmann.hu/termek/pampers-pants-monthly-pack-4-es-9-15-kg-176-db-1
2026-08-19,Rossmann,Pampers,Női higiénia & baba,"Pampers Active Baby pelenka 13-18 kg, méret: 6 - 96 db",18000 g,18000.0,g,8001090951892,14839.0,Nincs készleten 14 839 Ft 155 Ft/db,https://shop.rossmann.hu/termek/pampers-active-baby-mega-pack-6-os-13-18kg-96-db
2026-08-19,Rossmann,Pampers,Női higiénia & baba,"Pampers Active Baby pelenka 9-14kg, méret: 4 - 132 db",14000 g,14000.0,g,8001090951618,14839.0,Nincs készleten 14 839 Ft 112 Ft/db,https://shop.rossmann.hu/termek/pampers-active-baby-mega-pack-4-es-9-14kg-132-db
2026-08-19,Rossmann,Pampers,Női higiénia & baba,Pampers Fresh Clean nedves törlőkendő (4x52) - 208 db,208 db,208.0,db,8006530098441,3599.0,Nincs készleten 3 599 Ft 17 Ft/db,https://shop.rossmann.hu/termek/pampers-fresh-clean-torlokendo-4x52-208-db
2026-08-19,Rossmann,Pampers,Női higiénia & baba,Pampers Fresh Clean nedves törlőkendő (4x80) - 320 db,320 db,320.0,db,8001841078052,4999.0,Nincs készleten 4 999 Ft 16 Ft/db,https://shop.rossmann.hu/termek/pampers-torlokendo-fresh-clean-4x80-320-db
2026-08-19,Rossmann,Pampers,Női higiénia & baba,Pampers Fresh Clean nedves törlőkendő (6*80) - 480 db,480 db,480.0,db,8006540174746,6199.0,Nincs készleten 6 199 Ft 13 Ft/db,https://shop.rossmann.hu/termek/pampers-torlokendo-fresh-clean-6-80-480-db-1
2026-08-19,Rossmann,Pampers,Női higiénia & baba,Pampers Fresh Clean nedves törlőkendő - 1200 db,1200 db,1200.0,db,8001841078496,13699.0,Nincs készleten 13 699 Ft 11 Ft/db,https://shop.rossmann.hu/termek/pampers-fresh-clean-nedves-torlokendo-15-csomag-1200-db
2026-08-19,Rossmann,Pampers,Női higiénia & baba,Pampers Fresh Clean nedves törlőkendő - 52 db,52 db,52.0,db,8006530098366,919.0,Nincs készleten 919 Ft 18 Ft/db,https://shop.rossmann.hu/termek/pampers-fresh-clean-torlokendo-52-db
2026-08-19,Rossmann,Pampers,Női higiénia & baba,Pampers Fresh Clean nedves törlőkendő - 80 db,80 db,80.0,db,8001841077598,1369.0,Nincs készleten 1 369 Ft 17 Ft/db,https://shop.rossmann.hu/termek/pampers-fresh-clean-torlokendo-80-db
2026-08-19,Rossmann,Pampers,Női higiénia & baba,"Pampers Premium Care Mega Pack pelenka 4-es méret, 9-14 kg - 104 db",14000 g,14000.0,g,4015400465447,11699.0,Nincs készleten 11 699 Ft 112 Ft/db,https://shop.rossmann.hu/termek/pampers-premium-care-megabox-4-es-9-14-kg-104-db
2026-08-19,Rossmann,Pampers,Női higiénia & baba,"Pampers Premium Care pelenka 11-16 kg, méret: 5 - 44 db",16000 g,16000.0,g,4015400278870,6499.0,Nincs készleten 6 499 Ft 148 Ft/db,https://shop.rossmann.hu/termek/pampers-premium-care-junior-pelenka-44-db
2026-08-19,Rossmann,Pampers,Női higiénia & baba,"Pampers Premium Care pelenka 13+ kg, méret: 6 - 38 db",38 db,38.0,db,8001841105130,6499.0,Nincs készleten 6 499 Ft 171 Ft/db,https://shop.rossmann.hu/termek/pampers-premium-care-6-os-13-kg-38-db
2026-08-19,Rossmann,Pampers,Női higiénia & baba,Pampers Premium Care pelenka 15+kg/méret: 7 - 32 db,32 db,32.0,db,8700216423915,6499.0,Nincs készleten 6 499 Ft 203 Ft/db,https://shop.rossmann.hu/termek/pampers-premium-care-pelenka-7-es-meret-15kg-32-db
2026-08-19,Rossmann,Pampers,Női higiénia & baba,Pampers Premium Care pelenka 2-5 kg /méret: 1 - 156 db,5000 g,5000.0,g,8700216346757,13199.0,Nincs készleten 13 199 Ft 85 Ft/db,https://shop.rossmann.hu/termek/pampers-premium-care-pelenka-1-meret-2kg-5kg-156-db
2026-08-19,Rossmann,Pampers,Női higiénia & baba,Pampers Premium Care pelenka 4-8 kg/ méret: 2 - 136 db,8000 g,8000.0,g,8006540855812,12239.0,Nincs készleten 12 239 Ft 90 Ft/db,https://shop.rossmann.hu/termek/pampers-premium-care-pelenka-2-es-meret-4-8-kg-136-db
2026-08-19,Rossmann,Pampers,Női higiénia & baba,Pampers Premium Care pelenka 9-14 kg /méret: 4 - 174 db,14000 g,14000.0,g,8006540855935,18999.0,Nincs készleten 18 999 Ft 109 Ft/db,https://shop.rossmann.hu/termek/pampers-premium-care-pelenka-4-es-meret-9-14-kg-174-db
2026-08-19,Rossmann,Pampers,Női higiénia & baba,Pampers Fresh Clean nedves törlőkendő - 260 db,260 db,260.0,db,8006530117630,4349.0,Nincs készleten 4 349 Ft 17 Ft/db,https://shop.rossmann.hu/termek/a-pampers-fresh-clean-nedves-torlokendo-260-db
2026-08-19,Rossmann,Pampers,Női higiénia & baba,Pampers 99% Water törlőkendő - 60 db,60 db,60.0,db,8006530116558,1499.0,Nincs készleten 1 499 Ft 25 Ft/db,https://shop.rossmann.hu/termek/pampers-99-ban-vizalapu-baby-nedves-torlokendo-1-csomag-x-60-torlokendo-db-baba-nedves-torlokendo
2026-08-19,Rossmann,Pampers,Női higiénia & baba,Pampers Water nedves törlőkendő 12x60 db - 720 db,720 db,720.0,db,8006530116152,13599.0,Nincs készleten 13 599 Ft 19 Ft/db,https://shop.rossmann.hu/termek/pampers-99-ban-vizalapu-baby-nedves-torlokendo-12-csomag-x-60-torlokendo-db-baba-nedves-torlokendo
2026-08-19,Rossmann,Pampers,Női higiénia & baba,Pampers Water nedves törlőkendő 18x60 - 1080 db,1080 db,1080.0,db,8006530116374,16499.0,Nincs készleten 16 499 Ft 15 Ft/db,https://shop.rossmann.hu/termek/pampers-99-ban-vizalapu-baby-nedves-torlokendo-18-csomag-x-60-torlokendo-db-baba-nedves-torlokendo
2026-08-19,Rossmann,Pampers,Női higiénia & baba,Pampers 99% Water törlőkendő 3x60 db - 180 db,180 db,180.0,db,8006530116206,3699.0,Nincs készleten 3 699 Ft 21 Ft/db,https://shop.rossmann.hu/termek/pampers-99-ban-vizalapu-baby-nedves-torlokendo-3-csomag-x-60-torlokendo-db-baba-nedves-torlokendo
2026-08-19,Rossmann,Pampers,Női higiénia & baba,Pampers 99% Water törlőkendő 4x60 db - 240 db,240 db,240.0,db,8006530116305,4599.0,Nincs készleten 4 599 Ft 19 Ft/db,https://shop.rossmann.hu/termek/pampers-99-ban-vizalapu-baby-nedves-torlokendo-4-csomag-x-60-torlokendo-db-baba-nedves-torlokendo
2026-08-19,Rossmann,Pampers,Női higiénia & baba,Pampers Water nedves törlőkendő 6x60 db - 360 db,360 db,360.0,db,8006530116596,6699.0,Nincs készleten 6 699 Ft 19 Ft/db,https://shop.rossmann.hu/termek/pampers-99-ban-vizalapu-baby-nedves-torlokendo-6-csomag-x-60-torlokendo-db-baba-nedves-torlokendo
2026-08-19,Rossmann,Pampers,Női higiénia & baba,Pampers Water nedves törlőkendő 9x60 db - 540 db,540 db,540.0,db,8006530116459,9999.0,Nincs készleten 9 999 Ft 19 Ft/db,https://shop.rossmann.hu/termek/pampers-99-ban-vizalapu-baby-nedves-torlokendo-9-csomag-x-60-torlokendo-db-baba-nedves-torlokendo
2026-08-19,Rossmann,Pampers,Női higiénia & baba,"Pampers Pants Monthly Pack bugyipelenka 3-as méret, 6-11 kg - 180 db",11000 g,11000.0,g,8006530305716,16557.0,Nincs készleten 16 557 Ft 92 Ft/db,https://shop.rossmann.hu/termek/pampers-active-baby-bugyipelenka-meret-3-180-db-pelenka-6kg-11kg
2026-08-19,Rossmann,Pampers,Női higiénia & baba,"Pampers Pants Monthly Pack bugyipelenka 4-es méret, 9-15 kg - 156 db",15000 g,15000.0,g,8006530305662,16557.0,Nincs készleten 16 557 Ft 106 Ft/db,https://shop.rossmann.hu/termek/pampers-active-baby-bugyipelenka-meret-4-156-db-pelenka-9kg-15kg
2026-08-19,Rossmann,Pampers,Női higiénia & baba,"Pampers Pants Jumbo Pack bugyipelenka 4-es méret, 9-15 kg - 54 db",15000 g,15000.0,g,8006530316668,6699.0,Nincs készleten 6 699 Ft 124 Ft/db,https://shop.rossmann.hu/termek/pampers-active-baby-bugyipelenka-meret-4-54-db-pelenka-9kg-15kg
2026-08-19,Rossmann,Pampers,Női higiénia & baba,"Pampers Pants Monthly Pack bugyipelenka 5-ös méret, 11-17 kg - 136 db",17000 g,17000.0,g,8006530305679,16557.0,Nincs készleten 16 557 Ft 122 Ft/db,https://shop.rossmann.hu/termek/pampers-active-baby-bugyipelenka-meret-5-136-db-pelenka-11kg-17kg
2026-08-19,Rossmann,Pampers,Női higiénia & baba,"Pampers Pants Monthly Pack bugyipelenka 6-os méret, 13-19 kg - 120 db",19000 g,19000.0,g,8006530305617,16557.0,Nincs készleten 16 557 Ft 138 Ft/db,https://shop.rossmann.hu/termek/pampers-active-baby-bugyipelenka-meret-6-120-db-pelenka-13kg-19kg
2026-08-19,Rossmann,Pampers,Női higiénia & baba,Pampers Pants Jumbo Pack bugyipelenka 6-os méret 13-19 kg - 42 db,19000 g,19000.0,g,8006530316699,6699.0,Nincs készleten 6 699 Ft 160 Ft/db,https://shop.rossmann.hu/termek/pampers-active-baby-bugyipelenka-meret-6-44-db-pelenka-13kg-19kg
2026-08-19,Rossmann,Pampers,Női higiénia & baba,"Pampers Pants Monthly Pack bugyipelenka 7-es méret, 15+ kg - 108 db",108 db,108.0,db,8006530305747,16557.0,Nincs készleten 16 557 Ft 153 Ft/db,https://shop.rossmann.hu/termek/pampers-active-baby-bugyipelenka-meret-7-108-db-pelenka-15kg
2026-08-19,Rossmann,Pampers,Női higiénia & baba,"Pampers Pants Mega Pack+ bugyipelenka 8-as méret, 17+ kg - 64 db",64 db,64.0,db,8006530304627,11699.0,Nincs készleten 11 699 Ft 183 Ft/db,https://shop.rossmann.hu/termek/pampers-active-baby-bugyipelenka-meret-8-64-db-pelenka-17kg
2026-08-19,Rossmann,Pampers,Női higiénia & baba,"Pampers Pants Monthly Pack bugyipelenka 8-as méret, 17+ kg - 92 db",92 db,92.0,db,8006530305761,16557.0,Nincs készleten 16 557 Ft 180 Ft/db,https://shop.rossmann.hu/termek/pampers-active-baby-bugyipelenka-meret-8-92-db-pelenka-17kg
2026-08-19,Rossmann,Pampers,Női higiénia & baba,"Pampers Active Baby Giantpack pelenka 6-10 kg, méret: 3 - 90 db",10000 g,10000.0,g,8001090949455,8764.0,Nincs készleten 8 764 Ft 97 Ft/db,https://shop.rossmann.hu/termek/pampers-active-baby-dry-pelenka-3-midi-90-db
2026-08-19,Rossmann,Pampers,Női higiénia & baba,"Pampers Active Baby Giant Pack pelenka 9-14 kg, méret: 4 - 76 db",14000 g,14000.0,g,8001090949615,8764.0,Nincs készleten 8 764 Ft 115 Ft/db,https://shop.rossmann.hu/termek/pampers-active-baby-dry-pelenka-4-maxi-76-db
2026-08-19,Rossmann,Pampers,Női higiénia & baba,"Pampers Active Baby Giant Pack bugyipelenka 7-es méret, 15+ kg - 52 db",52 db,52.0,db,8006530230131,8764.0,Nincs készleten 8 764 Ft 169 Ft/db,https://shop.rossmann.hu/termek/pampers-active-baby-giant-pack-bugyipelenka-7-es-meret-15-kg-52-db
2026-08-19,Rossmann,Pampers,Női higiénia & baba,"Pampers Active Baby pelenka 6-10kg, méret: 3 - 152 db",10000 g,10000.0,g,8001090951533,14839.0,Nincs készleten 14 839 Ft 98 Ft/db,https://shop.rossmann.hu/termek/pampers-active-baby-mega-pack-3-as-6-10kg-152-db
2026-08-19,Rossmann,Pampers,Női higiénia & baba,"Pampers Active Baby pelenka 6-10 kg, méret: 3 - 208 db",10000 g,10000.0,g,8001090910745,16599.0,Nincs készleten 16 599 Ft 80 Ft/db,https://shop.rossmann.hu/termek/pampers-active-baby-monthly-pack-3-as-6-10-kg-208-db
2026-08-19,Rossmann,Pampers,Női higiénia & baba,"Pampers Active Baby pelenka 9-14 kg, méret: 4 - 180 db",14000 g,14000.0,g,8006540032725,16599.0,Nincs készleten 16 599 Ft 92 Ft/db,https://shop.rossmann.hu/termek/pampers-active-baby-monthly-pack-4-es-9-14-kg-180-db
2026-08-19,Rossmann,Pampers,Női higiénia & baba,"Pampers Active Baby pelenka 11-16 kg, méret: 5 - 150 db",16000 g,16000.0,g,8001090910981,16599.0,Nincs készleten 16 599 Ft 111 Ft/db,https://shop.rossmann.hu/termek/pampers-active-baby-monthly-pack-5-11-16-kg-150-db
2026-08-19,Rossmann,Pampers,Női higiénia & baba,"Pampers Active Baby pelenka 13-18 kg, méret: 6 - 128 db",18000 g,18000.0,g,8006540032688,16599.0,Nincs készleten 16 599 Ft 130 Ft/db,https://shop.rossmann.hu/termek/pampers-active-baby-monthly-pack-6-13-18-kg-128-db
2026-08-19,Rossmann,Pampers,Női higiénia & baba,Pampers Aqua Soft Touch törlőkendő - 60 db,60 db,60.0,db,8006530140171,1599.0,Nincs készleten 1 599 Ft 27 Ft/db,https://shop.rossmann.hu/termek/pampers-aqua-soft-touch-baby-nedves-torlokendo-1-csomag-x-60-torlokendo-db-baba-nedves-torlokendo
2026-08-19,Rossmann,Pampers,Női higiénia & baba,Pampers Aqua Soft Touch törlőkendő 12x48 db - 576 db,576 db,576.0,db,8006530140225,12999.0,Nincs készleten 12 999 Ft 23 Ft/db,https://shop.rossmann.hu/termek/pampers-aqua-soft-touch-baby-nedves-torlokendo-12-csomag-x-48-torlokendo-db-baba-nedves-torlokendo
2026-08-19,Rossmann,Pampers,Női higiénia & baba,Pampers Aqua Soft nedves törlőkendő 18x48 db - 864 db,864 db,864.0,db,8006530139977,18699.0,Nincs készleten 18 699 Ft 22 Ft/db,https://shop.rossmann.hu/termek/pampers-aqua-soft-touch-baby-nedves-torlokendo-15-csomag-x-48-torlokendo-db-baba-nedves-torlokendo
2026-08-19,Rossmann,Pampers,Női higiénia & baba,Pampers Aqua Soft nedves törlőkendő 15x60 db - 900 db,900 db,900.0,db,8006530140232,19999.0,Nincs készleten 19 999 Ft 22 Ft/db,https://shop.rossmann.hu/termek/pampers-aqua-soft-touch-baby-nedves-torlokendo-15-csomag-x-60-torlokendo-db-baba-nedves-torlokendo
2026-08-19,Rossmann,Pampers,Női higiénia & baba,Pampers Aqua Soft Touch nedves törlőkendő 3x60 db - 180 db,180 db,180.0,db,8006530139953,4599.0,Nincs készleten 4 599 Ft 26 Ft/db,https://shop.rossmann.hu/termek/pampers-aqua-soft-touch-baby-nedves-torlokendo-3-csomag-x-60-torlokendo-db-baba-nedves-torlokendo
2026-08-19,Rossmann,Pampers,Női higiénia & baba,Pampers Aqua Soft Touch nedves törlőkendő 4x60 db - 240 db,240 db,240.0,db,8006530140027,5699.0,Nincs készleten 5 699 Ft 24 Ft/db,https://shop.rossmann.hu/termek/pampers-aqua-soft-touch-baby-nedves-torlokendo-4-csomag-x-60-torlokendo-db-baba-nedves-torlokendo
2026-08-19,Rossmann,Pampers,Női higiénia & baba,Pampers Aqua Soft Touch nedves törlőkendő 6x60 db - 360 db,360 db,360.0,db,8006530140133,9699.0,Nincs készleten 9 699 Ft 27 Ft/db,https://shop.rossmann.hu/termek/pampers-aqua-soft-touch-baby-nedves-torlokendo-6-csomag-x-60-torlokendo-db-baba-nedves-torlokendo
2026-08-19,Rossmann,Pampers,Női higiénia & baba,Pampers Fresh Clean nedves törlőkendő 2x80 db - 160 db,160 db,160.0,db,8006530135269,2799.0,Nincs készleten 2 799 Ft 17 Ft/db,https://shop.rossmann.hu/termek/pampers-fresh-clean-baby-nedves-torlokendo-2-csomag-x-80-torlokendo-db-baba-nedves-torlokendo
2026-08-19,Rossmann,Pampers,Női higiénia & baba,Pampers Fresh Clean törlőkendő 3x80 db - 240 db,240 db,240.0,db,8006530134422,3999.0,Nincs készleten 3 999 Ft 17 Ft/db,https://shop.rossmann.hu/termek/pampers-fresh-clean-baby-nedves-torlokendo-3-csomag-x-80-torlokendo-db-baba-nedves-torlokendo
2026-08-19,Rossmann,Pampers,Női higiénia & baba,Pampers Harmonie Aqua nedves törlőkendő - 10 db,10 db,10.0,db,8006540811085,699.0,Nincs készleten 699 Ft 70 Ft/db,https://shop.rossmann.hu/termek/pampers-harmonie-aqua-nedves-torlokendo-muanyagmentes-10-db
2026-08-19,Rossmann,Pampers,Női higiénia & baba,Pampers Harmonie pelenka 9-15kg /méret: 4 - 24 db,15000 g,15000.0,g,8700216251686,4136.0,Nincs készleten 4 136 Ft 172 Ft/db,https://shop.rossmann.hu/termek/pampers-harmonie-bugyielenka-meret-4-9kg-15kg-24-db
2026-08-19,Rossmann,Pampers,Női higiénia & baba,Pampers Harmonie pelenka 2-5kg /méret: 1 - 35 db,5000 g,5000.0,g,8700216251792,3012.0,Nincs készleten 3 012 Ft 86 Ft/db,https://shop.rossmann.hu/termek/pampers-harmonie-bugyipelenka-meret-1-35-pelenka-2kg-5kg-35-db
2026-08-19,Rossmann,Pampers,Női higiénia & baba,Pampers Harmonie pelenka 6-10kg /méret: 3 - 28 db,10000 g,10000.0,g,8700216251716,4490.0,Nincs készleten 4 490 Ft 160 Ft/db,https://shop.rossmann.hu/termek/pampers-harmonie-bugyipelenka-meret-3-6kg-10kg-28-db
2026-08-19,Rossmann,Pampers,Női higiénia & baba,Pampers Harmonie pelenka 11-16kg /méret: 5 - 21 db,16000 g,16000.0,g,8700216251679,4490.0,Nincs készleten 4 490 Ft 214 Ft/db,https://shop.rossmann.hu/termek/pampers-harmonie-bugyipelenka-meret-5-11kg-16kg-21-db
2026-08-19,Rossmann,Pampers,Női higiénia & baba,"Pampers Harmonie bugyipelenka 15+ kg, méret: 6 - 19 db",19 db,19.0,db,8700216235648,4587.0,Nincs készleten 4 587 Ft 241 Ft/db,https://shop.rossmann.hu/termek/pampers-harmonie-pants-pelenka-6-os-15-kg-18-db
2026-08-19,Rossmann,Pampers,Női higiénia & baba,"Pampers Night Jumbo Pants bugyipelenka 4-es méret, 9-15 kg - 52 db",15000 g,15000.0,g,8006530320665,7499.0,Nincs készleten 7 499 Ft 144 Ft/db,https://shop.rossmann.hu/termek/pampers-night-bugyipelenka-meret-4-52-db-pelenka-9kg-15kg
2026-08-19,Rossmann,Pampers,Női higiénia & baba,"Pampers Night Jumbo Pants bugyipelenka 5-ös méret, 12-17 kg - 46 db",17000 g,17000.0,g,8006530320658,7499.0,Nincs készleten 7 499 Ft 163 Ft/db,https://shop.rossmann.hu/termek/pampers-night-bugyipelenka-meret-5-46-db-pelenka-11kg-17kg
2026-08-19,Rossmann,Pampers,Női higiénia & baba,"Pampers Night Jumbo Pants bugyipelenka 6-os méret, 15+ kg - 40 db",40 db,40.0,db,8006530320603,7499.0,Nincs készleten 7 499 Ft 187 Ft/db,https://shop.rossmann.hu/termek/pampers-night-bugyipelenka-meret-6-40-db-pelenka-13kg-19kg
2026-08-19,Rossmann,Pampers,Női higiénia & baba,"Pampers Night Pants éjszakai bugyipelenka 7-es méret, 15+ kg - 17 db",17 db,17.0,db,8006530320696,3729.0,Nincs készleten 3 729 Ft 219 Ft/db,https://shop.rossmann.hu/termek/pampers-night-bugyipelenka-meret-7-17-db-pelenka-15kg
2026-08-19,Rossmann,Pampers,Női higiénia & baba,"Pampers Night Jumbo Pants bugyipelenka 7-es méret, 15+ kg - 35 db",35 db,35.0,db,8006530320573,7499.0,Nincs készleten 7 499 Ft 214 Ft/db,https://shop.rossmann.hu/termek/pampers-night-bugyipelenka-meret-7-35-db-pelenka-15kg
2026-08-19,Rossmann,Pampers,Női higiénia & baba,"Pampers Night Pants éjszakai bugyipelenka 15+kg, méret: 6 - 19 db",19 db,19.0,db,8006540234761,3729.0,Nincs készleten 3 729 Ft 196 Ft/db,https://shop.rossmann.hu/termek/pampers-night-pants-6-os-15-kg-19-db
2026-08-19,Rossmann,Pampers,Női higiénia & baba,"Pampers Night Pants bugyipelenka 9-15 kg, méret: 4 - 25 db",15000 g,15000.0,g,8006540234709,3729.0,Nincs készleten 3 729 Ft 149 Ft/db,https://shop.rossmann.hu/termek/pampers-night-pants-bugyipelenka-4-es-9-45-kg-25-db
2026-08-19,Rossmann,Pampers,Női higiénia & baba,"Pampers Night Pants éjszakai bugyipelenka 12-17 kg, méret: 5 - 22 db",17000 g,17000.0,g,8006540234730,3729.0,Nincs készleten 3 729 Ft 170 Ft/db,https://shop.rossmann.hu/termek/pampers-night-pants-bugyipelenka-5-os-12-17-kg-22-db
2026-08-19,Rossmann,Pampers,Női higiénia & baba,"Pampers Active Baby Jumbo Pack bugyipelenka 6-11 kg, méret: 3 - 62 db",11000 g,11000.0,g,8006540069233,6699.0,Nincs készleten 6 699 Ft 108 Ft/db,https://shop.rossmann.hu/termek/pampers-pants-jumbo-pack-3-as-6-11-kg-62-db
2026-08-19,Rossmann,Pampers,Női higiénia & baba,"Pampers Active Baby Jumbo Pack bugyipelenka 15+kg, méret: 7 - 38 db",38 db,38.0,db,8006540069387,6699.0,Nincs készleten 6 699 Ft 176 Ft/db,https://shop.rossmann.hu/termek/pampers-pants-jumbo-pack-7-es-17-kg-38-db
2026-08-19,Rossmann,Pampers,Női higiénia & baba,"Pampers Active Baby Jumbo Pack bugyipelenka 12-17 kg, méret: 5- 48 db",17000 g,17000.0,g,8006540069325,6699.0,Nincs készleten 6 699 Ft 140 Ft/db,https://shop.rossmann.hu/termek/pampers-pants-jumbo-pack-pelenka-5-os-12-17kg-48-db
2026-08-19,Rossmann,Pampers,Női higiénia & baba,"Pampers Active Baby Mega Pack bugyipelenka 6-11 kg, méret: 3 - 128 db",11000 g,11000.0,g,8006540069417,11699.0,Nincs készleten 11 699 Ft 91 Ft/db,https://shop.rossmann.hu/termek/pampers-pants-mega-pack-3-as-6-11-kg-128-db
2026-08-19,Rossmann,Pampers,Női higiénia & baba,"Pampers Active Baby Mega Pack bugyipelenka 9-15 kg, méret: 4 - 108 db",15000 g,15000.0,g,8006540069448,11699.0,Nincs készleten 11 699 Ft 108 Ft/db,https://shop.rossmann.hu/termek/pampers-pants-mega-pack-4-es-9-15-kg-108-db
2026-08-19,Rossmann,Pampers,Női higiénia & baba,"Pampers Active Baby Mega Pack bugyipelenka 11-17 kg, méret: 5 - 96 db",17000 g,17000.0,g,8006540069509,11699.0,Nincs készleten 11 699 Ft 122 Ft/db,https://shop.rossmann.hu/termek/pampers-pants-mega-pack-5-os-12-17-kg-96-db-1
2026-08-19,Rossmann,Pampers,Női higiénia & baba,"Pampers Premium Care pelenka 2-5 kg, méret: 1 - 72 db",5000 g,5000.0,g,8006540858073,6299.0,Nincs készleten 6 299 Ft 87 Ft/db,https://shop.rossmann.hu/termek/pampers-premium-care-1-es-2-5-kg-72-db
2026-08-19,Rossmann,Pampers,Női higiénia & baba,"Pampers Premium Care pelenka 4-8 kg, méret: 2 - 68 db",8000 g,8000.0,g,8001841104874,6299.0,Nincs készleten 6 299 Ft 93 Ft/db,https://shop.rossmann.hu/termek/pampers-premium-care-2-es-3-6-kg-68-db
2026-08-19,Rossmann,Pampers,Női higiénia & baba,"Pampers Premium Care pelenka 9-14 kg, méret: 4 - 68 db",14000 g,14000.0,g,8001841104959,8299.0,Nincs készleten 8 299 Ft 122 Ft/db,https://shop.rossmann.hu/termek/pampers-premium-care-4-es-8-14-kg-68-db
2026-08-19,Rossmann,Pampers,Női higiénia & baba,"Pampers Premium Care pelenka 11-16 kg, méret: 5 - 58 db",16000 g,16000.0,g,8001841104997,8299.0,Nincs készleten 8 299 Ft 143 Ft/db,https://shop.rossmann.hu/termek/pampers-premium-care-5-os-11-16-kg-58-db
2026-08-19,Rossmann,Pampers,Női higiénia & baba,"Pampers Premium Care Pants Month Box bugyipelenka 3-as méret, 6-11 kg - 114 db",11000 g,11000.0,g,8006530320184,12324.0,Nincs készleten 12 324 Ft 108 Ft/db,https://shop.rossmann.hu/termek/pampers-premium-care-bugyipelenka-meret-3-114-db-pelenka-6kg-11kg
2026-08-19,Rossmann,Pampers,Női higiénia & baba,"Pampers Premium Care Pants Monthly Box bugyipelenka 4-es méret, 9-15 kg - 94 db",15000 g,15000.0,g,8006530320160,12324.0,Nincs készleten 12 324 Ft 131 Ft/db,https://shop.rossmann.hu/termek/pampers-premium-care-bugyipelenka-meret-4-94-db-pelenka-9kg-15kg
2026-08-19,Rossmann,Pampers,Női higiénia & baba,"Pampers Premium Care Pants bugyipelenka 5-ös méret, 11-17 kg - 50 db",17000 g,17000.0,g,8006530320085,8399.0,Nincs készleten 8 399 Ft 168 Ft/db,https://shop.rossmann.hu/termek/pampers-premium-care-bugyipelenka-meret-5-50-db-pelenka-11kg-17kg
2026-08-19,Rossmann,Pampers,Női higiénia & baba,"Pampers Premium Care Pants Monthly Box bugyipelenka 5-ös méret, 11-17 kg - 80 db",17000 g,17000.0,g,8006530320153,12324.0,Nincs készleten 12 324 Ft 154 Ft/db,https://shop.rossmann.hu/termek/pampers-premium-care-bugyipelenka-meret-5-80-db-pelenka-11kg-17kg
2026-08-19,Rossmann,Pampers,Női higiénia & baba,Pampers Premium Care bugyipelenka 13-19 kg /méret: 6 - 93 db,19000 g,19000.0,g,8006540491010,15599.0,Nincs készleten 15 599 Ft 168 Ft/db,https://shop.rossmann.hu/termek/pampers-premium-care-bugyipelenka-meret-6-15kg-93-db
2026-08-19,Rossmann,Pampers,Női higiénia & baba,"Pampers Premium Care Pants Monthly Box bugyipelenka 6-os méret, 13-19 kg - 72 db",19000 g,19000.0,g,8006530320139,12324.0,Nincs készleten 12 324 Ft 171 Ft/db,https://shop.rossmann.hu/termek/pampers-premium-care-bugyipelenka-meret-6-72-db-pelenka-13kg-19kg
2026-08-19,Rossmann,Pampers,Női higiénia & baba,"Pampers Premium Care bugyipelenka 7-es méret, 15+ kg - 62 db",62 db,62.0,db,8006530320245,12324.0,Nincs készleten 12 324 Ft 199 Ft/db,https://shop.rossmann.hu/termek/pampers-premium-care-bugyipelenka-meret-7-62-db-pelenka-15kg
2026-08-19,Rossmann,Pampers,Női higiénia & baba,"Pampers Premium Care nadrágpelenka 9-14 kg, méret: 4 - 52 db",14000 g,14000.0,g,4015400278818,6499.0,Nincs készleten 6 499 Ft 125 Ft/db,https://shop.rossmann.hu/termek/pampers-premium-care-maxi-pelenka-7-18-kg-52-db
2026-08-19,Rossmann,Pampers,Női higiénia & baba,"Pampers Premium Care Mega Box pelenka 3-as méret, 6-10 kg - 120 db",10000 g,10000.0,g,4015400465461,11699.0,Nincs készleten 11 699 Ft 97 Ft/db,https://shop.rossmann.hu/termek/pampers-premium-care-megabox-3-as-4-9-kg-120-db
2026-08-19,Rossmann,Pampers,Női higiénia & baba,"Pampers Premium Care Mega Box pelenka 11-16 kg, méret: 5 - 88 db",16000 g,16000.0,g,4015400541813,11699.0,Nincs készleten 11 699 Ft 133 Ft/db,https://shop.rossmann.hu/termek/pampers-premium-care-megabox-5-os-11-18-kg-88-db
2026-08-19,Rossmann,Pampers,Női higiénia & baba,"Pampers Premium Care nadrágpelenka 6-10 kg, méret: 3 - 60 db",10000 g,10000.0,g,4015400274780,6499.0,Nincs készleten 6 499 Ft 108 Ft/db,https://shop.rossmann.hu/termek/pampers-premium-care-midi-pelenka-4-9-kg-60-db
2026-08-19,Rossmann,Pampers,Női higiénia & baba,Pampers Premium Care nadrágelenka 6-os méret 13kg-18kg - 50 db,18000 g,18000.0,g,8700216865029,8299.0,Nincs készleten 8 299 Ft 166 Ft/db,https://shop.rossmann.hu/termek/pampers-premium-care-nadragelenka-6-os-meret-13kg-18kg-50-db
2026-08-19,Rossmann,Pampers,Női higiénia & baba,"Pampers Premium Care bugyipelenka 6-11 kg, méret: 3 - 70 db",11000 g,11000.0,g,8001090759955,8399.0,Nincs készleten 8 399 Ft 120 Ft/db,https://shop.rossmann.hu/termek/pampers-premium-care-pants-3-as-6-11-kg-70-db
2026-08-19,Rossmann,Pampers,Női higiénia & baba,"Pampers Premium Care bugyipelenka 9-15 kg, méret: 4 - 58 db",15000 g,15000.0,g,8001090759993,8399.0,Nincs készleten 8 399 Ft 145 Ft/db,https://shop.rossmann.hu/termek/pampers-premium-care-pants-4-es-9-15-kg-58-db
2026-08-19,Rossmann,Pampers,Női higiénia & baba,Pampers Premium Care Pants bugyipelenka 6-os méret 13-19 kg - 46 db,19000 g,19000.0,g,8006530320054,8399.0,Nincs készleten 8 399 Ft 183 Ft/db,https://shop.rossmann.hu/termek/pampers-premium-care-pants-bugyipelenka-6-os-meret-13-19-kg-46-db
2026-08-19,Rossmann,Pampers,Női higiénia & baba,Pampers Premium Care Pants bugyipelenka 7-es méret 15+ kg - 40 db,40 db,40.0,db,8006530320221,8399.0,Nincs készleten 8 399 Ft 210 Ft/db,https://shop.rossmann.hu/termek/pampers-premium-care-pants-bugyipelenka-7-es-meret-15-kg-40-db
2026-08-19,Rossmann,Pampers,Női higiénia & baba,"Pampers Premium Care pelenka 4-8 kg, méret: 2 - 88 db",8000 g,8000.0,g,8006540857717,8899.0,Nincs készleten 8 899 Ft 101 Ft/db,https://shop.rossmann.hu/termek/pampers-premium-care-pelenka-2-es-meret-4kg-8kg-88-db
2026-08-19,Rossmann,Pampers,Női higiénia & baba,"Pampers Premium Care pelenka 6-10 kg, méret: 3 - 78 db",10000 g,10000.0,g,8006540857755,8299.0,Nincs készleten 8 299 Ft 106 Ft/db,https://shop.rossmann.hu/termek/pampers-premium-care-pelenka-3-as-meret-6kg-10kg-78-db
2026-08-19,Rossmann,Pampers,Női higiénia & baba,Pampers Premium Care Monthly Pack bugyipelenka 2-es méret 4-8 kg - 204 db,8000 g,8000.0,g,8006530223669,17072.0,Nincs készleten 17 072 Ft 84 Ft/db,https://shop.rossmann.hu/termek/pampers-premium-care-pelenka-meret-2-204-db-4kg-8kg
2026-08-19,Rossmann,Pampers,Női higiénia & baba,"Pampers Premium Care bugyipelenka 3-as méret, 6-10 kg - 180 db",10000 g,10000.0,g,8006530223720,17072.0,Nincs készleten 17 072 Ft 95 Ft/db,https://shop.rossmann.hu/termek/pampers-premium-care-pelenka-meret-3-180-db-6kg-10kg
2026-08-19,Rossmann,Pampers,Női higiénia & baba,"Pampers Premium Care Monthly Pack bugyipelenka 4-es méret, 9-14 kg - 156 db",14000 g,14000.0,g,8006530223591,17072.0,Nincs készleten 17 072 Ft 109 Ft/db,https://shop.rossmann.hu/termek/pampers-premium-care-pelenka-meret-4-156-db-9kg-14kg
2026-08-19,Rossmann,Pampers,Női higiénia & baba,"Pampers Premium Care Monthly Pack bugyipelenka 5-ös méret, 11-16 kg - 132 db",16000 g,16000.0,g,8006530223478,17072.0,Nincs készleten 17 072 Ft 129 Ft/db,https://shop.rossmann.hu/termek/pampers-premium-care-pelenka-meret-5-132-db-11kg-16kg
2026-08-19,Rossmann,Pampers,Női higiénia & baba,"Pampers Premium Care Month Pack bugyipelenka 6-os méret, 13-18 kg - 116 db",18000 g,18000.0,g,8006530223744,17072.0,Nincs készleten 17 072 Ft 147 Ft/db,https://shop.rossmann.hu/termek/pampers-premium-care-pelenka-meret-6-116-db-13kg-18kg
2026-08-19,Rossmann,Pampers,Női higiénia & baba,"Pampers Premium Care Megabox bugyipelenka 6-os méret, 13-18 kg - 76 db",18000 g,18000.0,g,8006530260176,11699.0,Nincs készleten 11 699 Ft 154 Ft/db,https://shop.rossmann.hu/termek/pampers-premium-care-pelenka-meret-6-76-db-13kg-18kg
2026-08-19,Rossmann,Pampers,Női higiénia & baba,"Pampers Premium Care Megabox bugyipelenka 7-es méret, 15+ kg - 64 db",64 db,64.0,db,8006530260145,11699.0,Nincs készleten 11 699 Ft 183 Ft/db,https://shop.rossmann.hu/termek/pampers-premium-care-pelenka-meret-7-64-db-15kg
2026-08-19,Rossmann,Pampers,Női higiénia & baba,Pampers Premium Care Monthly Pack 7-es 15+kg - 99db,99 db,99.0,db,8006530223584,17072.0,Nincs készleten 17 072 Ft 172 Ft/db,https://shop.rossmann.hu/termek/pampers-premium-care-pelenka-meret-7-99-db-15kg
2026-08-19,Rossmann,Pampers,Női higiénia & baba,"Pampers Premium Care pelenka 0-ás méret, 1-2,5 kg - 30 db",2500 g,2500.0,g,4015400536857,2376.0,Nincs készleten 2 376 Ft 79 Ft/db,https://shop.rossmann.hu/termek/pampers-premium-care-ujszulott-30-db
2026-08-19,Rossmann,Pampers,Női higiénia & baba,Pampers Sensitive XXL nedves törlőkendő 12x80 db - 960 db,960 db,960.0,db,8006530134668,11399.0,Nincs készleten 11 399 Ft 12 Ft/db,https://shop.rossmann.hu/termek/pampers-sensitive-baby-nedves-torlokendo-12-csomag-x-80-torlokendo-960-db-baba-nedves-torlokendo
2026-08-19,Rossmann,Pampers,Női higiénia & baba,Pampers Sensitive nedves törlőkendő 2x80 - 160 db,160 db,160.0,db,8006530135252,2799.0,Nincs készleten 2 799 Ft 17 Ft/db,https://shop.rossmann.hu/termek/pampers-sensitive-baby-nedves-torlokendo-2-csomag-x-80-torlokendo-160-db-baba-nedves-torlokendo
2026-08-19,Rossmann,Pampers,Női higiénia & baba,Pampers Sensitive XXL nedves törlőkendő 3x80 db - 240 db,240 db,240.0,db,8006530134521,3999.0,Nincs készleten 3 999 Ft 17 Ft/db,https://shop.rossmann.hu/termek/pampers-sensitive-baby-nedves-torlokendo-3-csomag-x-80-torlokendo-240-db-baba-nedves-torlokendo
2026-08-19,Rossmann,Pampers,Női higiénia & baba,Pampers Sensitive XXL nedves törlőkendő 9x80 db - 720 db,720 db,720.0,db,8006530134750,8729.0,Nincs készleten 8 729 Ft 12 Ft/db,https://shop.rossmann.hu/termek/pampers-sensitive-baby-nedves-torlokendo-9-csomag-x-80-torlokendo-720-db-baba-nedves-torlokendo
2026-08-19,Rossmann,Pampers,Női higiénia & baba,Pampers Sensitive nedves törlőkendő (15x80 db) - 1200 db,1200 db,1200.0,db,8001841063188,13699.0,Nincs készleten 13 699 Ft 11 Ft/db,https://shop.rossmann.hu/termek/pampers-sensitive-torlokendo-15x80-1200-db
2026-08-19,Rossmann,Pampers,Női higiénia & baba,Pampers Sensitive nedves törlőkendő (4x52) - 208 db,208 db,208.0,db,8700216783491,3599.0,Nincs készleten 3 599 Ft 17 Ft/db,https://shop.rossmann.hu/termek/pampers-sensitive-torlokendo-4x52-208-db
2026-08-19,Rossmann,Pampers,Női higiénia & baba,Pampers Sensitive nedves törlőkendő - 52 db,52 db,52.0,db,8006540523056,899.0,Nincs készleten 899 Ft 17 Ft/db,https://shop.rossmann.hu/termek/pampers-sensitive-torlokendo-52-db-3
2026-08-19,Rossmann,Pampers,Női higiénia & baba,Pampers Sensitive nedves törlőkendő - 80 db,80 db,80.0,db,8001841041421,1369.0,Nincs készleten 1 369 Ft 17 Ft/db,https://shop.rossmann.hu/termek/pampers-sensitive-torlokendo-80-db
2026-08-19,Rossmann,Pampers,Női higiénia & baba,Pampers Sensitive nedves törlőkendő (4x80) - 320 db,320 db,320.0,db,8001841062754,4999.0,Nincs készleten 4 999 Ft 16 Ft/db,https://shop.rossmann.hu/termek/pampers-torlokendo-sensitive-4x80-320-db
2026-08-19,Rossmann,Pampers,Női higiénia & baba,Pampers Sensitive nedves törlőkendő (6*80) - 480 db,480 db,480.0,db,8006540174531,6199.0,Nincs készleten 6 199 Ft 13 Ft/db,https://shop.rossmann.hu/termek/pampers-torlokendo-sensitive-6-80-480-db-1
2026-08-19,dm,Head & Shoulders,Hajápolás,"Sampon hajhullás és korpásodás ellen, 400 ml",400 ml,400.0,ml,8006540833605,2149.0,,https://www.dm.hu/p/d/2026973/head-shoulders-sampon-hajhullas-es-korpasodas-ellen
2026-08-19,dm,Head & Shoulders,Hajápolás,"Sampon korpásodás ellen, Citrus Fresh, 250 ml",250 ml,250.0,ml,8006540063286,1299.0,,https://www.dm.hu/p/d/2032460/head-shoulders-sampon-korpasodas-ellen-citrus-fresh
2026-08-19,dm,Head & Shoulders,Hajápolás,"Sampon korpásodás ellen Citrus Fresh, XXL, 800 ml",800 ml,800.0,ml,8700216156172,3739.0,,https://www.dm.hu/p/d/2032461/head-shoulders-sampon-korpasodas-ellen-citrus-fresh-xxl
2026-08-19,dm,Head & Shoulders,Hajápolás,"Sampon korpásodás ellen Classic Clean XXL, 800 ml",800 ml,800.0,ml,8700216156134,3739.0,,https://www.dm.hu/p/d/2032462/head-shoulders-sampon-korpasodas-ellen-classic-clean-xxl
2026-08-19,dm,Head & Shoulders,Hajápolás,"Sampon korpásodás ellen, Menthol Fresh, nagy kiszerelés, 400 ml",400 ml,400.0,ml,5011321336094,2149.0,,https://www.dm.hu/p/d/2032476/head-shoulders-sampon-korpasodas-ellen-menthol-fresh-nagy-kiszereles
2026-08-19,dm,Head & Shoulders,Hajápolás,"Sampon korpásodás ellen Apple Fresh, nagy kiszerelés, 400 ml",400 ml,400.0,ml,5410076659456,2149.0,,https://www.dm.hu/p/d/2032479/head-shoulders-sampon-korpasodas-ellen-apple-fresh-nagy-kiszereles
2026-08-19,dm,Head & Shoulders,Hajápolás,"Sampon korpásodás ellen Menthol Fresh XXL, 800 ml",800 ml,800.0,ml,8700216156196,3739.0,,https://www.dm.hu/p/d/2032513/head-shoulders-sampon-korpasodas-ellen-menthol-fresh-xxl
2026-08-19,dm,Head & Shoulders,Hajápolás,"Sampon korpásodás ellen Citrus Fresh, nagy kiszerelés, 400 ml",400 ml,400.0,ml,5011321336032,2149.0,,https://www.dm.hu/p/d/2036398/head-shoulders-sampon-korpasodas-ellen-citrus-fresh-nagy-kiszereles
2026-08-19,dm,Head & Shoulders,Hajápolás,"Sampon korpásodás ellen Deep hydration, 400 ml",400 ml,400.0,ml,8001841406688,2149.0,,https://www.dm.hu/p/d/2115035/head-shoulders-sampon-korpasodas-ellen-deep-hydration
2026-08-19,dm,Head & Shoulders,Hajápolás,"Sampon Korpásodás ellen Classic Clean, 400 ml",400 ml,400.0,ml,5011321336049,2149.0,,https://www.dm.hu/p/d/2127665/head-shoulders-sampon-korpasodas-ellen-classic-clean
2026-08-19,dm,Head & Shoulders,Hajápolás,"Sampon korpásodás ellen, Classic Clean, 250 ml",250 ml,250.0,ml,8006540063330,1299.0,,https://www.dm.hu/p/d/2137430/head-shoulders-sampon-korpasodas-ellen-classic-clean
2026-08-19,dm,Head & Shoulders,Hajápolás,"Sampon korpásodás ellen Apple Fresh, 250 ml",250 ml,250.0,ml,8006540063248,1299.0,,https://www.dm.hu/p/d/2137462/head-shoulders-sampon-korpasodas-ellen-apple-fresh
2026-08-19,dm,Head & Shoulders,Hajápolás,"Sampon korpásodás ellen Classic Clean 2in1, 330 ml",330 ml,330.0,ml,8700216157919,1259.0,,https://www.dm.hu/p/d/2277961/head-shoulders-sampon-korpasodas-ellen-classic-clean-2in1
2026-08-19,dm,Head & Shoulders,Hajápolás,"Sampon korpásodás ellen Apple Fresh 2in1, 330 ml",330 ml,330.0,ml,8700216304689,1259.0,,https://www.dm.hu/p/d/2277962/head-shoulders-sampon-korpasodas-ellen-apple-fresh-2in1
2026-08-19,dm,Head & Shoulders,Hajápolás,"Sampon korpásodás ellen Menthol Fresh 2in1, 330 ml",330 ml,330.0,ml,8700216304825,1259.0,,https://www.dm.hu/p/d/2277963/head-shoulders-sampon-korpasodas-ellen-menthol-fresh-2in1
2026-08-19,dm,Head & Shoulders,Hajápolás,"Sampon korpásodás ellen Smooth&Silky 2in1, 330 ml",330 ml,330.0,ml,8700216304856,1259.0,,https://www.dm.hu/p/d/2277964/head-shoulders-sampon-korpasodas-ellen-smooth-silky-2in1
2026-08-19,dm,Head & Shoulders,Hajápolás,"Sampon korpásodás ellen, Menthol Fresh, 250 ml",250 ml,250.0,ml,8006540063385,1299.0,,https://www.dm.hu/p/d/2277965/head-shoulders-sampon-korpasodas-ellen-menthol-fresh
2026-08-19,dm,Head & Shoulders,Hajápolás,"Sampon korpásodás ellen Citrus Fresh, 500 ml",500 ml,500.0,ml,8700216305303,1629.0,,https://www.dm.hu/p/d/2717902/head-shoulders-sampon-korpasodas-ellen-citrus-fresh
2026-08-19,dm,Head & Shoulders,Hajápolás,"Sampon korpásodás ellen Classic Clean, 500 ml",500 ml,500.0,ml,8700216157933,1629.0,,https://www.dm.hu/p/d/2717905/head-shoulders-sampon-korpasodas-ellen-classic-clean
2026-08-19,dm,Head & Shoulders,Hajápolás,"Sampon korpásodás ellen Apple Fresh, XXL, 800 ml",800 ml,800.0,ml,8700216306782,3739.0,,https://www.dm.hu/p/d/2717907/head-shoulders-sampon-korpasodas-ellen-apple-fresh-xxl
2026-08-19,dm,Head & Shoulders,Hajápolás,"Sampon korpásodás ellen Menthol Fresh, 500 ml",500 ml,500.0,ml,8700216158114,1629.0,,https://www.dm.hu/p/d/2951398/head-shoulders-sampon-korpasodas-ellen-menthol-fresh
2026-08-19,dm,Head & Shoulders,Hajápolás,"Sampon korpásodás ellen Deep Hydration, 500 ml",500 ml,500.0,ml,8700216305327,1629.0,,https://www.dm.hu/p/d/2951399/head-shoulders-sampon-korpasodas-ellen-deep-hydration
2026-08-19,dm,Head & Shoulders,Hajápolás,"Sampon korpásodás ellen Apple Fresh, 500 ml",500 ml,500.0,ml,8700216305259,1629.0,,https://www.dm.hu/p/d/2951400/head-shoulders-sampon-korpasodas-ellen-apple-fresh
2026-08-19,dm,Head & Shoulders,Hajápolás,"Sampon Korpásodás ellen Citrus Fresh 2in1, 330 ml",330 ml,330.0,ml,8700216304733,1259.0,,https://www.dm.hu/p/d/2951401/head-shoulders-sampon-korpasodas-ellen-citrus-fresh-2in1
2026-08-19,dm,Old Spice,Borotválkozás & testápolás,"Férfi sampon Ultra Old Spice, 800 ml",800 ml,800.0,ml,8700216658317,3739.0,,https://www.dm.hu/p/d/3045625/head-shoulders-ferfi-sampon-ultra-old-spice
2026-08-19,dm,Head & Shoulders,Hajápolás,"Sampon korpásodás ellen Clarify and Shine, 400 ml",400 ml,400.0,ml,8700216658461,2149.0,,https://www.dm.hu/p/d/3049661/head-shoulders-sampon-korpasodas-ellen-clarify-and-shine
2026-08-19,dm,Head & Shoulders,Hajápolás,"Sampon és balzsam 2in1 korpásodás ellen Classic Clean, 400 ml",400 ml,400.0,ml,8700216304917,2149.0,,https://www.dm.hu/p/d/3124781/head-shoulders-sampon-es-balzsam-2in1-korpasodas-ellen-classic-clean
2026-08-19,dm,Head & Shoulders,Hajápolás,"Sampon és balzsam 2 in 1 korpásodás ellen Citrus Fresh, 400 ml",400 ml,400.0,ml,8006530305372,2149.0,,https://www.dm.hu/p/d/3124788/head-shoulders-sampon-es-balzsam-2-in-1-korpasodas-ellen-citrus-fresh
2026-08-19,dm,Head & Shoulders,Hajápolás,"Sampon korpásodás ellen Thick & Strong, 400 ml",400 ml,400.0,ml,8006530171182,2149.0,,https://www.dm.hu/p/d/3124846/head-shoulders-sampon-korpasodas-ellen-thick-strong
2026-08-19,dm,Head & Shoulders,Hajápolás,"Sampon és balzsam 2in1 korpásodás ellen, Menthol Fresh, 400 ml",400 ml,400.0,ml,8700216305419,2149.0,,https://www.dm.hu/p/d/3124862/head-shoulders-sampon-es-balzsam-2in1-korpasodas-ellen-menthol-fresh
2026-08-19,dm,Head & Shoulders,Hajápolás,"Sampon és balzsam 2 in 1 korpásodás ellen Smooth & Silky, 400 ml",400 ml,400.0,ml,8006530305259,2149.0,,https://www.dm.hu/p/d/3124872/head-shoulders-sampon-es-balzsam-2-in-1-korpasodas-ellen-smooth-silky
2026-08-19,dm,Pantene,Hajápolás,"Keratinos hajpakolás Intensive Repair, gyenge és károsodott hajra, 300 ml",300 ml,300.0,ml,8006540608494,2499.0,,https://www.dm.hu/p/d/2009082/pantene-pro-v-keratinos-hajpakolas-intensive-repair-gyenge-es-karosodott-hajra
2026-08-19,dm,Pantene,Hajápolás,"Hajlakk Ultra Strong Hold, 250 ml",250 ml,250.0,ml,8006540650776,2199.0,,https://www.dm.hu/p/d/2026980/pantene-pro-v-hajlakk-ultra-strong-hold
2026-08-19,dm,Pantene,Hajápolás,"Hajhab Perfect Volume, 200 ml",200 ml,200.0,ml,8006540346815,2199.0,,https://www.dm.hu/p/d/2026981/pantene-pro-v-hajhab-perfect-volume
2026-08-19,dm,Pantene,Hajápolás,"Sampon Hydra Glow, száraz hajra, 250 ml",250 ml,250.0,ml,8700216323512,739.0,,https://www.dm.hu/p/d/2031849/pantene-pro-v-sampon-hydra-glow-szaraz-hajra
2026-08-19,dm,Pantene,Hajápolás,"Hidratáló hajpakolás Deep Hydration, száraz, károsodott hajra, 300 MM",,,,8700216173346,2099.0,,https://www.dm.hu/p/d/2033331/pantene-pro-v-hidratalo-hajpakolas-deep-hydration-szaraz-karosodott-hajra
2026-08-19,dm,Pantene,Hajápolás,"Hajápoló olaj, Keratin Protect, 100 ml",100 ml,100.0,ml,8006540124758,2399.0,,https://www.dm.hu/p/d/2073061/pantene-pro-v-hajapolo-olaj-keratin-protect
2026-08-19,dm,Pantene,Hajápolás,"Hajápoló olaj, Argan Infused, 100 ml",100 ml,100.0,ml,8006540124833,2399.0,,https://www.dm.hu/p/d/2089717/pantene-pro-v-hajapolo-olaj-argan-infused
2026-08-19,dm,Pantene,Hajápolás,"Sampon Intensive Repair, igénybevett hajra, nagy kiszerelés, 1 l",1000 ml,1000.0,ml,8001841617817,3175.0,,https://www.dm.hu/p/d/2125200/pantene-pro-v-sampon-intensive-repair-igenybevett-hajra-nagy-kiszereles
2026-08-19,dm,Pantene,Hajápolás,"Sampon Extra Volume, XXL, vékonyszálú hajú, 1 000 ml",0 ml,0.0,ml,8006540381830,3175.0,,https://www.dm.hu/p/d/2129095/pantene-pro-v-sampon-extra-volume-xxl-vekonyszalu-haju
2026-08-19,dm,Pantene,Hajápolás,"Balzsam Hydra Glow, száraz hajra, 160 MM",,,,8700216191609,999.0,,https://www.dm.hu/p/d/2277968/pantene-pro-v-balzsam-hydra-glow-szaraz-hajra
2026-08-19,dm,Pantene,Hajápolás,"Balzsam Infinitely Long, töredezett hajvégekre, 275 ml",275 ml,275.0,ml,8700216508957,1499.0,,https://www.dm.hu/p/d/2725033/pantene-pro-v-balzsam-infinitely-long-toredezett-hajvegekre
2026-08-19,dm,Pantene,Hajápolás,"Balzsam Intensive Repair, 275 ml",275 ml,275.0,ml,8700216422338,1499.0,,https://www.dm.hu/p/d/2725036/pantene-pro-v-balzsam-intensive-repair
2026-08-19,dm,Pantene,Hajápolás,"Balzsam Intensive Repair, 800 ml",800 ml,800.0,ml,8700216467391,3999.0,,https://www.dm.hu/p/d/2725037/pantene-pro-v-balzsam-intensive-repair
2026-08-19,dm,Pantene,Hajápolás,"Balzsma Aqualight, zsírosodásra hajlamos hajra, 275 ml",275 ml,275.0,ml,8700216509015,1499.0,,https://www.dm.hu/p/d/2725039/pantene-pro-v-balzsma-aqualight-zsirosodasra-hajlamos-hajra
2026-08-19,dm,Pantene,Hajápolás,"Sampon 3in1 Intensive Repair, 325 ml",325 ml,325.0,ml,8700216509022,1165.0,,https://www.dm.hu/p/d/2969971/pantene-pro-v-sampon-3in1-intensive-repair
2026-08-19,dm,Pantene,Hajápolás,"Sampon Intensive Repair, gyenge, sérült hajra, 625 ml",625 ml,625.0,ml,8700216509084,2069.0,,https://www.dm.hu/p/d/2970501/pantene-pro-v-sampon-intensive-repair-gyenge-serult-hajra
2026-08-19,dm,Pantene,Hajápolás,"Sampon Aqualight, vékonyszálú, zsírosodásra hajlamos hajra, 625 ml",625 ml,625.0,ml,8700216509299,2069.0,,https://www.dm.hu/p/d/2970544/pantene-pro-v-sampon-aqualight-vekonyszalu-zsirosodasra-hajlamos-hajra
2026-08-19,dm,Pantene,Hajápolás,"Sampon Infinitely Long, töredezett hajvégekre, 625 ml",625 ml,625.0,ml,8700216509312,2069.0,,https://www.dm.hu/p/d/2970557/pantene-pro-v-sampon-infinitely-long-toredezett-hajvegekre
2026-08-19,dm,Pantene,Hajápolás,"Regeneráló sampon Intensive Repair, 250 ml",250 ml,250.0,ml,8700216779463,605.0,,https://www.dm.hu/p/d/3058035/pantene-pro-v-regeneralo-sampon-intensive-repair
2026-08-19,dm,Pantene,Hajápolás,"Sampon és hajpakolás Intensive Repair, gyenge és sérült hajra, 700 ml",700 ml,700.0,ml,8700216883412,3299.0,,https://www.dm.hu/p/d/3059941/pantene-pro-v-sampon-es-hajpakolas-intensive-repair-gyenge-es-serult-hajra
2026-08-19,dm,Pantene,Hajápolás,"Hajpakolás Keratin Protect Smooth & Silky, 300 ml",300 ml,300.0,ml,8700216823555,2499.0,,https://www.dm.hu/p/d/3059950/pantene-pro-v-hajpakolas-keratin-protect-smooth-silky
2026-08-19,dm,Pantene,Hajápolás,"Balzsam Smooth & Silky, szálkás és megfakult hajra, 275 ml",275 ml,275.0,ml,8700216821124,1499.0,,https://www.dm.hu/p/d/3059956/pantene-pro-v-balzsam-smooth-silky-szalkas-es-megfakult-hajra
2026-08-19,dm,Pantene,Hajápolás,"Mélykondicionáló balzsam 3 Minute Miracle Smooth & Silky, 220 ml",220 ml,220.0,ml,8700216823609,1299.0,,https://www.dm.hu/p/d/3059964/pantene-pro-v-melykondicionalo-balzsam-3-minute-miracle-smooth-silky
2026-08-19,dm,Pantene,Hajápolás,"Sampon Smooth & Silky, szálkás és megfakult hajra, 400 ml",400 ml,400.0,ml,8700216821254,1329.0,,https://www.dm.hu/p/d/3059974/pantene-pro-v-sampon-smooth-silky-szalkas-es-megfakult-hajra
2026-08-19,dm,Pantene,Hajápolás,"Sampon és balzsam duopack Infinitely Long, 675 ml",675 ml,675.0,ml,8700216874229,2499.0,,https://www.dm.hu/p/d/3060768/pantene-pro-v-sampon-es-balzsam-duopack-infinitely-long
2026-08-19,dm,Pantene,Hajápolás,"Sampon és balzsam duopack Intensive Repair, 675 ml",675 ml,675.0,ml,8700216808675,2499.0,,https://www.dm.hu/p/d/3060924/pantene-pro-v-sampon-es-balzsam-duopack-intensive-repair
2026-08-19,dm,Pantene,Hajápolás,"Hajpermet Sunkiss Glow, 200 ml",200 ml,200.0,ml,8006530050999,2999.0,,https://www.dm.hu/p/d/3069612/pantene-pro-v-hajpermet-sunkiss-glow
2026-08-19,dm,Pantene,Hajápolás,"Hajbalzsam Hydration Recharge, normál és száraz hajra, 275 ml",275 ml,275.0,ml,8700216938839,1499.0,,https://www.dm.hu/p/d/3101851/pantene-pro-v-hajbalzsam-hydration-recharge-normal-es-szaraz-hajra
2026-08-19,dm,Pantene,Hajápolás,"Sampon Hydration Recharge, normál és száraz hajra, 400 ml",400 ml,400.0,ml,8700216938808,1329.0,,https://www.dm.hu/p/d/3101916/pantene-pro-v-sampon-hydration-recharge-normal-es-szaraz-hajra
2026-08-19,dm,Pantene,Hajápolás,"Hajpakolás Hydration Recharge Keratin Protect, rendkívül száraz hajra, 300 ml",300 ml,300.0,ml,8700216938761,2499.0,,https://www.dm.hu/p/d/3101926/pantene-pro-v-hajpakolas-hydration-recharge-keratin-protect-rendkivul-szaraz-hajra
2026-08-19,dm,Pantene,Hajápolás,"Hajápoló krém Hydration Recharge Heat & Glow, száraz, károsodott hajra, 135 ml",135 ml,135.0,ml,8006530007740,2749.0,,https://www.dm.hu/p/d/3101927/pantene-pro-v-hajapolo-krem-hydration-recharge-heat-glow-szaraz-karosodott-hajra
2026-08-19,dm,Pantene,Hajápolás,"Sampon Hydration Recharge, normál és száraz hajra, nagy kiszerelés, 1 l",1000 ml,1000.0,ml,8700216939195,3175.0,,https://www.dm.hu/p/d/3101928/pantene-pro-v-sampon-hydration-recharge-normal-es-szaraz-hajra-nagy-kiszereles
2026-08-19,dm,Pantene,Hajápolás,"Kerationos hajápoló olaj Love, Robert Indiana Artist Edition, 100 ml",100 ml,100.0,ml,8006530274661,2399.0,,https://www.dm.hu/p/d/3117875/pantene-pro-v-kerationos-hajapolo-olaj-love-robert-indiana-artist-edition
2026-08-19,dm,Pantene,Hajápolás,"Kerations balzsam Love, Robert Indiana Artist Edition, 220 ml",220 ml,220.0,ml,8006530275088,1999.0,,https://www.dm.hu/p/d/3117876/pantene-pro-v-kerations-balzsam-love-robert-indiana-artist-edition
2026-08-19,dm,Pantene,Hajápolás,"Keratinos sampon Love, Robert Indiana Artist Edition, 250 ml",250 ml,250.0,ml,8006530274722,885.0,,https://www.dm.hu/p/d/3117877/pantene-pro-v-keratinos-sampon-love-robert-indiana-artist-edition
2026-08-19,dm,Pantene,Hajápolás,"Keratinos hajpakolás Love, Robert Indiana Artist Edition, 300 ml",300 ml,300.0,ml,8006530274869,2499.0,,https://www.dm.hu/p/d/3117904/pantene-pro-v-keratinos-hajpakolas-love-robert-indiana-artist-edition
2026-08-19,dm,Pantene,Hajápolás,"Hajhullás elleni hajpakolás Grow Abundant, 300 ml",300 ml,300.0,ml,8006530058988,4599.0,,https://www.dm.hu/p/d/3121239/pantene-pro-v-hajhullas-elleni-hajpakolas-grow-abundant
2026-08-19,dm,Pantene,Hajápolás,"Hajhullás elleni sampon Grow Abundant, 290 ml",290 ml,290.0,ml,8006530060110,2229.0,,https://www.dm.hu/p/d/3121351/pantene-pro-v-hajhullas-elleni-sampon-grow-abundant
2026-08-19,dm,Pantene,Hajápolás,"Hajhullás elleni balzsam Grow Abundant, 250 ml",250 ml,250.0,ml,8006530059169,3599.0,,https://www.dm.hu/p/d/3121374/pantene-pro-v-hajhullas-elleni-balzsam-grow-abundant
2026-08-19,dm,Pantene,Hajápolás,"Hajregeneráló pakolás Molecular Bond, 90 ml",90 ml,90.0,ml,8700216637299,3199.0,,https://www.dm.hu/p/d/3124925/pantene-pro-v-hajregeneralo-pakolas-molecular-bond
2026-08-19,dm,Pantene,Hajápolás,"Hajhullás elleni szérum Grow Abundant, 60 ml",60 ml,60.0,ml,8006530088909,6599.0,,https://www.dm.hu/p/d/3124926/pantene-pro-v-hajhullas-elleni-szerum-grow-abundant
2026-08-19,dm,Pantene,Hajápolás,"Nem kiöblítendő hajspray, 75 ml",75 ml,75.0,ml,8006530443722,1599.0,,https://www.dm.hu/p/d/3145167/pantene-pro-v-nem-kioblitendo-hajspray
2026-08-19,dm,Aussie,Hajápolás,"Sampon SOS, száraz, igénybevett hajra, 300 ml",300 ml,300.0,ml,8700216421300,1815.0,,https://www.dm.hu/p/d/2724759/aussie-sampon-sos-szaraz-igenybevett-hajra
2026-08-19,dm,Aussie,Hajápolás,"Balzsam SOS 1 Minute Miracle All In One Repair, száraz, károsodott hajra, 250 ml",250 ml,250.0,ml,8700216437264,2699.0,,https://www.dm.hu/p/d/2724761/aussie-balzsam-sos-1-minute-miracle-all-in-one-repair-szaraz-karosodott-hajra
2026-08-19,dm,Aussie,Hajápolás,"Hajpakolás SOS Repair & Revive, rendkívül száraz, sérült hajra, 500 ml",500 ml,500.0,ml,8700216441063,3699.0,,https://www.dm.hu/p/d/2724763/aussie-hajpakolas-sos-repair-revive-rendkivul-szaraz-serult-hajra
2026-08-19,dm,Aussie,Hajápolás,"Hajápoló olaj SOS, 100 ml",100 ml,100.0,ml,8006540004876,2699.0,,https://www.dm.hu/p/d/2724820/aussie-hajapolo-olaj-sos
2026-08-19,dm,Aussie,Hajápolás,"SOS hajszérum Hydration, száraz hajra, 160 ml",160 ml,160.0,ml,8700216441094,2699.0,,https://www.dm.hu/p/d/2724845/aussie-sos-hajszerum-hydration-szaraz-hajra
2026-08-19,dm,Aussie,Hajápolás,"Hajbalzsam Deep Hydration, nagyon száraz hajra, 200 ml",200 ml,200.0,ml,8700216923781,2699.0,,https://www.dm.hu/p/d/3100857/aussie-hajbalzsam-deep-hydration-nagyon-szaraz-hajra
2026-08-19,dm,Aussie,Hajápolás,"Hajszérum Oh My Gloss, száraz hajra, 160 ml",160 ml,160.0,ml,8700216923125,2699.0,,https://www.dm.hu/p/d/3100881/aussie-hajszerum-oh-my-gloss-szaraz-hajra
2026-08-19,dm,Aussie,Hajápolás,"Sampon Deep Hydration, nagyon száraz hajra, 300 ml",300 ml,300.0,ml,8700216923446,1815.0,,https://www.dm.hu/p/d/3100884/aussie-sampon-deep-hydration-nagyon-szaraz-hajra
2026-08-19,dm,Aussie,Hajápolás,"Hajmaszk Deep Hydration, száraz, töredezett hajra, 500 ml",500 ml,500.0,ml,8700216890106,3699.0,,https://www.dm.hu/p/d/3100886/aussie-hajmaszk-deep-hydration-szaraz-toredezett-hajra
2026-08-19,dm,Aussie,Hajápolás,"Sampon Oh My Gloss, száraz hajra, 300 ml",300 ml,300.0,ml,8700216923132,1815.0,,https://www.dm.hu/p/d/3100896/aussie-sampon-oh-my-gloss-szaraz-hajra
2026-08-19,dm,Aussie,Hajápolás,"Balzsam Oh My Gloss, 200 ml",200 ml,200.0,ml,8700216923057,2699.0,,https://www.dm.hu/p/d/3102066/aussie-balzsam-oh-my-gloss
2026-08-19,dm,Aussie,Hajápolás,"Hajápoló olaj Reconstructor, 100 ml",100 ml,100.0,ml,8700216923521,2699.0,,https://www.dm.hu/p/d/3102082/aussie-hajapolo-olaj-reconstructor
2026-08-19,dm,Gillette,Borotválkozás & testápolás,"Borotvabetét Fusion5, 4 db",4 db,4.0,db,7702018866984,6739.0,,https://www.dm.hu/p/d/1414820/gillette-borotvabetet-fusion5
2026-08-19,dm,Gillette,Borotválkozás & testápolás,"Spa Breeze női borotvabetét, 4 db",4 db,4.0,db,7702018966783,5629.0,,https://www.dm.hu/p/d/1585994/gillette-venus-spa-breeze-noi-borotvabetet
2026-08-19,dm,Gillette,Borotválkozás & testápolás,"Férfi borotvabetét, Fusion5, 12 db",12 db,12.0,db,8006540986141,13899.0,,https://www.dm.hu/p/d/1690039/gillette-ferfi-borotvabetet-fusion5
2026-08-19,dm,Gillette,Borotválkozás & testápolás,"Series borotvazselé, érzékeny bőrre, 200 ml",200 ml,200.0,ml,7702018982011,1135.0,,https://www.dm.hu/p/d/1866617/gillette-series-borotvazsele-erzekeny-borre
2026-08-19,dm,Gillette,Borotválkozás & testápolás,"Mach3 borotva, 1 db",1 db,1.0,db,7702018020676,3999.0,,https://www.dm.hu/p/d/1868630/gillette-mach3-borotva
2026-08-19,dm,Gillette,Borotválkozás & testápolás,"Fusion5 borotvakészülék 2 betéttel, 1 db",1 db,1.0,db,7702018866946,5999.0,,https://www.dm.hu/p/d/2023909/gillette-fusion5-borotvakeszulek-2-betettel
2026-08-19,dm,Gillette,Borotválkozás & testápolás,"Fusion power borotvabetét, 4 db",4 db,4.0,db,7702018867219,7629.0,,https://www.dm.hu/p/d/2023912/gillette-fusion-power-borotvabetet
2026-08-19,dm,Gillette,Borotválkozás & testápolás,"Borotvazselé, Fusion sensitive, 200 ml",200 ml,200.0,ml,7702018617098,1515.0,,https://www.dm.hu/p/d/2023913/gillette-borotvazsele-fusion-sensitive
2026-08-19,dm,Gillette,Borotválkozás & testápolás,"Series Borotvazselé, Revitalising, 200 ml",200 ml,200.0,ml,7702018619658,1135.0,,https://www.dm.hu/p/d/2026791/gillette-series-borotvazsele-revitalising
2026-08-19,dm,Gillette,Borotválkozás & testápolás,"After shave krém, fényvédővel, SPF15, 50 ml",50 ml,50.0,ml,8001090303929,1449.0,,https://www.dm.hu/p/d/2026897/gillette-after-shave-krem-fenyvedovel-spf15
2026-08-19,dm,Gillette,Borotválkozás & testápolás,"Pro Borotvazselé Sensitive, 200 ml",200 ml,200.0,ml,7702018604005,519.0,,https://www.dm.hu/p/d/2027516/gillette-pro-borotvazsele-sensitive
2026-08-19,dm,Gillette,Borotválkozás & testápolás,"Női borotva készülék, 1 db",1 db,1.0,db,8006540816769,4999.0,,https://www.dm.hu/p/d/2029999/gillette-venus-noi-borotva-keszulek
2026-08-19,dm,Gillette,Borotválkozás & testápolás,"Női borotvapenge bikini, 3 db",3 db,3.0,db,8006540816837,4959.0,,https://www.dm.hu/p/d/2030002/gillette-venus-noi-borotvapenge-bikini
2026-08-19,dm,Gillette,Borotválkozás & testápolás,"Borotvabetét, Fusion5, 16 db",16 db,16.0,db,8001090819536,17055.0,,https://www.dm.hu/p/d/2030792/gillette-borotvabetet-fusion5
2026-08-19,dm,Gillette,Borotválkozás & testápolás,"Series Borotvahab Sensitive Soothing, 200 ml",200 ml,200.0,ml,8001090870926,199.0,,https://www.dm.hu/p/d/2031299/gillette-series-borotvahab-sensitive-soothing
2026-08-19,dm,Gillette,Borotválkozás & testápolás,"Borotvakészülék női 1 betéttel sugarberry, 1 db",1 db,1.0,db,8700216130516,3599.0,,https://www.dm.hu/p/d/2032929/gillette-venus-borotvakeszulek-noi-1-betettel-sugarberry
2026-08-19,dm,Gillette,Borotválkozás & testápolás,"Eldobható borotva Blue3 Plus Comfort, 4 db",4 db,4.0,db,7702018489787,1409.0,,https://www.dm.hu/p/d/2033228/gillette-eldobhato-borotva-blue3-plus-comfort
2026-08-19,dm,Gillette Venus,Borotválkozás & testápolás,"Női borotvabetét Venus ComfortGlide Breeze, 4 db",4 db,4.0,db,7702018886364,5865.0,,https://www.dm.hu/p/d/2036965/gillette-venus-noi-borotvabetet-venus-comfortglide-breeze
2026-08-19,dm,Gillette,Borotválkozás & testápolás,"Női borotvakészülék + 2 db betét ComfortGlide Breeze, 1 db",1 db,1.0,db,7702018886166,5199.0,,https://www.dm.hu/p/d/2036966/gillette-venus-noi-borotvakeszulek-2-db-betet-comfortglide-breeze
2026-08-19,dm,Gillette,Borotválkozás & testápolás,"Mach3 borotvabetét, 8 db",8 db,8.0,db,3014260239640,7505.0,,https://www.dm.hu/p/d/2041448/gillette-mach3-borotvabetet
2026-08-19,dm,Gillette,Borotválkozás & testápolás,"Embrace Borotvabetét, 4 db",4 db,4.0,db,7702018955527,6789.0,,https://www.dm.hu/p/d/2042944/gillette-venus-embrace-borotvabetet
2026-08-19,dm,Gillette,Borotválkozás & testápolás,"Férfi izzadásgátló gél, Arctic Ice, 70 ml",70 ml,70.0,ml,8006530030502,1419.0,,https://www.dm.hu/p/d/2043320/gillette-ferfi-izzadasgatlo-gel-arctic-ice
2026-08-19,dm,Gillette,Borotválkozás & testápolás,"Férfi izzadásgátló gél, Cool wave, 70 ml",70 ml,70.0,ml,8006530030564,1419.0,,https://www.dm.hu/p/d/2043322/gillette-ferfi-izzadasgatlo-gel-cool-wave
2026-08-19,dm,Gillette,Borotválkozás & testápolás,"Fusion5 borotvabetét, 8 db",8 db,8.0,db,7702018867059,11219.0,,https://www.dm.hu/p/d/2050305/gillette-fusion5-borotvabetet
2026-08-19,dm,Gillette,Borotválkozás & testápolás,"Női borotvakészülék Extra Smooth + betét, 1 db",1 db,1.0,db,7702018323012,4999.0,,https://www.dm.hu/p/d/2056274/gillette-venus-noi-borotvakeszulek-extra-smooth-betet
2026-08-19,dm,Gillette,Borotválkozás & testápolás,"Blue3 férfi eldobható borotva, 8 db",8 db,8.0,db,7702018489978,2519.0,,https://www.dm.hu/p/d/2058605/gillette-blue3-ferfi-eldobhato-borotva
2026-08-19,dm,Gillette,Borotválkozás & testápolás,"ProGlide manual borotvabetét, 4 db",4 db,4.0,db,7702018085514,7805.0,,https://www.dm.hu/p/d/2060825/gillette-proglide-manual-borotvabetet
2026-08-19,dm,Gillette,Borotválkozás & testápolás,"ProGlide power borotvabetét, 4 db",4 db,4.0,db,7702018085576,8469.0,,https://www.dm.hu/p/d/2060826/gillette-proglide-power-borotvabetet
2026-08-19,dm,Gillette,Borotválkozás & testápolás,"ProGlide manual borotva betét, 8 db",8 db,8.0,db,7702018085545,13185.0,,https://www.dm.hu/p/d/2060827/gillette-proglide-manual-borotva-betet
2026-08-19,dm,Gillette,Borotválkozás & testápolás,"Borotvazselé Proglide Hydrating, 200 ml",200 ml,200.0,ml,7702018465156,1515.0,,https://www.dm.hu/p/d/2060837/gillette-borotvazsele-proglide-hydrating
2026-08-19,dm,Gillette,Borotválkozás & testápolás,"Férfi borotvabetét, Mach3, 12 db",12 db,12.0,db,8006530028875,9285.0,,https://www.dm.hu/p/d/2065868/gillette-ferfi-borotvabetet-mach3
2026-08-19,dm,Gillette,Borotválkozás & testápolás,"Blue3 férfi eldobható borotva, 12 db",12 db,12.0,db,8700216148092,3229.0,,https://www.dm.hu/p/d/2066065/gillette-blue3-ferfi-eldobhato-borotva
2026-08-19,dm,Gillette,Borotválkozás & testápolás,"After shave, Sea Mist, 100 ml",100 ml,100.0,ml,7702018620265,3399.0,,https://www.dm.hu/p/d/2075685/gillette-after-shave-sea-mist
2026-08-19,dm,Gillette,Borotválkozás & testápolás,"Férfi blue II plus eldobható borotva, 14 db",14 db,14.0,db,7702018466979,2149.0,,https://www.dm.hu/p/d/2076243/gillette-ferfi-blue-ii-plus-eldobhato-borotva
2026-08-19,dm,Gillette,Borotválkozás & testápolás,"Eldobható borotva, Blue3 Sensitive, 3 db",3 db,3.0,db,7702018490080,1409.0,,https://www.dm.hu/p/d/2080436/gillette-eldobhato-borotva-blue3-sensitive
2026-08-19,dm,Gillette,Borotválkozás & testápolás,"Borotvanyél + 2db borotvapenge Fusion ProGlide FlexBall, 1 db",1 db,1.0,db,7702018390816,5999.0,,https://www.dm.hu/p/d/2084188/gillette-borotvanyel-2db-borotvapenge-fusion-proglide-flexball
2026-08-19,dm,Gillette,Borotválkozás & testápolás,"Borotvabetét Mach3 Turbo, 8 db",8 db,8.0,db,7702018416400,2299.0,,https://www.dm.hu/p/d/2087568/gillette-borotvabetet-mach3-turbo
2026-08-19,dm,Gillette,Borotválkozás & testápolás,"Blue II plus férfi eldobható borotva, 5 db",5 db,5.0,db,3014260283254,1249.0,,https://www.dm.hu/p/d/2097870/gillette-blue-ii-plus-ferfi-eldobhato-borotva
2026-08-19,dm,Gillette,Borotválkozás & testápolás,"Spa Breeze női borotvakészülék + betét, 1 db",1 db,1.0,db,7702018322862,5199.0,,https://www.dm.hu/p/d/2105006/gillette-venus-spa-breeze-noi-borotvakeszulek-betet
2026-08-19,dm,Gillette,Borotválkozás & testápolás,"Sensitive női eldobható borotva, 3 db",3 db,3.0,db,7702018491544,1409.0,,https://www.dm.hu/p/d/2105007/gillette-venus-sensitive-noi-eldobhato-borotva
2026-08-19,dm,Gillette,Borotválkozás & testápolás,"Plus 3 női eldobható borotva, 6 db",6 db,6.0,db,7702018426201,1645.0,,https://www.dm.hu/p/d/2105011/gillette-venus-plus-3-noi-eldobhato-borotva
2026-08-19,dm,Gillette,Borotválkozás & testápolás,"Smooth női borotvanyél + 5 db betét, 1 db",1 db,1.0,db,7702018363490,6599.0,,https://www.dm.hu/p/d/2111376/gillette-venus-smooth-noi-borotvanyel-5-db-betet
2026-08-19,dm,Gillette,Borotválkozás & testápolás,"Női borotva készülék Deluxe Smooth Sensitive RoseGold, 1 db",1 db,1.0,db,7702018609994,7999.0,,https://www.dm.hu/p/d/2118860/gillette-venus-noi-borotva-keszulek-deluxe-smooth-sensitive-rosegold
2026-08-19,dm,Gillette,Borotválkozás & testápolás,"Borotva, 5 db betéttel, 1 db",1 db,1.0,db,7702018590148,6999.0,,https://www.dm.hu/p/d/2123635/king-c-gillette-borotva-5-db-betettel
2026-08-19,dm,Gillette,Borotválkozás & testápolás,"Borotva betét, 10 db",10 db,10.0,db,7702018590179,599.0,,https://www.dm.hu/p/d/2123637/king-c-gillette-borotva-betet
2026-08-19,dm,Gillette,Borotválkozás & testápolás,"Simply női eldobható borotva, 12 db",12 db,12.0,db,7702018070732,2529.0,,https://www.dm.hu/p/d/2124724/gillette-venus-simply-noi-eldobhato-borotva
2026-08-19,dm,Gillette,Borotválkozás & testápolás,"Női borotvabetét Smooth Sensitive, 4 db",4 db,4.0,db,7702018575381,3249.0,,https://www.dm.hu/p/d/2124726/gillette-venus-noi-borotvabetet-smooth-sensitive
2026-08-19,dm,Gillette,Borotválkozás & testápolás,"Mach3 borotva 5db betéttel, 1 db",1 db,1.0,db,7702018610181,5999.0,,https://www.dm.hu/p/d/2125341/gillette-mach3-borotva-5db-betettel
2026-08-19,dm,Gillette,Borotválkozás & testápolás,"Mach3 borotvabetét, 5 db",5 db,5.0,db,7702018552313,5599.0,,https://www.dm.hu/p/d/2125342/gillette-mach3-borotvabetet
2026-08-19,dm,Gillette,Borotválkozás & testápolás,"Mach3 borotvabetét, 16 db",16 db,16.0,db,7702018582907,11459.0,,https://www.dm.hu/p/d/2125343/gillette-mach3-borotvabetet
2026-08-19,dm,Gillette,Borotválkozás & testápolás,"Borotvabetét Mach3 Turbo, 5 db",5 db,5.0,db,7702018552344,1899.0,,https://www.dm.hu/p/d/2125346/gillette-borotvabetet-mach3-turbo
2026-08-19,dm,Gillette,Borotválkozás & testápolás,"Eldobható női borotva Simply Venus3, 4 db",4 db,4.0,db,8700216143608,939.0,,https://www.dm.hu/p/d/2283610/gillette-venus-eldobhato-noi-borotva-simply-venus3
2026-08-19,dm,Gillette,Borotválkozás & testápolás,"Series Artic Ice, After Shave Splash, 100 ml",100 ml,100.0,ml,7702018620180,3399.0,,https://www.dm.hu/p/d/2327413/gillette-series-artic-ice-after-shave-splash
2026-08-19,dm,Gillette,Borotválkozás & testápolás,"Eldobható borotva dragonfruit, 6 db",6 db,6.0,db,7702018615063,1679.0,,https://www.dm.hu/p/d/2428102/gillette-venus-eldobhato-borotva-dragonfruit
2026-08-19,dm,Gillette,Borotválkozás & testápolás,"Borotvazselé Mach3 Extra Comfort, 240 ml",240 ml,240.0,ml,7702018405015,1375.0,,https://www.dm.hu/p/d/2441184/gillette-borotvazsele-mach3-extra-comfort
2026-08-19,dm,Gillette,Borotválkozás & testápolás,"Series Borotvazselé Cooling, 200 ml",200 ml,200.0,ml,7702018457786,1139.0,,https://www.dm.hu/p/d/2441185/gillette-series-borotvazsele-cooling
2026-08-19,dm,Gillette,Borotválkozás & testápolás,"Eldobható női borotva, tropical, 3 db",3 db,3.0,db,7702018426263,1489.0,,https://www.dm.hu/p/d/2481889/gillette-venus-eldobhato-noi-borotva-tropical
2026-08-19,dm,Gillette,Borotválkozás & testápolás,"Fusion borotva készülék 5db betéttel + állvánnyal, 1 db",1 db,1.0,db,8700216356794,10999.0,,https://www.dm.hu/p/d/2486674/gillette-fusion-borotva-keszulek-5db-betettel-allvannyal
2026-08-19,dm,Gillette,Borotválkozás & testápolás,"Mach3 borotva készülék 6 db betéttel + állvánnyal, 1 db",1 db,1.0,db,8700216399807,2299.0,,https://www.dm.hu/p/d/2486727/gillette-mach3-borotva-keszulek-6-db-betettel-allvannyal
2026-08-19,dm,Gillette,Borotválkozás & testápolás,"ProGlide borotva készülék 4 db betéttel és állvánnyal, 1 db",1 db,1.0,db,8700216357227,10999.0,,https://www.dm.hu/p/d/2486755/gillette-proglide-borotva-keszulek-4-db-betettel-es-allvannyal
2026-08-19,dm,Gillette,Borotválkozás & testápolás,"Eldobható borotva Blue 3, 6 db",6 db,6.0,db,7702018490134,1955.0,,https://www.dm.hu/p/d/2625554/gillette-eldobhato-borotva-blue-3
2026-08-19,dm,Gillette,Borotválkozás & testápolás,"Férfi izzadásgátló gél, Power Rush, 70 ml",70 ml,70.0,ml,8006530030342,1419.0,,https://www.dm.hu/p/d/2628189/gillette-ferfi-izzadasgatlo-gel-power-rush
2026-08-19,dm,Gillette,Borotválkozás & testápolás,"After shave balzsam, Sensitive, 100 ml",100 ml,100.0,ml,8700216467346,2899.0,,https://www.dm.hu/p/d/2695139/gillette-after-shave-balzsam-sensitive
2026-08-19,dm,Gillette,Borotválkozás & testápolás,"Blue3 Plus férfi eldobható borotva, 4 db",4 db,4.0,db,8700216423489,1409.0,,https://www.dm.hu/p/d/2718277/gillette-blue3-plus-ferfi-eldobhato-borotva
2026-08-19,dm,Gillette,Borotválkozás & testápolás,"Férfi izzadásgátló gél, Champion Gold, 70 ml",70 ml,70.0,ml,8006530030045,1419.0,,https://www.dm.hu/p/d/2951686/gillette-ferfi-izzadasgatlo-gel-champion-gold
2026-08-19,dm,Gillette,Borotválkozás & testápolás,"Női eldobható borotva tropical, 6 db",6 db,6.0,db,8700216274746,1969.0,,https://www.dm.hu/p/d/2952013/gillette-venus-noi-eldobhato-borotva-tropical
2026-08-19,dm,Gillette,Borotválkozás & testápolás,"Borotvabetét breeze, 10 db",10 db,10.0,db,8006540854747,10559.0,,https://www.dm.hu/p/d/2952149/gillette-venus-borotvabetet-breeze
2026-08-19,dm,Gillette,Borotválkozás & testápolás,"Borotva + betét breeze, 6 db",6 db,6.0,db,8006540854860,10999.0,,https://www.dm.hu/p/d/2952150/gillette-venus-borotva-betet-breeze
2026-08-19,dm,Gillette,Borotválkozás & testápolás,"Series borotvazselé Sensitive, 400 ml",400 ml,400.0,ml,8700216591850,2215.0,,https://www.dm.hu/p/d/2971718/gillette-series-borotvazsele-sensitive
2026-08-19,dm,Gillette,Borotválkozás & testápolás,"King C. PRO szakállvágó, 1 db",1 db,1.0,db,8700216659659,21999.0,,https://www.dm.hu/p/d/2974153/king-c-gillette-king-c-pro-szakallvago
2026-08-19,dm,Gillette,Borotválkozás & testápolás,"Borotválkozás előtti krém, 177 ml",177 ml,177.0,ml,8700216600132,599.0,,https://www.dm.hu/p/d/2974160/gillette-intimate-borotvalkozas-elotti-krem
2026-08-19,dm,Gillette,Borotválkozás & testápolás,"Kipattogás elleni stift, 48 g",48 g,48.0,g,8700216600002,999.0,,https://www.dm.hu/p/d/2974171/gillette-intimate-kipattogas-elleni-stift
2026-08-19,dm,Gillette,Borotválkozás & testápolás,"Szőrtelenítő trimmer, 1 db",1 db,1.0,db,8700216631204,10999.0,,https://www.dm.hu/p/d/2974184/gillette-intimate-szortelenito-trimmer
2026-08-19,dm,Gillette,Borotválkozás & testápolás,"Szőrtelenítő trimmer i3, 1 db",1 db,1.0,db,8700216631211,4699.0,,https://www.dm.hu/p/d/2974194/gillette-intimate-szortelenito-trimmer-i3
2026-08-19,dm,Gillette,Borotválkozás & testápolás,"Borotvahab érzékeny bőrre, 400 ml",400 ml,400.0,ml,8700216497039,1145.0,,https://www.dm.hu/p/d/2974853/gillette-borotvahab-erzekeny-borre
2026-08-19,dm,Gillette,Borotválkozás & testápolás,"Blue3 férfi eldobható borotva, 12 db",12 db,12.0,db,8006540808771,2579.0,,https://www.dm.hu/p/d/2975220/gillette-blue3-ferfi-eldobhato-borotva
2026-08-19,dm,Gillette,Borotválkozás & testápolás,"Blue3 férfi eldobható borotva, 8 db",8 db,8.0,db,8006540808764,2015.0,,https://www.dm.hu/p/d/2977378/gillette-blue3-ferfi-eldobhato-borotva
2026-08-19,dm,Gillette,Borotválkozás & testápolás,"Férfi izzadásgátló gél, Sport Triumph, 70 ml",70 ml,70.0,ml,8006530030458,1419.0,,https://www.dm.hu/p/d/3008495/gillette-ferfi-izzadasgatlo-gel-sport-triumph
2026-08-19,dm,Gillette,Borotválkozás & testápolás,"Sensor 3+ borotva Sensitive, 8db betéttel, 1 db",1 db,1.0,db,8700216639477,1079.0,,https://www.dm.hu/p/d/3058482/gillette-sensor-3-borotva-sensitive-8db-betettel
2026-08-19,dm,Gillette,Borotválkozás & testápolás,"Sensor 3+ borotva betét, Sensitive, 8 db",8 db,8.0,db,8700216743099,1299.0,,https://www.dm.hu/p/d/3058493/gillette-sensor-3-borotva-betet-sensitive
2026-08-19,dm,Gillette,Borotválkozás & testápolás,"Sensor 3+ borotva 8 db betéttel, Special Edition, 1 db",1 db,1.0,db,8700216639606,3799.0,,https://www.dm.hu/p/d/3058494/gillette-sensor-3-borotva-8-db-betettel-special-edition
2026-08-19,dm,Gillette,Borotválkozás & testápolás,"Smooth Miami Női eldobható borotva, 6 db",6 db,6.0,db,8700216756907,1969.0,,https://www.dm.hu/p/d/3062308/gillette-venus-smooth-miami-noi-eldobhato-borotva
2026-08-19,dm,Gillette,Borotválkozás & testápolás,"ComfortGlide Miami Női borotva sugarberry illattal, 1 db",1 db,1.0,db,8700216674195,4899.0,,https://www.dm.hu/p/d/3062395/gillette-venus-comfortglide-miami-noi-borotva-sugarberry-illattal
2026-08-19,dm,Gillette,Borotválkozás & testápolás,"Smooth Miami Női eldobható borotva, 3 db",3 db,3.0,db,8700216756884,1509.0,,https://www.dm.hu/p/d/3062413/gillette-venus-smooth-miami-noi-eldobhato-borotva
2026-08-19,dm,Gillette,Borotválkozás & testápolás,"ComfortGlide Miami női borotvabetét sugarberry illattal, 3 db",3 db,3.0,db,8700216674164,6029.0,,https://www.dm.hu/p/d/3065339/gillette-venus-comfortglide-miami-noi-borotvabetet-sugarberry-illattal
2026-08-19,dm,Gillette,Borotválkozás & testápolás,"ComfortGlide Breeze borotva + 4 borotvabetét, 4 db",4 db,4.0,db,8700216895538,7999.0,,https://www.dm.hu/p/d/3065803/gillette-venus-comfortglide-breeze-borotva-4-borotvabetet
2026-08-19,dm,Gillette,Borotválkozás & testápolás,"3 Colors Női eldobható borotva, 4 db",4 db,4.0,db,8700216506991,849.0,,https://www.dm.hu/p/d/3065822/gillette-venus-3-colors-noi-eldobhato-borotva
2026-08-19,dm,Gillette,Borotválkozás & testápolás,"Borotva ComfortGlow Argan Oil +3 borotvafej, 1 db",1 db,1.0,db,8006530183796,8999.0,,https://www.dm.hu/p/d/3120149/gillette-venus-borotva-comfortglow-argan-oil-3-borotvafej
2026-08-19,dm,Gillette,Borotválkozás & testápolás,"Labs borotva, 1 db betéttel, 1 db",1 db,1.0,db,8006530112406,5999.0,,https://www.dm.hu/p/d/3124396/gillette-labs-borotva-1-db-betettel
2026-08-19,dm,Gillette,Borotválkozás & testápolás,"Labs Borotvabetét, 4 db",4 db,4.0,db,8006530277846,7995.0,,https://www.dm.hu/p/d/3124588/gillette-labs-borotvabetet
2026-08-19,dm,Gillette,Borotválkozás & testápolás,"Labs Borotvakészülék, 3 db betéttel, 1 db",1 db,1.0,db,8006530112529,10999.0,,https://www.dm.hu/p/d/3124594/gillette-labs-borotvakeszulek-3-db-betettel
2026-08-19,dm,Gillette,Borotválkozás & testápolás,"Labs Borotvagél, 198 ml",198 ml,198.0,ml,8006530215138,1879.0,,https://www.dm.hu/p/d/3124606/gillette-labs-borotvagel
2026-08-19,dm,Gillette,Borotválkozás & testápolás,"Labs Borotvabetét, 8 db",8 db,8.0,db,8006530277907,14019.0,,https://www.dm.hu/p/d/3124752/gillette-labs-borotvabetet
2026-08-19,dm,Gillette,Borotválkozás & testápolás,"Férfi borotvahab, 250 ml",250 ml,250.0,ml,8006530159142,1009.0,,https://www.dm.hu/p/d/3124753/gillette-ferfi-borotvahab
2026-08-19,dm,Gillette,Borotválkozás & testápolás,"Férfi borotvahab, Sensitive, 250 ml",250 ml,250.0,ml,8006530154710,1009.0,,https://www.dm.hu/p/d/3124754/gillette-ferfi-borotvahab-sensitive
2026-08-19,dm,Gillette,Borotválkozás & testápolás,"Férfi borotvahab, 400 ml",400 ml,400.0,ml,8006530162982,1199.0,,https://www.dm.hu/p/d/3124755/gillette-ferfi-borotvahab
2026-08-19,dm,Gillette,Borotválkozás & testápolás,"Borotvabetét argánolajjal ComfortGlow, 6 db",6 db,6.0,db,8006530183963,10749.0,,https://www.dm.hu/p/d/3126485/gillette-venus-borotvabetet-arganolajjal-comfortglow
2026-08-19,dm,Gillette,Borotválkozás & testápolás,"Borotvabetét Smooth, 8 db",8 db,8.0,db,8700216969031,6789.0,,https://www.dm.hu/p/d/3126492/gillette-venus-borotvabetet-smooth
2026-08-19,dm,Gillette,Borotválkozás & testápolás,"Borotvabetét ComfortGlide Breeze + pengevédő, 6 db",6 db,6.0,db,8700216969314,7895.0,,https://www.dm.hu/p/d/3126494/gillette-venus-borotvabetet-comfortglide-breeze-pengevedo
2026-08-19,dm,Gillette,Borotválkozás & testápolás,"Női borotva Pro Comfortglide Sugarberry, 1 db",1 db,1.0,db,8700216970020,8999.0,,https://www.dm.hu/p/d/3126496/gillette-venus-noi-borotva-pro-comfortglide-sugarberry
2026-08-19,dm,Gillette,Borotválkozás & testápolás,"Borotvabetét Pro ComfortGlide Sugarberry, 6 db",6 db,6.0,db,8700216969253,10749.0,,https://www.dm.hu/p/d/3126497/gillette-venus-borotvabetet-pro-comfortglide-sugarberry
2026-08-19,dm,Gillette,Borotválkozás & testápolás,"Eldobható női borotva Extra Comfort Sensitive, 6 db",6 db,6.0,db,8006530108256,1999.0,,https://www.dm.hu/p/d/3133769/gillette-venus-eldobhato-noi-borotva-extra-comfort-sensitive
2026-08-19,dm,Gillette,Borotválkozás & testápolás,"Női borotvabetét Pro Smooth Sensitive érzékeny bőrre, 3 db",3 db,3.0,db,8700216968928,6439.0,,https://www.dm.hu/p/d/3133772/gillette-venus-noi-borotvabetet-pro-smooth-sensitive-erzekeny-borre
2026-08-19,dm,Gillette Venus,Borotválkozás & testápolás,"Női eldobható borotva Venus Comfort Colours, 8 db",8 db,8.0,db,8006530129954,2029.0,,https://www.dm.hu/p/d/3133784/gillette-venus-noi-eldobhato-borotva-venus-comfort-colours
2026-08-19,dm,Braun,Borotválkozás & testápolás,"Epilátor Silk·épil 7, 1 db",1 db,1.0,db,8700216963367,37999.0,,https://www.dm.hu/p/d/1714559/braun-epilator-silk-epil-7
2026-08-19,dm,Braun,Borotválkozás & testápolás,"Brows Lady Shaver FG1100 Box - mini trimmer, szemöldökformázó, 1 db",1 db,1.0,db,4210201423645,12999.0,,https://www.dm.hu/p/d/1722814/braun-brows-lady-shaver-fg1100-box-mini-trimmer-szemoldokformazo
2026-08-19,dm,Braun,Borotválkozás & testápolás,"Elektromos borotva, Series 3, 1 db",1 db,1.0,db,4210201163305,26999.0,,https://www.dm.hu/p/d/1899588/braun-elektromos-borotva-series-3
2026-08-19,dm,Braun,Borotválkozás & testápolás,"Epilátor női SE3-276, 1 db",1 db,1.0,db,4210201423461,15399.0,,https://www.dm.hu/p/d/2164560/braun-epilator-noi-se3-276
2026-08-19,dm,Braun,Borotválkozás & testápolás,"Multifunkciós elektromos borotva és szakállvágó, XT5, 1 db",1 db,1.0,db,8001090794987,21999.0,,https://www.dm.hu/p/d/2446495/braun-multifunkcios-elektromos-borotva-es-szakallvago-xt5
2026-08-19,dm,Braun,Borotválkozás & testápolás,"Villanófényes szőrtelenítő PL1124, 1 db",1 db,1.0,db,4210201439141,104999.0,,https://www.dm.hu/p/d/2952147/braun-villanofenyes-szortelenito-pl1124
2026-08-19,dm,Braun,Borotválkozás & testápolás,"Elektromos borotva, XT3, 1 db",1 db,1.0,db,8001090941015,4999.0,,https://www.dm.hu/p/d/3078968/braun-elektromos-borotva-xt3
2026-08-19,dm,Braun,Borotválkozás & testápolás,"Multifunkciós elektromos borotva és szakállvágó, AIO3500, 1 db",1 db,1.0,db,8700216429337,15999.0,,https://www.dm.hu/p/d/3079022/braun-multifunkcios-elektromos-borotva-es-szakallvago-aio3500
2026-08-19,dm,Braun,Borotválkozás & testápolás,"Multifunkciós elektromos borotva és szakállvágó és testszőrzet ápoló, AIO55400, 1 db",1 db,1.0,db,8700216429504,25999.0,,https://www.dm.hu/p/d/3079023/braun-multifunkcios-elektromos-borotva-es-szakallvago-es-testszorzet-apolo-aio55400
2026-08-19,dm,Braun,Borotválkozás & testápolás,"Elektromos szakállvágó BT3500, 1 db",1 db,1.0,db,8700216428262,17999.0,,https://www.dm.hu/p/d/3079024/braun-elektromos-szakallvago-bt3500
2026-08-19,dm,Braun,Borotválkozás & testápolás,"Epilátor Silk·épil 5 SE5-011, 1 db",1 db,1.0,db,8700216963015,27999.0,,https://www.dm.hu/p/d/3121852/braun-epilator-silk-epil-5-se5-011
2026-08-19,dm,Braun,Borotválkozás & testápolás,"Elektromos szakállvágó BT5520, 1 db",1 db,1.0,db,8700216428422,23999.0,,https://www.dm.hu/p/d/3124711/braun-elektromos-szakallvago-bt5520
2026-08-19,dm,Braun,Borotválkozás & testápolás,"Vezetékes epilátor Silk·épil 3 3-000, rózsaszín, 1 db",1 db,1.0,db,8700216962988,17999.0,,https://www.dm.hu/p/d/3132468/braun-vezetekes-epilator-silk-epil-3-3-000-rozsaszin
2026-08-19,dm,Braun,Borotválkozás & testápolás,"Vezetékes epilátor Silk·épil 3 SE3-033, 1 db",1 db,1.0,db,8700216962940,21999.0,,https://www.dm.hu/p/d/3137226/braun-vezetekes-epilator-silk-epil-3-se3-033
2026-08-19,dm,Braun,Borotválkozás & testápolás,"Epilátor Silk-épil SES9-000, 1 db",1 db,1.0,db,8700216963404,51999.0,,https://www.dm.hu/p/d/3139483/braun-epilator-silk-epil-ses9-000
2026-08-19,dm,Braun,Borotválkozás & testápolás,"Villanófényes szőrtelenítő SilkExpert P5 IPL Flash PL5210, 1 db",1 db,1.0,db,8700216937481,169000.0,,https://www.dm.hu/p/d/3139488/braun-villanofenyes-szortelenito-silkexpert-p5-ipl-flash-pl5210
2026-08-19,dm,Braun,Borotválkozás & testápolás,"Villanófényes szőrtelenítő SilkExpert Mini PL1100, 1 db",1 db,1.0,db,8006530145558,99999.0,,https://www.dm.hu/p/d/3139502/braun-villanofenyes-szortelenito-silkexpert-mini-pl1100
2026-08-19,dm,Old Spice,Borotválkozás & testápolás,"Tusfürdő 3in1 Whitewater, nagy kiszerelés, 400 ml",400 ml,400.0,ml,8700216856812,1315.0,,https://www.dm.hu/p/d/1314382/old-spice-tusfurdo-3in1-whitewater-nagy-kiszereles
2026-08-19,dm,Old Spice,Borotválkozás & testápolás,"After shave lotion Original, 100 ml",100 ml,100.0,ml,5011321772335,3399.0,,https://www.dm.hu/p/d/1398456/old-spice-after-shave-lotion-original
2026-08-19,dm,Old Spice,Borotválkozás & testápolás,"Férfi After shave, Captain, 100 ml",100 ml,100.0,ml,8001090978752,3399.0,,https://www.dm.hu/p/d/1460682/old-spice-ferfi-after-shave-captain
2026-08-19,dm,Old Spice,Borotválkozás & testápolás,"Tusfürdő 3in1 Whitewater, Extra XL, 1 l",1000 ml,1000.0,ml,8006540818862,2999.0,,https://www.dm.hu/p/d/1917555/old-spice-tusfurdo-3in1-whitewater-extra-xl
2026-08-19,dm,Old Spice,Borotválkozás & testápolás,"Tusfürdő Captain, 1 l",1000 ml,1000.0,ml,8006540818824,2999.0,,https://www.dm.hu/p/d/1917558/old-spice-tusfurdo-captain
2026-08-19,dm,Old Spice,Borotválkozás & testápolás,"Izzadásgátló zselés stift Whitewater, 70 ml",70 ml,70.0,ml,5000174917710,1675.0,,https://www.dm.hu/p/d/2021544/old-spice-izzadasgatlo-zseles-stift-whitewater
2026-08-19,dm,Old Spice,Borotválkozás & testápolás,"Tusfürdő Oasis, 400 ml",400 ml,400.0,ml,8006540838761,1315.0,,https://www.dm.hu/p/d/2027695/old-spice-tusfurdo-oasis
2026-08-19,dm,Old Spice,Borotválkozás & testápolás,"Deo stift Oasis, 50 ml",50 ml,50.0,ml,8006540839362,1299.0,,https://www.dm.hu/p/d/2027696/old-spice-deo-stift-oasis
2026-08-19,dm,Old Spice,Borotválkozás & testápolás,"Deo spray Oasis, 150 ml",150 ml,150.0,ml,8006540785874,1299.0,,https://www.dm.hu/p/d/2027697/old-spice-deo-spray-oasis
2026-08-19,dm,Old Spice,Borotválkozás & testápolás,"Deo stift Rockstar, 50 ml",50 ml,50.0,ml,8700216203906,1299.0,,https://www.dm.hu/p/d/2033100/old-spice-deo-stift-rockstar
2026-08-19,dm,Old Spice,Borotválkozás & testápolás,"Tusfürdő Rockstar, 400 ml",400 ml,400.0,ml,8700216232746,1315.0,,https://www.dm.hu/p/d/2033101/old-spice-tusfurdo-rockstar
2026-08-19,dm,Old Spice,Borotválkozás & testápolás,"Deo spray Rockstar, 150 ml",150 ml,150.0,ml,8700216169820,1299.0,,https://www.dm.hu/p/d/2033105/old-spice-deo-spray-rockstar
2026-08-19,dm,Old Spice,Borotválkozás & testápolás,"Deo stift Wolfthorn, 50 ml",50 ml,50.0,ml,8700216162173,1299.0,,https://www.dm.hu/p/d/2068920/old-spice-deo-stift-wolfthorn
2026-08-19,dm,Old Spice,Borotválkozás & testápolás,"After shave Whitewater, 100 ml",100 ml,100.0,ml,5000174440256,3399.0,,https://www.dm.hu/p/d/2081244/old-spice-after-shave-whitewater
2026-08-19,dm,Old Spice,Borotválkozás & testápolás,"Deo stift Whitewater, 50 ml",50 ml,50.0,ml,8700216162180,1299.0,,https://www.dm.hu/p/d/2083578/old-spice-deo-stift-whitewater
2026-08-19,dm,Old Spice,Borotválkozás & testápolás,"Deo stift Original, 50 ml",50 ml,50.0,ml,4084500490543,1299.0,,https://www.dm.hu/p/d/2083589/old-spice-deo-stift-original
2026-08-19,dm,Old Spice,Borotválkozás & testápolás,"Deo spray Whitewater, 125 ml",125 ml,125.0,ml,4084500479821,1299.0,,https://www.dm.hu/p/d/2106495/old-spice-deo-spray-whitewater
2026-08-19,dm,Old Spice,Borotválkozás & testápolás,"Deo stift Captain, 50 ml",50 ml,50.0,ml,8700216203982,1299.0,,https://www.dm.hu/p/d/2110818/old-spice-deo-stift-captain
2026-08-19,dm,Old Spice,Borotválkozás & testápolás,"Izzadásgátló zselés stift Captain, 70 ml",70 ml,70.0,ml,8001090999153,1675.0,,https://www.dm.hu/p/d/2110820/old-spice-izzadasgatlo-zseles-stift-captain
2026-08-19,dm,Old Spice,Borotválkozás & testápolás,"Deo spray Captain, 150 ml",150 ml,150.0,ml,8001090962867,1299.0,,https://www.dm.hu/p/d/2110826/old-spice-deo-spray-captain
2026-08-19,dm,Old Spice,Borotválkozás & testápolás,"Deo spray Deep sea, 150 ml",150 ml,150.0,ml,8001841282473,649.0,,https://www.dm.hu/p/d/2118695/old-spice-deo-spray-deep-sea
2026-08-19,dm,Old Spice,Borotválkozás & testápolás,"Deo stift Deep sea, 50 ml",50 ml,50.0,ml,8001841283906,1299.0,,https://www.dm.hu/p/d/2118697/old-spice-deo-stift-deep-sea
2026-08-19,dm,Old Spice,Borotválkozás & testápolás,"Deo stift Whitewater, 2x50 ml, 100 ml",100 ml,100.0,ml,8006530049023,2219.0,,https://www.dm.hu/p/d/2119694/old-spice-deo-stift-whitewater-2x50-ml
2026-08-19,dm,Old Spice,Borotválkozás & testápolás,"Deo spray Whitewater 2x150ml, 300 ml",300 ml,300.0,ml,8001841670720,649.0,,https://www.dm.hu/p/d/2119695/old-spice-deo-spray-whitewater-2x150ml
2026-08-19,dm,Old Spice,Borotválkozás & testápolás,"Tusfürdő Tigerclaw, 3 in 1, 400 ml",400 ml,400.0,ml,8006540456484,299.0,,https://www.dm.hu/p/d/2129208/old-spice-tusfurdo-tigerclaw-3-in-1
2026-08-19,dm,Old Spice,Borotválkozás & testápolás,"Deo stift Nightpanther, 50 ml",50 ml,50.0,ml,8700216884617,1299.0,,https://www.dm.hu/p/d/2129212/old-spice-deo-stift-nightpanther
2026-08-19,dm,Old Spice,Borotválkozás & testápolás,"Deo Stift Tigerclaw, 50 ml",50 ml,50.0,ml,8700216884686,1299.0,,https://www.dm.hu/p/d/2129214/old-spice-deo-stift-tigerclaw
2026-08-19,dm,Old Spice,Borotválkozás & testápolás,"Deo stift Bearglove, 50 ml",50 ml,50.0,ml,8700216884662,1299.0,,https://www.dm.hu/p/d/2191389/old-spice-deo-stift-bearglove
2026-08-19,dm,Old Spice,Borotválkozás & testápolás,"Férfi deo stift, Whitewater, 85 ml",85 ml,85.0,ml,8700216357814,1899.0,,https://www.dm.hu/p/d/2252279/old-spice-ferfi-deo-stift-whitewater
2026-08-19,dm,Old Spice,Borotválkozás & testápolás,"Férfi deo stift, Captain, 85 ml",85 ml,85.0,ml,8700216879866,1899.0,,https://www.dm.hu/p/d/2252292/old-spice-ferfi-deo-stift-captain
2026-08-19,dm,Old Spice,Borotválkozás & testápolás,"Deo spray Bear Glove, 150 ml",150 ml,150.0,ml,4015600860332,1299.0,,https://www.dm.hu/p/d/2277276/old-spice-deo-spray-bear-glove
2026-08-19,dm,Old Spice,Borotválkozás & testápolás,"Tusfürdő Bearglove, 400 ml",400 ml,400.0,ml,8001090533869,1315.0,,https://www.dm.hu/p/d/2291332/old-spice-tusfurdo-bearglove
2026-08-19,dm,Old Spice,Borotválkozás & testápolás,"Deo spray, Whitewater, XXL, 250 ml",250 ml,250.0,ml,8700216875677,1905.0,,https://www.dm.hu/p/d/2440780/old-spice-deo-spray-whitewater-xxl
2026-08-19,dm,Old Spice,Borotválkozás & testápolás,"Deo spray, Captain, XXL, 250 ml",250 ml,250.0,ml,8700216875714,1905.0,,https://www.dm.hu/p/d/2445434/old-spice-deo-spray-captain-xxl
2026-08-19,dm,Old Spice,Borotválkozás & testápolás,"Deo stift Astronaut, 50 ml",50 ml,50.0,ml,8006540592939,319.0,,https://www.dm.hu/p/d/2709021/old-spice-deo-stift-astronaut
2026-08-19,dm,Old Spice,Borotválkozás & testápolás,"Tusfürdő Deep Sea, XL, 1 000 ml",0 ml,0.0,ml,8700216452755,2999.0,,https://www.dm.hu/p/d/2974743/old-spice-tusfurdo-deep-sea-xl
2026-08-19,dm,Old Spice,Borotválkozás & testápolás,"Tusfürdő 3in1 Wolfthorn, Extra XL, 1 000 ml",0 ml,0.0,ml,8700216452588,2999.0,,https://www.dm.hu/p/d/2974759/old-spice-tusfurdo-3in1-wolfthorn-extra-xl
2026-08-19,dm,Old Spice,Borotválkozás & testápolás,"Deo stift Oasis, 2X50ml, 100 ml",100 ml,100.0,ml,8700216810982,2219.0,,https://www.dm.hu/p/d/2977379/old-spice-deo-stift-oasis-2x50ml
2026-08-19,dm,Old Spice,Borotválkozás & testápolás,"Tusfürdő, Epic Legend, 400 ml",400 ml,400.0,ml,8700216611046,1315.0,,https://www.dm.hu/p/d/3050106/old-spice-tusfurdo-epic-legend
2026-08-19,dm,Old Spice,Borotválkozás & testápolás,"Deo stift, Sport Power, 50 ml",50 ml,50.0,ml,8700216658867,649.0,,https://www.dm.hu/p/d/3058484/old-spice-deo-stift-sport-power
2026-08-19,dm,Old Spice,Borotválkozás & testápolás,"Deo stift, Night Power, 50 ml",50 ml,50.0,ml,8700216659093,649.0,,https://www.dm.hu/p/d/3058485/old-spice-deo-stift-night-power
2026-08-19,dm,Old Spice,Borotválkozás & testápolás,"Férfi deo spray, Power Start, 150 ml",150 ml,150.0,ml,8700216639262,379.0,,https://www.dm.hu/p/d/3058486/old-spice-ferfi-deo-spray-power-start
2026-08-19,dm,Old Spice,Borotválkozás & testápolás,"Férfi deo spray, Sport Power, 150 ml",150 ml,150.0,ml,8700216639279,379.0,,https://www.dm.hu/p/d/3058487/old-spice-ferfi-deo-spray-sport-power
2026-08-19,dm,Old Spice,Borotválkozás & testápolás,"Férfi deo spray, Night Power, 150 ml",150 ml,150.0,ml,8700216639309,379.0,,https://www.dm.hu/p/d/3058488/old-spice-ferfi-deo-spray-night-power
2026-08-19,dm,Old Spice,Borotválkozás & testápolás,"Deo stift Epic Legend, 50 ml",50 ml,50.0,ml,8700216607360,1299.0,,https://www.dm.hu/p/d/3058489/old-spice-deo-stift-epic-legend
2026-08-19,dm,Old Spice,Borotválkozás & testápolás,"Férfi deo spray, Epic Legend, 150 ml",150 ml,150.0,ml,8700216606035,1299.0,,https://www.dm.hu/p/d/3058490/old-spice-ferfi-deo-spray-epic-legend
2026-08-19,dm,Old Spice,Borotválkozás & testápolás,"Tusfürdő Oasis, 2x400 ml, 800 ml",800 ml,800.0,ml,8700216811071,2339.0,,https://www.dm.hu/p/d/3058491/old-spice-tusfurdo-oasis-2x400-ml
2026-08-19,dm,Old Spice,Borotválkozás & testápolás,"Tusfürdő, Bearglove, 1 000 ml",0 ml,0.0,ml,8700216610933,2999.0,,https://www.dm.hu/p/d/3058492/old-spice-tusfurdo-bearglove
2026-08-19,dm,Old Spice,Borotválkozás & testápolás,"Férfi tusfürdő, Captain, 2x400 ml, 800 ml",800 ml,800.0,ml,8700216961967,2339.0,,https://www.dm.hu/p/d/3068188/old-spice-ferfi-tusfurdo-captain-2x400-ml
2026-08-19,dm,Old Spice,Borotválkozás & testápolás,"Férfi tusfürdő, Whitewater, 2x400ml, 800 ml",800 ml,800.0,ml,8700216980319,2339.0,,https://www.dm.hu/p/d/3068197/old-spice-ferfi-tusfurdo-whitewater-2x400ml
2026-08-19,dm,Old Spice,Borotválkozás & testápolás,"Férfi deo stift, Captain, 2x50ml, 100 ml",100 ml,100.0,ml,8700216961998,2219.0,,https://www.dm.hu/p/d/3068214/old-spice-ferfi-deo-stift-captain-2x50ml
2026-08-19,dm,Old Spice,Borotválkozás & testápolás,"Férfi tusfürdő, Cold spice, 400 ml",400 ml,400.0,ml,8006530139311,1315.0,,https://www.dm.hu/p/d/3124100/old-spice-ferfi-tusfurdo-cold-spice
2026-08-19,dm,Old Spice,Borotválkozás & testápolás,"Férfi deo stift, Bearglove, 85 ml",85 ml,85.0,ml,8700216752466,1899.0,,https://www.dm.hu/p/d/3124756/old-spice-ferfi-deo-stift-bearglove
2026-08-19,dm,Old Spice,Borotválkozás & testápolás,"Férfi deo spray, Bearglove, 250 ml",250 ml,250.0,ml,8700216752497,1905.0,,https://www.dm.hu/p/d/3124757/old-spice-ferfi-deo-spray-bearglove
2026-08-19,dm,Old Spice,Borotválkozás & testápolás,"Férfi tusfürdő, Rockstar, 1 000 ml",0 ml,0.0,ml,8006530074001,2999.0,,https://www.dm.hu/p/d/3124758/old-spice-ferfi-tusfurdo-rockstar
2026-08-19,dm,Old Spice,Borotválkozás & testápolás,"Férfi deo gél, Cold spice, 70 ml",70 ml,70.0,ml,8006530155557,1675.0,,https://www.dm.hu/p/d/3124759/old-spice-ferfi-deo-gel-cold-spice
2026-08-19,dm,Old Spice,Borotválkozás & testápolás,"Férfi deo spray, Cold spice, 150 ml",150 ml,150.0,ml,8006530101608,1299.0,,https://www.dm.hu/p/d/3124760/old-spice-ferfi-deo-spray-cold-spice
2026-08-19,dm,Old Spice,Borotválkozás & testápolás,"Férfi tusfürdő, Cold spice, 1 000 ml",0 ml,0.0,ml,8006530139021,2999.0,,https://www.dm.hu/p/d/3124761/old-spice-ferfi-tusfurdo-cold-spice
2026-08-19,dm,Old Spice,Borotválkozás & testápolás,"Férfi izzadásgátló gél, Whitewater, 70 ml",70 ml,70.0,ml,8006530030014,1675.0,,https://www.dm.hu/p/d/3125371/old-spice-ferfi-izzadasgatlo-gel-whitewater
2026-08-19,dm,Old Spice,Borotválkozás & testápolás,"Férfi izzadásgátló gél, Captain, 70 ml",70 ml,70.0,ml,8006530030397,1675.0,,https://www.dm.hu/p/d/3125378/old-spice-ferfi-izzadasgatlo-gel-captain
2026-08-19,dm,Oral-B,Szájápolás,"Fogselyem Superfloss, 50 db",50 db,50.0,db,8700216538961,1549.0,,https://www.dm.hu/p/d/1672365/oral-b-fogselyem-superfloss
2026-08-19,dm,Oral-B,Szájápolás,"Elekt fogkefe iO5 quite white, 1 db",1 db,1.0,db,4210201415343,39999.0,,https://www.dm.hu/p/d/2022906/oral-b-elekt-fogkefe-io5-quite-white
2026-08-19,dm,Oral-B,Szájápolás,"Elektromos fogkefe Vitality Pro Protect X Clean, fekete, 1 db",1 db,1.0,db,4210201427124,13499.0,,https://www.dm.hu/p/d/2022914/oral-b-elektromos-fogkefe-vitality-pro-protect-x-clean-fekete
2026-08-19,dm,Oral-B,Szájápolás,"Fogkrém Pro-Expert Protection, 75 ml",75 ml,75.0,ml,8700216106863,499.0,,https://www.dm.hu/p/d/2030368/oral-b-fogkrem-pro-expert-protection
2026-08-19,dm,Oral-B,Szájápolás,"Fogkrém Pro-Expert Healthy Whitening, 75 ml",75 ml,75.0,ml,8700216106788,499.0,,https://www.dm.hu/p/d/2030369/oral-b-fogkrem-pro-expert-healthy-whitening
2026-08-19,dm,Oral-B,Szájápolás,"Fogkrém Pro-Expert Sensitive, 75 ml",75 ml,75.0,ml,8700216106818,499.0,,https://www.dm.hu/p/d/2030370/oral-b-fogkrem-pro-expert-sensitive
2026-08-19,dm,Oral-B,Szájápolás,"Fogkrém Pro Expert Advanced, 75 ml",75 ml,75.0,ml,8700216106702,649.0,,https://www.dm.hu/p/d/2030372/oral-b-fogkrem-pro-expert-advanced
2026-08-19,dm,Oral-B,Szájápolás,"Elektromos fogkefe IO9 white, 1 db",1 db,1.0,db,4210201449614,104999.0,,https://www.dm.hu/p/d/2030513/oral-b-elektromos-fogkefe-io9-white
2026-08-19,dm,Oral-B,Szájápolás,"Elektromos fogkefe IO3 Ice Blue, 1 db",1 db,1.0,db,8006540731321,30999.0,,https://www.dm.hu/p/d/2030514/oral-b-elektromos-fogkefe-io3-ice-blue
2026-08-19,dm,Oral-B,Szájápolás,"Fogkefe pótfej Kids Jégvarázs, 4 db",4 db,4.0,db,4210201385233,7799.0,,https://www.dm.hu/p/d/2030714/oral-b-fogkefe-potfej-kids-jegvarazs
2026-08-19,dm,Oral-B,Szájápolás,"Elektromos fogkefe Pro series 1 kék, 1 db",1 db,1.0,db,8001090916464,16999.0,,https://www.dm.hu/p/d/2030715/oral-b-elektromos-fogkefe-pro-series-1-kek
2026-08-19,dm,Oral-B,Szájápolás,"Fogkefe pótfej Pro Sensitive Clean, 8 db",8 db,8.0,db,8006540848036,11999.0,,https://www.dm.hu/p/d/2031444/oral-b-fogkefe-potfej-pro-sensitive-clean
2026-08-19,dm,Oral-B,Szájápolás,"Pótfej elektromos fogkeféhez Sensitive Clean, 4 db",4 db,4.0,db,8006540847961,6499.0,,https://www.dm.hu/p/d/2031445/oral-b-potfej-elektromos-fogkefehez-sensitive-clean
2026-08-19,dm,Oral-B,Szájápolás,"fogkefe pótfej Pro Cross Action, 8 db",8 db,8.0,db,8006540847855,11999.0,,https://www.dm.hu/p/d/2031446/oral-b-fogkefe-potfej-pro-cross-action
2026-08-19,dm,Oral-B,Szájápolás,"Fogkefe pótfej Pro Cross Action, 4 db",4 db,4.0,db,8006540847770,7499.0,,https://www.dm.hu/p/d/2031447/oral-b-fogkefe-potfej-pro-cross-action
2026-08-19,dm,Oral-B,Szájápolás,"Fogkefe pótfej Pro Precision Clean XXL Pack, 8 db",8 db,8.0,db,8006540847459,11499.0,,https://www.dm.hu/p/d/2031448/oral-b-fogkefe-potfej-pro-precision-clean-xxl-pack
2026-08-19,dm,Oral-B,Szájápolás,"Fogkefe pótfej Pro Kids 3 éves kortól Spiderman, 4 db",4 db,4.0,db,8006540805237,7799.0,,https://www.dm.hu/p/d/2031449/oral-b-fogkefe-potfej-pro-kids-3-eves-kortol-spiderman
2026-08-19,dm,Oral-B,Szájápolás,"Fogkrém Pro-expert duo pack, 150 ml",150 ml,150.0,ml,8700216384643,819.0,,https://www.dm.hu/p/d/2032693/oral-b-fogkrem-pro-expert-duo-pack
2026-08-19,dm,Oral-B,Szájápolás,"Fogkefe Black Allrorunder (többféle), 3 db",3 db,3.0,db,3014260101503,729.0,,https://www.dm.hu/p/d/2220339/oral-b-fogkefe-black-allrorunder-tobbfele
2026-08-19,dm,Oral-B,Szájápolás,"Elektromos fogkefe gyermekeknek, Pro Kids 3+ Frozen, tokkal, 1 db",1 db,1.0,db,8006540773338,16999.0,,https://www.dm.hu/p/d/2276668/oral-b-elektromos-fogkefe-gyermekeknek-pro-kids-3-frozen-tokkal
2026-08-19,dm,Oral-B,Szájápolás,"Fogkefe 3-Effect medium (többféle), 2 db",2 db,2.0,db,3014260022839,575.0,,https://www.dm.hu/p/d/2376804/oral-b-fogkefe-3-effect-medium-tobbfele
2026-08-19,dm,Oral-B,Szájápolás,"Elektromos fogkefe Vitality Pro Protect x Clean, lila, 1 db",1 db,1.0,db,4210201427025,13499.0,,https://www.dm.hu/p/d/2440948/oral-b-elektromos-fogkefe-vitality-pro-protect-x-clean-lila
2026-08-19,dm,Oral-B,Szájápolás,"Elektromos fogkefe iO6 Black Lava, 1 db",1 db,1.0,db,4210201409199,58999.0,,https://www.dm.hu/p/d/2443359/oral-b-elektromos-fogkefe-io6-black-lava
2026-08-19,dm,Oral-B,Szájápolás,"Elektromos fogkefe Prp Series 1 Duo Edition, 2 db",2 db,2.0,db,8006540789193,29999.0,,https://www.dm.hu/p/d/2445746/oral-b-elektromos-fogkefe-prp-series-1-duo-edition
2026-08-19,dm,Oral-B,Szájápolás,"Pótfej elektromos fogkeféhez 3d white, 4 db",4 db,4.0,db,4210201358725,6499.0,,https://www.dm.hu/p/d/2472285/oral-b-potfej-elektromos-fogkefehez-3d-white
2026-08-19,dm,Oral-B,Szájápolás,"Elektromos fogkefe Pro Series 1 utazótokkal, 1 db",1 db,1.0,db,8001090914316,18499.0,,https://www.dm.hu/p/d/2714342/oral-b-elektromos-fogkefe-pro-series-1-utazotokkal
2026-08-19,dm,Oral-B,Szájápolás,"Fogkefe pótfej Pro Cross Action, 6 db",6 db,6.0,db,8006540847879,10499.0,,https://www.dm.hu/p/d/2717780/oral-b-fogkefe-potfej-pro-cross-action
2026-08-19,dm,Oral-B,Szájápolás,"Pótfej elektromos fogkeféhez Pulsonic Clean, 4 db",4 db,4.0,db,4210201299851,7299.0,,https://www.dm.hu/p/d/2833973/oral-b-potfej-elektromos-fogkefehez-pulsonic-clean
2026-08-19,dm,Oral-B,Szájápolás,"Fogkefe colors xxxl (többféle), 4 db",4 db,4.0,db,8001090675521,665.0,,https://www.dm.hu/p/d/2949865/oral-b-fogkefe-colors-xxxl-tobbfele
2026-08-19,dm,Oral-B,Szájápolás,"Pótfej elektromos fogkeféhez Pro Cross Action White, 2 db",2 db,2.0,db,8006540847725,2149.0,,https://www.dm.hu/p/d/2951391/oral-b-potfej-elektromos-fogkefehez-pro-cross-action-white
2026-08-19,dm,Oral-B,Szájápolás,"Pótfej elektromos fogkeféhez Sensitive Clean, 2 db",2 db,2.0,db,8006540847923,4299.0,,https://www.dm.hu/p/d/2951392/oral-b-potfej-elektromos-fogkefehez-sensitive-clean
2026-08-19,dm,Oral-B,Szájápolás,"Fogkefe pótfej Pro Kids 3 éves kortól Spiderman, 2 db",2 db,2.0,db,8006540805008,1999.0,,https://www.dm.hu/p/d/2951418/oral-b-fogkefe-potfej-pro-kids-3-eves-kortol-spiderman
2026-08-19,dm,Oral-B,Szájápolás,"Fogkrém junior 6-12 éves gyerekeknek, 75 ml",75 ml,75.0,ml,8700216089654,775.0,,https://www.dm.hu/p/d/2969752/oral-b-fogkrem-junior-6-12-eves-gyerekeknek
2026-08-19,dm,Oral-B,Szájápolás,"Fogkrém Pro Kids 6 éves korig, 50 ml",50 ml,50.0,ml,8700216089715,299.0,,https://www.dm.hu/p/d/2969753/oral-b-fogkrem-pro-kids-6-eves-korig
2026-08-19,dm,Oral-B,Szájápolás,"ProKids elektromos fogkefe Lion king matricákkal, 1 db",1 db,1.0,db,8700216297172,16999.0,,https://www.dm.hu/p/d/2969774/oral-b-prokids-elektromos-fogkefe-lion-king-matricakkal
2026-08-19,dm,Oral-B,Szájápolás,"Fogselyem Proexpert Deep Clean, 1 db",1 db,1.0,db,8700216365604,1049.0,,https://www.dm.hu/p/d/2970605/oral-b-fogselyem-proexpert-deep-clean
2026-08-19,dm,Oral-B,Szájápolás,"Elektromos fogkefe iO3 Black utazótokkal, 1 db",1 db,1.0,db,8700216868709,35999.0,,https://www.dm.hu/p/d/2974508/oral-b-elektromos-fogkefe-io3-black-utazotokkal
2026-08-19,dm,Oral-B,Szájápolás,"Fogkefe pótfej elektrmos fogkeféhez Lion King mintával, 8 db",8 db,8.0,db,8700216302227,9449.0,,https://www.dm.hu/p/d/2974527/oral-b-fogkefe-potfej-elektrmos-fogkefehez-lion-king-mintaval
2026-08-19,dm,Oral-B,Szájápolás,"Fogkrém Pro expert advanced gum, 75 ml",75 ml,75.0,ml,8700216413046,649.0,,https://www.dm.hu/p/d/2974547/oral-b-fogkrem-pro-expert-advanced-gum
2026-08-19,dm,Oral-B,Szájápolás,"Pótfej iO elektromos fogkeféhez, GentleCare fekete színben, 4 db",4 db,4.0,db,8700216199346,14499.0,,https://www.dm.hu/p/d/3060385/oral-b-potfej-io-elektromos-fogkefehez-gentlecare-fekete-szinben
2026-08-19,dm,Oral-B,Szájápolás,"Pótfej iO elektromos fogkeféhez, GentleCare fehér színben, 4 db",4 db,4.0,db,8700216199438,14499.0,,https://www.dm.hu/p/d/3060386/oral-b-potfej-io-elektromos-fogkefehez-gentlecare-feher-szinben
2026-08-19,dm,Oral-B,Szájápolás,"Elektromos fogkefe iO 2 Series Calm Pink, 1 db",1 db,1.0,db,8700216611831,24999.0,,https://www.dm.hu/p/d/3060387/oral-b-elektromos-fogkefe-io-2-series-calm-pink
2026-08-19,dm,Oral-B,Szájápolás,"Pótfej iO elektromos fogkeféhez, Ultimate Clean, 4 db",4 db,4.0,db,8700216199513,14499.0,,https://www.dm.hu/p/d/3060394/oral-b-potfej-io-elektromos-fogkefehez-ultimate-clean
2026-08-19,dm,Oral-B,Szájápolás,"Elektromos fogkefe iO Series 2 Forest Green, 1 db",1 db,1.0,db,8700216611848,24999.0,,https://www.dm.hu/p/d/3063474/oral-b-elektromos-fogkefe-io-series-2-forest-green
2026-08-19,dm,Oral-B,Szájápolás,"Pótfej iO elektromos fogkeféhez, fekete Ultimate Clean, 4 db",4 db,4.0,db,8700216199483,14499.0,,https://www.dm.hu/p/d/3063685/oral-b-potfej-io-elektromos-fogkefehez-fekete-ultimate-clean
2026-08-19,dm,Oral-B,Szájápolás,"Fogkefe kids 0+ extra soft, 1 db",1 db,1.0,db,8700216749497,725.0,,https://www.dm.hu/p/d/3063703/oral-b-fogkefe-kids-0-extra-soft
2026-08-19,dm,Oral-B,Szájápolás,"Fogkefe Pro-Expert Advanced, többféle, 2 db",2 db,2.0,db,8700216445481,1329.0,,https://www.dm.hu/p/d/3064157/oral-b-fogkefe-pro-expert-advanced-tobbfele
2026-08-19,dm,Oral-B,Szájápolás,"Fogkefe Sensitive Clinical duopack, többféle, 2 db",2 db,2.0,db,8700216567923,1465.0,,https://www.dm.hu/p/d/3064158/oral-b-fogkefe-sensitive-clinical-duopack-tobbfele
2026-08-19,dm,Oral-B,Szájápolás,"Elektromos fogkefe iO Series 2 Black utazó tokkal, 1 db",1 db,1.0,db,8700216611923,27999.0,,https://www.dm.hu/p/d/3064196/oral-b-elektromos-fogkefe-io-series-2-black-utazo-tokkal
2026-08-19,dm,Oral-B,Szájápolás,"Pro-3DW Fogkefe Medium, többféle, 2 db",2 db,2.0,db,8700216459761,1179.0,,https://www.dm.hu/p/d/3064203/oral-b-pro-3dw-fogkefe-medium-tobbfele
2026-08-19,dm,Oral-B,Szájápolás,"Fogkefe Junior 6+ Color Changing, Többféle, 1 db",1 db,1.0,db,8700216749466,725.0,,https://www.dm.hu/p/d/3064529/oral-b-fogkefe-junior-6-color-changing-tobbfele
2026-08-19,dm,Oral-B,Szájápolás,"Fogkefe Sensitive Clinical, 1 db",1 db,1.0,db,8700216449397,499.0,,https://www.dm.hu/p/d/3064552/oral-b-fogkefe-sensitive-clinical
2026-08-19,dm,Oral-B,Szájápolás,"Pótfej elektromos fogkeféhez, Lion King, 4 db",4 db,4.0,db,8700216302074,7779.0,,https://www.dm.hu/p/d/3064578/oral-b-potfej-elektromos-fogkefehez-lion-king
2026-08-19,dm,Oral-B,Szájápolás,"Pótfej iO elektromos fogkeféhez, Radient White, 4 db",4 db,4.0,db,8700216199254,14499.0,,https://www.dm.hu/p/d/3064859/oral-b-potfej-io-elektromos-fogkefehez-radient-white
2026-08-19,dm,Oral-B,Szájápolás,"Elektromos fogkefe iO6 Pink, 1 db",1 db,1.0,db,8700216011419,58999.0,,https://www.dm.hu/p/d/3064878/oral-b-elektromos-fogkefe-io6-pink
2026-08-19,dm,Oral-B,Szájápolás,"Pótfej iO elektromos fogkeféhez Interdental Clean, 2 db",2 db,2.0,db,8700216375399,8999.0,,https://www.dm.hu/p/d/3064894/oral-b-potfej-io-elektromos-fogkefehez-interdental-clean
2026-08-19,dm,Oral-B,Szájápolás,"Fogkefe Pro-Sensitive Advanced, 2 db",2 db,2.0,db,8700216567916,1265.0,,https://www.dm.hu/p/d/3069141/oral-b-fogkefe-pro-sensitive-advanced
2026-08-19,dm,Oral-B,Szájápolás,"Fogkefe pro 3d white medium, 1 db",1 db,1.0,db,8700216459334,999.0,,https://www.dm.hu/p/d/3069395/oral-b-fogkefe-pro-3d-white-medium
2026-08-19,dm,Oral-B,Szájápolás,"Elektromos fogkefe iO Series 2 duo, 2 db",2 db,2.0,db,8700216611909,49999.0,,https://www.dm.hu/p/d/3070604/oral-b-elektromos-fogkefe-io-series-2-duo
2026-08-19,dm,Oral-B,Szájápolás,"Fogkrém Pro 3D White Bright Brillance, 75 ml",75 ml,75.0,ml,8700216922807,1535.0,,https://www.dm.hu/p/d/3097812/oral-b-fogkrem-pro-3d-white-bright-brillance
2026-08-19,dm,Oral-B,Szájápolás,"Fogkrém Pro 3D White R adiant White, 75 ml",75 ml,75.0,ml,8700216922838,1535.0,,https://www.dm.hu/p/d/3097814/oral-b-fogkrem-pro-3d-white-r-adiant-white
2026-08-19,dm,Oral-B,Szájápolás,"Elektromos fogkefe iO9 fekete színben utazótokkal és kistáskával, 1 db",1 db,1.0,db,8700216868563,104999.0,,https://www.dm.hu/p/d/3106684/oral-b-elektromos-fogkefe-io9-fekete-szinben-utazotokkal-es-kistaskaval
2026-08-19,dm,Oral-B,Szájápolás,"Elekrtomos fogkefe iO kids Stitch utazó tokkal, 1 db",1 db,1.0,db,8700216932479,28999.0,,https://www.dm.hu/p/d/3108339/oral-b-elekrtomos-fogkefe-io-kids-stitch-utazo-tokkal
2026-08-19,dm,Oral-B,Szájápolás,"Pótfej elektromos fogkeféhez Stitch, 4 db",4 db,4.0,db,8700216930710,15499.0,,https://www.dm.hu/p/d/3108345/oral-b-potfej-elektromos-fogkefehez-stitch
2026-08-19,dm,Oral-B,Szájápolás,"Pótfej iO elektromos fogkeféhez, Kids Spiderman",,,,8700216930260,15499.0,,https://www.dm.hu/p/d/3126826/oral-b-potfej-io-elektromos-fogkefehez-kids-spiderman
2026-08-19,dm,Oral-B,Szájápolás,"Elektromos fogkefe iO kids Spider tokkal, 1 db",1 db,1.0,db,8700216932370,28999.0,,https://www.dm.hu/p/d/3127088/oral-b-elektromos-fogkefe-io-kids-spider-tokkal
2026-08-19,dm,Oral-B,Szájápolás,"Fogkrém pro-exp Gentle whitening Crystals duopack, 150 ml",150 ml,150.0,ml,8006530444187,1209.0,,https://www.dm.hu/p/d/3131359/oral-b-fogkrem-pro-exp-gentle-whitening-crystals-duopack
2026-08-19,dm,Oral-B,Szájápolás,"Fogkrém Advanced Enamel Strengthening duopack, 150 ml",150 ml,150.0,ml,8006530444248,1645.0,,https://www.dm.hu/p/d/3131444/oral-b-fogkrem-advanced-enamel-strengthening-duopack
2026-08-19,dm,Oral-B,Szájápolás,"Fogkrém Pro-Expert Sensitive Calm Sensation duopack, 150 ml",150 ml,150.0,ml,8006530444224,1209.0,,https://www.dm.hu/p/d/3131445/oral-b-fogkrem-pro-expert-sensitive-calm-sensation-duopack
2026-08-19,dm,Oral-B,Szájápolás,"Fogkrém kids lion king 6+ gyerekeknek, 60 ml",60 ml,60.0,ml,8006530024402,739.0,,https://www.dm.hu/p/d/3131464/oral-b-fogkrem-kids-lion-king-6-gyerekeknek
2026-08-19,dm,Oral-B,Szájápolás,"Viaszolt fogselyem Essential, 1 db",1 db,1.0,db,8006530045667,1499.0,,https://www.dm.hu/p/d/3131492/oral-b-viaszolt-fogselyem-essential
2026-08-19,dm,Oral-B,Szájápolás,"Fogkrém pro-exp gGntle whitening Crystals, 75 ml",75 ml,75.0,ml,8006530090537,779.0,,https://www.dm.hu/p/d/3131846/oral-b-fogkrem-pro-exp-ggntle-whitening-crystals
2026-08-19,dm,Oral-B,Szájápolás,"Fogkrém Pro-expert Refreshing Clean, 75 ml",75 ml,75.0,ml,8006530090674,779.0,,https://www.dm.hu/p/d/3131848/oral-b-fogkrem-pro-expert-refreshing-clean
2026-08-19,dm,Oral-B,Szájápolás,"Fogkrém Advanced sensitivity protection, 75 ml",75 ml,75.0,ml,8006530091039,1149.0,,https://www.dm.hu/p/d/3131855/oral-b-fogkrem-advanced-sensitivity-protection
2026-08-19,dm,Oral-B,Szájápolás,"Fogkrém Advanced Healthy Whitening, 75 ml",75 ml,75.0,ml,8006530090971,1149.0,,https://www.dm.hu/p/d/3131869/oral-b-fogkrem-advanced-healthy-whitening
2026-08-19,dm,Oral-B,Szájápolás,"Fogkrém Complete Ultimate Fresh, 75 ml",75 ml,75.0,ml,8006530254854,709.0,,https://www.dm.hu/p/d/3131878/oral-b-fogkrem-complete-ultimate-fresh
2026-08-19,dm,Oral-B,Szájápolás,"Fogkrém Pro-Expert Sensitive Calm Sensation, 75 ml",75 ml,75.0,ml,8006530090773,779.0,,https://www.dm.hu/p/d/3131892/oral-b-fogkrem-pro-expert-sensitive-calm-sensation
2026-08-19,dm,Oral-B,Szájápolás,Elektromos fogkefe iO3 quite white,,,,8006530054119,30999.0,,https://www.dm.hu/p/d/3131994/oral-b-elektromos-fogkefe-io3-quite-white
2026-08-19,dm,Oral-B,Szájápolás,"Viaszolt fogselyem Essential Duopack, 2 db",2 db,2.0,db,8006530045995,2499.0,,https://www.dm.hu/p/d/3132214/oral-b-viaszolt-fogselyem-essential-duopack
2026-08-19,dm,Blend-a-med,Szájápolás,"Fogkrém Complete Protect, 100 ml",100 ml,100.0,ml,8001090716279,465.0,,https://www.dm.hu/p/d/2498808/blend-a-med-fogkrem-complete-protect
2026-08-19,dm,Blend-a-med,Szájápolás,"Fogkrém Complete Proctect fresh, 150 ml",150 ml,150.0,ml,8006540391402,665.0,,https://www.dm.hu/p/d/2945741/blend-a-med-fogkrem-complete-proctect-fresh
2026-08-19,dm,Blend-a-med,Szájápolás,"Fogkrém 3d white classic duopack, 150 ml",150 ml,150.0,ml,8700216950497,665.0,,https://www.dm.hu/p/d/3069607/blend-a-med-fogkrem-3d-white-classic-duopack
2026-08-19,dm,Blend-a-dent,Szájápolás,"Műfogsorrögzítő Plus Unbeatable Bite, 40 g",40 g,40.0,g,8700216598736,1949.0,,https://www.dm.hu/p/d/2264376/blend-a-dent-mufogsorrogzito-plus-unbeatable-bite
2026-08-19,dm,Blend-a-dent,Szájápolás,"Műfogsorrögzítő krém Complete Extra Stark Original, 47 g",47 g,47.0,g,8001841900483,1849.0,,https://www.dm.hu/p/d/2278892/blend-a-dent-mufogsorrogzito-krem-complete-extra-stark-original
2026-08-19,dm,Blend-a-dent,Szájápolás,"Műfogsorrögzítő krém extra erős, 47 g",47 g,47.0,g,8001841900575,1849.0,,https://www.dm.hu/p/d/2279917/blend-a-dent-mufogsorrogzito-krem-extra-eros
2026-08-19,dm,Blend-a-dent,Szájápolás,"Műfogsorrögzítő Plus Unbeatable Bite, duopack, 80 g",80 g,80.0,g,8006530000031,2799.0,,https://www.dm.hu/p/d/2444869/blend-a-dent-mufogsorrogzito-plus-unbeatable-bite-duopack
2026-08-19,dm,Blend-a-dent,Szájápolás,"Műfogsorrögzítő krém, 94 g",94 g,94.0,g,8006540300053,2899.0,,https://www.dm.hu/p/d/2835026/blend-a-dent-mufogsorrogzito-krem
2026-08-19,dm,Blend-a-dent,Szájápolás,"Műfogsorrögzítő krém friss, mentolos ízesítéssel, 40 g",40 g,40.0,g,8700216596398,2199.0,,https://www.dm.hu/p/d/3063823/blend-a-dent-mufogsorrogzito-krem-friss-mentolos-izesitessel
2026-08-19,dm,Ariel,Mosás & háztartás,"Mosópor színes ruhákhoz 80 mosás, 4,4 kg",4400 g,4400.0,g,8006540940693,6999.0,,https://www.dm.hu/p/d/2444694/ariel-mosopor-szines-ruhakhoz-80-mosas
2026-08-19,dm,Ariel,Mosás & háztartás,"Mosópor Alpin Fresh, 4,4 kg",4400 g,4400.0,g,8006540940150,6999.0,,https://www.dm.hu/p/d/2444695/ariel-mosopor-alpin-fresh
2026-08-19,dm,Ariel,Mosás & háztartás,"Mosókapszula Allin1 Extra Stain Removal, 19 db",19 db,19.0,db,8700216765800,2299.0,,https://www.dm.hu/p/d/3062788/ariel-mosokapszula-allin1-extra-stain-removal
2026-08-19,dm,Ariel,Mosás & háztartás,"Mosógél Fresh Air, 25 mosás",25 mosás,25.0,mosás,8700216691956,2239.0,,https://www.dm.hu/p/d/3063347/ariel-mosogel-fresh-air
2026-08-19,dm,Ariel,Mosás & háztartás,"Mosókapszula színes ruhákhoz, 22 db",22 db,22.0,db,8700216765336,3369.0,,https://www.dm.hu/p/d/3063407/ariel-mosokapszula-szines-ruhakhoz
2026-08-19,dm,Ariel,Mosás & háztartás,"Mosókapszula Allin1 Mountain Spring, 22 db",22 db,22.0,db,8700216765466,2299.0,,https://www.dm.hu/p/d/3063416/ariel-mosokapszula-allin1-mountain-spring
2026-08-19,dm,Ariel,Mosás & háztartás,"Mosógél Mountain Spring, 50 mosás",50 mosás,50.0,mosás,8700216691147,5489.0,,https://www.dm.hu/p/d/3063418/ariel-mosogel-mountain-spring
2026-08-19,dm,Ariel,Mosás & háztartás,"Mosógél színes ruhákhoz XL, 50 mosás",50 mosás,50.0,mosás,8700216691475,5489.0,,https://www.dm.hu/p/d/3063438/ariel-mosogel-szines-ruhakhoz-xl
2026-08-19,dm,Ariel,Mosás & háztartás,"Mosógél Sensitive, 25 mosás",25 mosás,25.0,mosás,8700216691697,2239.0,,https://www.dm.hu/p/d/3063439/ariel-mosogel-sensitive
2026-08-19,dm,Ariel,Mosás & háztartás,"Mosógél + Extra folteltávolító hatással, 40 mosás",40 mosás,40.0,mosás,8700216691093,5489.0,,https://www.dm.hu/p/d/3064810/ariel-mosogel-extra-folteltavolito-hatassal
2026-08-19,dm,Ariel,Mosás & háztartás,"Illatgyöngy Scent of Ariel XL Pack, 495 g",495 g,495.0,g,8700216704694,5999.0,,https://www.dm.hu/p/d/3065104/lenor-illatgyongy-scent-of-ariel-xl-pack
2026-08-19,dm,Ariel,Mosás & háztartás,"Mosópor színes ruhákhoz XL Economy, 50 mosás",50 mosás,50.0,mosás,8700216733267,5059.0,,https://www.dm.hu/p/d/3065471/ariel-mosopor-szines-ruhakhoz-xl-economy
2026-08-19,dm,Ariel,Mosás & háztartás,"Mosógél Mountain Spring Mega Economy, 4,05 l",4050 ml,4050.0,ml,8006530146326,6999.0,,https://www.dm.hu/p/d/3126030/ariel-mosogel-mountain-spring-mega-economy
2026-08-19,dm,Ariel,Mosás & háztartás,"Mosókapszula Gold Orchid, 38 db",38 db,38.0,db,8006530203036,5659.0,,https://www.dm.hu/p/d/3129817/ariel-mosokapszula-gold-orchid
2026-08-19,dm,Ariel,Mosás & háztartás,"Mosógél Gold Orchid, 35 mosás",35 mosás,35.0,mosás,8006530182003,4429.0,,https://www.dm.hu/p/d/3129878/ariel-mosogel-gold-orchid
2026-08-19,dm,Ariel,Mosás & háztartás,"Ultra Oxi Effect mosópor, 35 mosás",35 mosás,35.0,mosás,8006530125055,4465.0,,https://www.dm.hu/p/d/3129915/ariel-ultra-oxi-effect-mosopor
2026-08-19,dm,Ariel,Mosás & háztartás,"Mosógél Spring Awakening, 35 mosás",35 mosás,35.0,mosás,8006530182522,3999.0,,https://www.dm.hu/p/d/3130122/ariel-mosogel-spring-awakening
2026-08-19,dm,Ariel,Mosás & háztartás,"Mosógél Japan Blossom, 40 mosás",40 mosás,40.0,mosás,8006530345446,4429.0,,https://www.dm.hu/p/d/3136073/ariel-mosogel-japan-blossom
2026-08-19,dm,Ariel,Mosás & háztartás,"Mosókapszula Japan Blossom Mega Economy Pack, 60 db",60 db,60.0,db,8006530380805,8205.0,,https://www.dm.hu/p/d/3138472/ariel-mosokapszula-japan-blossom-mega-economy-pack
2026-08-19,dm,Ariel,Mosás & háztartás,"Mosókapszula Japan Blossom, 30 db",30 db,30.0,db,8006530380782,4485.0,,https://www.dm.hu/p/d/3139929/ariel-mosokapszula-japan-blossom
2026-08-19,dm,Lenor,Mosás & háztartás,"Car légfrissítő készülék Lenor April Fresh With Lenor, 2 ml",2 ml,2.0,ml,8001090871619,1899.0,,https://www.dm.hu/p/d/2102516/ambi-pur-car-legfrissito-keszulek-lenor-april-fresh-with-lenor
2026-08-19,dm,Lenor,Mosás & háztartás,"3Volution légfrissítő készülék és utántöltő Lenor Spring, 1 db",1 db,1.0,db,8006540528921,3699.0,,https://www.dm.hu/p/d/2126831/ambi-pur-3volution-legfrissito-keszulek-es-utantolto-lenor-spring
2026-08-19,dm,Lenor,Mosás & háztartás,"Légfrissítő utántöltő 3 Volution Lenor Spring Awakening, 20 ml",20 ml,20.0,ml,8001841227955,2399.0,,https://www.dm.hu/p/d/2432923/ambi-pur-legfrissito-utantolto-3-volution-lenor-spring-awakening
2026-08-19,dm,Lenor,Mosás & háztartás,"Fürdőszobai illatosító Lenor Spring Awakening, 7,5 ml",7.5 ml,7.5,ml,8700216014298,1999.0,,https://www.dm.hu/p/d/2949532/ambi-pur-furdoszobai-illatosito-lenor-spring-awakening
2026-08-19,dm,Lenor,Mosás & háztartás,"Fürdőszobai illatosító duo 2x7,5ml Lenor Spring, 15 ml",15 ml,15.0,ml,8700216014366,2999.0,,https://www.dm.hu/p/d/2950916/ambi-pur-furdoszobai-illatosito-duo-2x7-5ml-lenor-spring
2026-08-19,dm,Lenor,Mosás & háztartás,"Illatgyöngy Cotton Fresh XL Pack, 495 g",495 g,495.0,g,8006530183185,5999.0,,https://www.dm.hu/p/d/3049853/lenor-illatgyongy-cotton-fresh-xl-pack
2026-08-19,dm,Lenor,Mosás & háztartás,"Öblítőkoncentrátum Fresh Air, Fresh Wind, 76 mosás",76 mosás,76.0,mosás,8700216723077,2799.0,,https://www.dm.hu/p/d/3063393/lenor-oblitokoncentratum-fresh-air-fresh-wind
2026-08-19,dm,Lenor,Mosás & háztartás,"Illatgyöngy Spring Awakening, 270 g",270 g,270.0,g,8700216708388,1499.0,,https://www.dm.hu/p/d/3063398/lenor-illatgyongy-spring-awakening
2026-08-19,dm,Lenor,Mosás & háztartás,"Illatgyöngy Gold Orchid & Vanilla, 270 g",270 g,270.0,g,8700216708500,1499.0,,https://www.dm.hu/p/d/3063459/lenor-illatgyongy-gold-orchid-vanilla
2026-08-19,dm,Lenor,Mosás & háztartás,"Öblítő Sensitive Cotton Fresh, 47 mosás",47 mosás,47.0,mosás,8700216724524,1199.0,,https://www.dm.hu/p/d/3063475/lenor-oblito-sensitive-cotton-fresh
2026-08-19,dm,Lenor,Mosás & háztartás,"Öblítőkoncentrátum Fresh Air, Sensitive, 76 mosás",76 mosás,76.0,mosás,8700216723183,2799.0,,https://www.dm.hu/p/d/3064294/lenor-oblitokoncentratum-fresh-air-sensitive
2026-08-19,dm,Lenor,Mosás & háztartás,"Illatgyöngy Fresh XL Pack, 495 g",495 g,495.0,g,8700216704724,5999.0,,https://www.dm.hu/p/d/3065048/lenor-illatgyongy-fresh-xl-pack
2026-08-19,dm,Lenor,Mosás & háztartás,"Öblítő Gold Orchid, 59 mosás",59 mosás,59.0,mosás,8700216724081,2199.0,,https://www.dm.hu/p/d/3065064/lenor-oblito-gold-orchid
2026-08-19,dm,Lenor,Mosás & háztartás,"Öblítőkoncentrátum Fresh Air, Pink Blossom, 76 mosás",76 mosás,76.0,mosás,8700216809832,2799.0,,https://www.dm.hu/p/d/3065088/lenor-oblitokoncentratum-fresh-air-pink-blossom
2026-08-19,dm,Lenor,Mosás & háztartás,"Öblítőkoncentrátum Fresh Air, Tropical Sunset, 76 mosás",76 mosás,76.0,mosás,8700216723039,2799.0,,https://www.dm.hu/p/d/3065157/lenor-oblitokoncentratum-fresh-air-tropical-sunset
2026-08-19,dm,Lenor,Mosás & háztartás,"Öblítő Floral Bouquet, 59 mosás",59 mosás,59.0,mosás,8700216726900,2199.0,,https://www.dm.hu/p/d/3067012/lenor-oblito-floral-bouquet
2026-08-19,dm,Lenor,Mosás & háztartás,"Öblítő Cherry Blossom, 59 mosás",59 mosás,59.0,mosás,8700216723602,2199.0,,https://www.dm.hu/p/d/3067614/lenor-oblito-cherry-blossom
2026-08-19,dm,Lenor,Mosás & háztartás,"Öblítő Sensitive XL Pack, 59 mosás",59 mosás,59.0,mosás,8700216723824,1759.0,,https://www.dm.hu/p/d/3080374/lenor-oblito-sensitive-xl-pack
2026-08-19,dm,Lenor,Mosás & háztartás,"Öblítő Spring Awakening, 59 mosás",59 mosás,59.0,mosás,8700216724012,1759.0,,https://www.dm.hu/p/d/3080404/lenor-oblito-spring-awakening
2026-08-19,dm,Lenor,Mosás & háztartás,"Illatgyöngy Fresh Breeze of Greek Island, 195 g",195 g,195.0,g,8700216969369,2099.0,,https://www.dm.hu/p/d/3103027/lenor-illatgyongy-fresh-breeze-of-greek-island
2026-08-19,dm,Lenor,Mosás & háztartás,"Öblítő Fresh Breeze of Greek Island, 56 mosás",56 mosás,56.0,mosás,8006530015226,1499.0,,https://www.dm.hu/p/d/3103097/lenor-oblito-fresh-breeze-of-greek-island
2026-08-19,dm,Lenor,Mosás & háztartás,"Öblítő Lotus Flower & Diamond Figs, 59 mosás",59 mosás,59.0,mosás,8006530218306,2199.0,,https://www.dm.hu/p/d/3127660/lenor-oblito-lotus-flower-diamond-figs
2026-08-19,dm,Lenor,Mosás & háztartás,"Öblítő Spring Awakening, 126 mosás",126 mosás,126.0,mosás,8006530170529,2999.0,,https://www.dm.hu/p/d/3129454/lenor-oblito-spring-awakening
2026-08-19,dm,Lenor,Mosás & háztartás,"fürdőszobai illatosító Lenor Japan Blossom illattal, 1 db",1 db,1.0,db,8006530394178,1999.0,,https://www.dm.hu/p/d/3133755/ambi-pur-furdoszobai-illatosito-lenor-japan-blossom-illattal
2026-08-19,dm,Lenor,Mosás & háztartás,"légfrissítő spray Lenor Japan Blossom illattal, 185 ml",185 ml,185.0,ml,8006530394567,1899.0,,https://www.dm.hu/p/d/3133756/ambi-pur-legfrissito-spray-lenor-japan-blossom-illattal
2026-08-19,dm,Lenor,Mosás & háztartás,"Illatgyöngy Japan Blossom, 195 g",195 g,195.0,g,8006530388450,2999.0,,https://www.dm.hu/p/d/3136068/lenor-illatgyongy-japan-blossom
2026-08-19,dm,Lenor,Mosás & háztartás,"Öblítő Japan Blossom, 59 mosás",59 mosás,59.0,mosás,8006530389846,2199.0,,https://www.dm.hu/p/d/3139914/lenor-oblito-japan-blossom
2026-08-19,dm,Fairy,Mosás & háztartás,"Tusfürdő és sampon gyermekeknek Fairy Garden, a varázslatos álmok illatával, 300 ml",300 ml,300.0,ml,4066447858976,279.0,,https://www.dm.hu/p/d/1341484/balea-tusfurdo-es-sampon-gyermekeknek-fairy-garden-a-varazslatos-almok-illataval
2026-08-19,dm,Fairy,Mosás & háztartás,"Körömlakk gél - Nr. 70 Fairy FLoss, 8 ml",8 ml,8.0,ml,4059729466822,299.0,,https://www.dm.hu/p/d/1425612/essence-koromlakk-gel-nr-70-fairy-floss
2026-08-19,dm,Fairy,Mosás & háztartás,"Vegyes gyümölcsital Fairy Drink, 200 ml",200 ml,200.0,ml,4000177170700,249.0,,https://www.dm.hu/p/d/3061067/capri-sun-vegyes-gyumolcsital-fairy-drink
2026-08-19,dm,Fairy,Mosás & háztartás,"Körömlakk - Nr. 04 Fairy PINK, 8 ml",8 ml,8.0,ml,4059729543172,849.0,,https://www.dm.hu/p/d/3091075/essence-koromlakk-nr-04-fairy-pink
2026-08-19,dm,Fairy,Mosás & háztartás,"Körömlakk - Nr. 03 Fairy ROSE, 8 ml",8 ml,8.0,ml,4059729543165,849.0,,https://www.dm.hu/p/d/3091076/essence-koromlakk-nr-03-fairy-rose
2026-08-19,dm,Fairy,Mosás & háztartás,"Csillogó fürdőbomba Winter Fairy Tale, 80 g",80 g,80.0,g,4017512200305,199.0,,https://www.dm.hu/p/d/3102177/dresdner-essenz-csillogo-furdobomba-winter-fairy-tale
2026-08-19,dm,Ambi Pur,Mosás & háztartás,"Légfrissítő spray Gold Orchid, 185 ml",185 ml,185.0,ml,8700216261623,1699.0,,https://www.dm.hu/p/d/2032986/ambi-pur-legfrissito-spray-gold-orchid
2026-08-19,dm,Ambi Pur,Mosás & háztartás,"Légfrissítő utántöltő 3Volution Cotton, 20 ml",20 ml,20.0,ml,8006540265628,2399.0,,https://www.dm.hu/p/d/2032988/ambi-pur-legfrissito-utantolto-3volution-cotton
2026-08-19,dm,Ambi Pur,Mosás & háztartás,"Légfrissítő utántöltő 3Volution Flower & Spring, 20 ml",20 ml,20.0,ml,4015600570637,2399.0,,https://www.dm.hu/p/d/2033429/ambi-pur-legfrissito-utantolto-3volution-flower-spring
2026-08-19,dm,Ambi Pur,Mosás & háztartás,"Autóillatosító, Flowers & Spring, 1 db",1 db,1.0,db,4015600900014,1249.0,,https://www.dm.hu/p/d/2074987/ambi-pur-autoillatosito-flowers-spring
2026-08-19,dm,Ambi Pur,Mosás & háztartás,"Légfrissítő autóhoz, 4 ml",4 ml,4.0,ml,4084500996809,2999.0,,https://www.dm.hu/p/d/2089193/ambi-pur-legfrissito-autohoz
2026-08-19,dm,Ambi Pur,Mosás & háztartás,"Légfrissítő készülék autóba, Gold Orchidea, 2 ml",2 ml,2.0,ml,8001841116419,1249.0,,https://www.dm.hu/p/d/2113551/ambi-pur-legfrissito-keszulek-autoba-gold-orchidea
2026-08-19,dm,Ambi Pur,Mosás & háztartás,"Fürdőszobai illatosító Cotton Flower, 15 ml",15 ml,15.0,ml,8700216014434,1999.0,,https://www.dm.hu/p/d/2115195/ambi-pur-furdoszobai-illatosito-cotton-flower
2026-08-19,dm,Old Spice,Borotválkozás & testápolás,"Car légfrissítő készülék 2x2ml Old Spice, 4 ml",4 ml,4.0,ml,8001841748757,2999.0,,https://www.dm.hu/p/d/2119513/ambi-pur-car-legfrissito-keszulek-2x2ml-old-spice
2026-08-19,dm,Ambi Pur,Mosás & háztartás,"Légfrissítő utántöltő 3 Volution, Gold Orchid, 20 ml",20 ml,20.0,ml,8001841922690,2399.0,,https://www.dm.hu/p/d/2126833/ambi-pur-legfrissito-utantolto-3-volution-gold-orchid
2026-08-19,dm,Ambi Pur,Mosás & háztartás,"Légfrissítő utántöltő 3 Volution Vaníliás süti illattal, 20 ml",20 ml,20.0,ml,8001090811455,1699.0,,https://www.dm.hu/p/d/2442391/ambi-pur-legfrissito-utantolto-3-volution-vanilias-suti-illattal
2026-08-19,dm,Ambi Pur,Mosás & háztartás,"Légfrissítő spray Flower & Spring, 185 ml",185 ml,185.0,ml,8700216261500,1699.0,,https://www.dm.hu/p/d/2472284/ambi-pur-legfrissito-spray-flower-spring
2026-08-19,dm,Ambi Pur,Mosás & háztartás,"Légfrissítő spray Ocean mist, 185 ml",185 ml,185.0,ml,8700216261586,1699.0,,https://www.dm.hu/p/d/2718212/ambi-pur-legfrissito-spray-ocean-mist
2026-08-19,dm,Ambi Pur,Mosás & háztartás,"Légfrissítő spray Flower and Spring, 370 ml",370 ml,370.0,ml,8700216285780,2799.0,,https://www.dm.hu/p/d/2718213/ambi-pur-legfrissito-spray-flower-and-spring
2026-08-19,dm,Ambi Pur,Mosás & háztartás,"Légfrissítő spray duó Spring Awakening, 370 ml",370 ml,370.0,ml,8700216284417,2799.0,,https://www.dm.hu/p/d/2718477/ambi-pur-legfrissito-spray-duo-spring-awakening
2026-08-19,dm,Ambi Pur,Mosás & háztartás,"Légfrissítő utántöltő 3 Volution, Spring Awakening, 40 ml",40 ml,40.0,ml,8001841922652,2999.0,,https://www.dm.hu/p/d/2835672/ambi-pur-legfrissito-utantolto-3-volution-spring-awakening
2026-08-19,dm,Ambi Pur,Mosás & háztartás,"Fürdőszobai illatosító Flower duo pack, 15 ml",15 ml,15.0,ml,8700216014557,2999.0,,https://www.dm.hu/p/d/2949533/ambi-pur-furdoszobai-illatosito-flower-duo-pack
2026-08-19,dm,Ambi Pur,Mosás & háztartás,"Fürdőszobai illatosító Cotton, 15 ml",15 ml,15.0,ml,8700216014649,3199.0,,https://www.dm.hu/p/d/2949534/ambi-pur-furdoszobai-illatosito-cotton
2026-08-19,dm,Ambi Pur,Mosás & háztartás,"3Volution légfrissítő készülék Cotton, 20 ml",20 ml,20.0,ml,8006540246450,3699.0,,https://www.dm.hu/p/d/2951624/ambi-pur-3volution-legfrissito-keszulek-cotton
2026-08-19,dm,Ambi Pur,Mosás & háztartás,"Légfrissítő spray Vanilla Cookie illatban, 185 ml",185 ml,185.0,ml,8700216552400,1249.0,,https://www.dm.hu/p/d/2972918/ambi-pur-legfrissito-spray-vanilla-cookie-illatban
2026-08-19,dm,Ambi Pur,Mosás & háztartás,"Légfrissítő utántöltő 3 Volution, citrus-fehér verbéna, 20 ml",20 ml,20.0,ml,8700216462419,1699.0,,https://www.dm.hu/p/d/2974747/ambi-pur-legfrissito-utantolto-3-volution-citrus-feher-verbena
2026-08-19,dm,Ambi Pur,Mosás & háztartás,"Légfrissítő utántöltő 3 Volution dupla csomagolásban, 40 ml",40 ml,40.0,ml,8700216686488,2999.0,,https://www.dm.hu/p/d/3037740/ambi-pur-legfrissito-utantolto-3-volution-dupla-csomagolasban
2026-08-19,dm,Ambi Pur,Mosás & háztartás,"Elektromos légfrissítő készülék 3Volution Gold Orchid utántöltővel, 1 db",1 db,1.0,db,8700216486200,3699.0,,https://www.dm.hu/p/d/3037777/ambi-pur-elektromos-legfrissito-keszulek-3volution-gold-orchid-utantoltovel
2026-08-19,dm,Ambi Pur,Mosás & háztartás,"Légfrissítő utántötő 3Volution, Morning Dew, 20 ml",20 ml,20.0,ml,8700216737128,2399.0,,https://www.dm.hu/p/d/3067361/ambi-pur-legfrissito-utantoto-3volution-morning-dew
2026-08-19,dm,Ambi Pur,Mosás & háztartás,"Fürdőszobai illatosító Aloha illattal, 8 ml",8 ml,8.0,ml,8700216809610,1999.0,,https://www.dm.hu/p/d/3067477/ambi-pur-furdoszobai-illatosito-aloha-illattal
2026-08-19,dm,Ambi Pur,Mosás & háztartás,"Légfrissítő utántöltő 3 Volution duo, aloha illattal, 40 ml",40 ml,40.0,ml,8700216776134,2999.0,,https://www.dm.hu/p/d/3067485/ambi-pur-legfrissito-utantolto-3-volution-duo-aloha-illattal
2026-08-19,dm,Ambi Pur,Mosás & háztartás,"Car légfrissítő készülék Morning Dew, 2 ml",2 ml,2.0,ml,8700216758277,1899.0,,https://www.dm.hu/p/d/3067515/ambi-pur-car-legfrissito-keszulek-morning-dew
2026-08-19,dm,Ambi Pur,Mosás & háztartás,"Légfrissítő spray Morning Dew, 185 ml",185 ml,185.0,ml,8700216743662,1699.0,,https://www.dm.hu/p/d/3067523/ambi-pur-legfrissito-spray-morning-dew
2026-08-19,dm,Ambi Pur,Mosás & háztartás,"Légfrissítő spray Aloha, 185 ml",185 ml,185.0,ml,8700216759113,1699.0,,https://www.dm.hu/p/d/3067559/ambi-pur-legfrissito-spray-aloha
2026-08-19,dm,Ambi Pur,Mosás & háztartás,"Elektromos légfrissítő készülék 3Volution Aloha utántöltővel, 1 db",1 db,1.0,db,8700216775854,3699.0,,https://www.dm.hu/p/d/3067602/ambi-pur-elektromos-legfrissito-keszulek-3volution-aloha-utantoltovel
2026-08-19,dm,Ambi Pur,Mosás & háztartás,"Elektromos légfrissítő készülék 3Volution Morning Dew utántöltővel, 1 db",1 db,1.0,db,8700216737159,3699.0,,https://www.dm.hu/p/d/3067799/ambi-pur-elektromos-legfrissito-keszulek-3volution-morning-dew-utantoltovel
2026-08-19,dm,Ambi Pur,Mosás & háztartás,"Légfrissítő utántöltő 3 Volution duo, flower and spring illattal, 40 ml",40 ml,40.0,ml,8700216834292,2999.0,,https://www.dm.hu/p/d/3067816/ambi-pur-legfrissito-utantolto-3-volution-duo-flower-and-spring-illattal
2026-08-19,dm,Ambi Pur,Mosás & háztartás,"Fürdőszobai illatosító Flowers and Spring Triopack, 3 db",3 db,3.0,db,8700216829540,3999.0,,https://www.dm.hu/p/d/3069663/ambi-pur-furdoszobai-illatosito-flowers-and-spring-triopack
2026-08-19,dm,Ambi Pur,Mosás & háztartás,"Fürdőszobai illatosító fahéjas szilva illattal, 1 db",1 db,1.0,db,8006530029537,1349.0,,https://www.dm.hu/p/d/3100599/ambi-pur-furdoszobai-illatosito-fahejas-szilva-illattal
2026-08-19,dm,Ambi Pur,Mosás & háztartás,"Fürdőszobai illatosító Gold Orchid, 1 db",1 db,1.0,db,8006530307444,1999.0,,https://www.dm.hu/p/d/3129118/ambi-pur-furdoszobai-illatosito-gold-orchid
2026-08-19,dm,Ambi Pur,Mosás & háztartás,"fürdőszobai illatosító Aloha illattal DUO kiszerelés, 2 db",2 db,2.0,db,8006530250979,3199.0,,https://www.dm.hu/p/d/3129133/ambi-pur-furdoszobai-illatosito-aloha-illattal-duo-kiszereles
2026-08-19,dm,Ambi Pur,Mosás & háztartás,"Fürdőszobai illatosító Spring, 3 db",3 db,3.0,db,8006530064996,3999.0,,https://www.dm.hu/p/d/3129135/ambi-pur-furdoszobai-illatosito-spring
2026-08-19,dm,Always,Női higiénia & baba,"Körömlakk - Nr. 413 mrs always right, 13,5 ml",13.5 ml,13.5,ml,30137851,3499.0,,https://www.dm.hu/p/d/1469099/essie-koromlakk-nr-413-mrs-always-right
2026-08-19,dm,Always,Női higiénia & baba,"Tisztasági betét Normal, To go, Fresh Scent, 20 db",20 db,20.0,db,8001090361998,599.0,,https://www.dm.hu/p/d/1487039/always-tisztasagi-betet-normal-to-go-fresh-scent
2026-08-19,dm,Always,Női higiénia & baba,"Körömlakk Expressie - No. 390 always transparent, 10 ml",10 ml,10.0,ml,30159631,1599.0,,https://www.dm.hu/p/d/1569491/essie-koromlakk-expressie-no-390-always-transparent
2026-08-19,dm,Always,Női higiénia & baba,"Egészségügyi betét Cotton Protection, 1-es méret, normal, 11 db",11 db,11.0,db,8006540231142,1139.0,,https://www.dm.hu/p/d/1676412/always-egeszsegugyi-betet-cotton-protection-1-es-meret-normal
2026-08-19,dm,Always,Női higiénia & baba,"Egészségügyi betét Cotton Protection, 2-es méret, long, 9 db",9 db,9.0,db,8006540231173,1139.0,,https://www.dm.hu/p/d/1676413/always-egeszsegugyi-betet-cotton-protection-2-es-meret-long
2026-08-19,dm,Always,Női higiénia & baba,"Tisztasági betét Extra Long, Fresh Scent, Big Pack, 40 db",40 db,40.0,db,8006540689011,999.0,,https://www.dm.hu/p/d/1678815/always-tisztasagi-betet-extra-long-fresh-scent-big-pack
2026-08-19,dm,Always,Női higiénia & baba,"Egészségügyi betét Infinity Flex Protect, 2-es méret, long, 11 db",11 db,11.0,db,4015400684480,849.0,,https://www.dm.hu/p/d/1837676/always-egeszsegugyi-betet-infinity-flex-protect-2-es-meret-long
2026-08-19,dm,Always,Női higiénia & baba,"Ajakrúzs Lipfinity Liip Colour, Always Delicate 006, 1 db",1 db,1.0,db,8005610624563,2199.0,,https://www.dm.hu/p/d/1850687/max-factor-ajakruzs-lipfinity-liip-colour-always-delicate-006
2026-08-19,dm,Always,Női higiénia & baba,"Tisztasági betét Extra Long, Giga Pack, 54 db",54 db,54.0,db,8006540769652,1699.0,,https://www.dm.hu/p/d/1864058/always-tisztasagi-betet-extra-long-giga-pack
2026-08-19,dm,Always,Női higiénia & baba,"Tisztasági betét Normal, Fresh Scent, Giga Pack, 76 db",76 db,76.0,db,8006540769973,1699.0,,https://www.dm.hu/p/d/1901879/always-tisztasagi-betet-normal-fresh-scent-giga-pack
2026-08-19,dm,Always,Női higiénia & baba,"Tisztasági betét Long Fresh Scent, Giga Pack, 64 db",64 db,64.0,db,8006540778197,1699.0,,https://www.dm.hu/p/d/1901880/always-tisztasagi-betet-long-fresh-scent-giga-pack
2026-08-19,dm,Always,Női higiénia & baba,"Egészségügyi betét Sensitive, 1-es méret, normal, 10 db",10 db,10.0,db,4015400213857,399.0,,https://www.dm.hu/p/d/2011303/always-egeszsegugyi-betet-sensitive-1-es-meret-normal
2026-08-19,dm,Always,Női higiénia & baba,"Egészségügyi betét Sensitive, 2-es méret, super, 16 db",16 db,16.0,db,4015400214038,1049.0,,https://www.dm.hu/p/d/2011305/always-egeszsegugyi-betet-sensitive-2-es-meret-super
2026-08-19,dm,Always,Női higiénia & baba,"Egészségügyi betét Ultra Secure Night Extra, 5-ös méret, nagy kiszerelés, 20 db",20 db,20.0,db,8006540903766,2339.0,,https://www.dm.hu/p/d/2029048/always-egeszsegugyi-betet-ultra-secure-night-extra-5-os-meret-nagy-kiszereles
2026-08-19,dm,Always,Női higiénia & baba,"Tisztasági betét Normal, illatmentes, Big Pack, 60 db",60 db,60.0,db,8001090131263,1449.0,,https://www.dm.hu/p/d/2029049/always-tisztasagi-betet-normal-illatmentes-big-pack
2026-08-19,dm,Always,Női higiénia & baba,"Tisztasági betét Normal, illatmentes, Giga Pack, 80 db",80 db,80.0,db,8001090131294,1699.0,,https://www.dm.hu/p/d/2029050/always-tisztasagi-betet-normal-illatmentes-giga-pack
2026-08-19,dm,Always,Női higiénia & baba,"Egészségügyi betét Platinum Secure Night Extra, 5-ös méret, 8 db",8 db,8.0,db,8700216186742,1279.0,,https://www.dm.hu/p/d/2033373/always-egeszsegugyi-betet-platinum-secure-night-extra-5-os-meret
2026-08-19,dm,Always,Női higiénia & baba,"Egészségügyi betét Platinum, 4-es méret, secure night, 20 db",20 db,20.0,db,8700216186797,2209.0,,https://www.dm.hu/p/d/2033374/always-egeszsegugyi-betet-platinum-4-es-meret-secure-night
2026-08-19,dm,Always,Női higiénia & baba,"Éjszakai egészségügyi betét Sensitive, 3-as méret, night, 14 db",14 db,14.0,db,4015400552154,1049.0,,https://www.dm.hu/p/d/2068556/always-ejszakai-egeszsegugyi-betet-sensitive-3-as-meret-night
2026-08-19,dm,Always,Női higiénia & baba,"Tisztasági betét Normal, To go, illatmentes, 20 db",20 db,20.0,db,8006540806876,499.0,,https://www.dm.hu/p/d/2097927/always-tisztasagi-betet-normal-to-go-illatmentes
2026-08-19,dm,Always,Női higiénia & baba,"Egészségügyi betét Platinum, 1-es méret, normal, 16 db",16 db,16.0,db,8001090444912,1219.0,,https://www.dm.hu/p/d/2111010/always-egeszsegugyi-betet-platinum-1-es-meret-normal
2026-08-19,dm,Always,Női higiénia & baba,"Egészségügyi betét Platinum, 2-es méret, super, 14 db",14 db,14.0,db,8001090444998,1219.0,,https://www.dm.hu/p/d/2111011/always-egeszsegugyi-betet-platinum-2-es-meret-super
2026-08-19,dm,Always,Női higiénia & baba,"Egészségügyi betét Platinum, 3-as méret, super extra, 12 db",12 db,12.0,db,8001090445070,1219.0,,https://www.dm.hu/p/d/2111012/always-egeszsegugyi-betet-platinum-3-as-meret-super-extra
2026-08-19,dm,Always,Női higiénia & baba,"Tisztasági betét Normal Flexistyle, Dailiy Fresh, Big Pack, 58 db",58 db,58.0,db,8001841230658,1449.0,,https://www.dm.hu/p/d/2114342/always-tisztasagi-betet-normal-flexistyle-dailiy-fresh-big-pack
2026-08-19,dm,Always,Női higiénia & baba,"Egészségügyi betét Ultra Secure Night, 4-es méret, nagy kiszerelés, 24 db",24 db,24.0,db,8006540093764,2339.0,,https://www.dm.hu/p/d/2127942/always-egeszsegugyi-betet-ultra-secure-night-4-es-meret-nagy-kiszereles
2026-08-19,dm,Always,Női higiénia & baba,"Alapozó Always Fabulous 24H - Nr. 120 Claer Ivory, 30 ml",30 ml,30.0,ml,3614228413428,2999.0,,https://www.dm.hu/p/d/2192331/bourjois-paris-alapozo-always-fabulous-24h-nr-120-claer-ivory
2026-08-19,dm,Always,Női higiénia & baba,"Alapozó Always Fabulous 24H - Nr. 105 Natural Ivory, 30 ml",30 ml,30.0,ml,3616302732722,2999.0,,https://www.dm.hu/p/d/2200163/bourjois-paris-alapozo-always-fabulous-24h-nr-105-natural-ivory
2026-08-19,dm,Always,Női higiénia & baba,"Alapozó Always Fabulous 24H - Nr. 300 Sable Rose, 30 ml",30 ml,30.0,ml,3616302732777,5899.0,,https://www.dm.hu/p/d/2200165/bourjois-paris-alapozo-always-fabulous-24h-nr-300-sable-rose
2026-08-19,dm,Always,Női higiénia & baba,"Korrektor Always Fabulous - Nr. 200 Vanilla, 11 ml",11 ml,11.0,ml,3616303011338,2199.0,,https://www.dm.hu/p/d/2220700/bourjois-paris-korrektor-always-fabulous-nr-200-vanilla
2026-08-19,dm,Always,Női higiénia & baba,"Korrektor Always Fabulous - Nr. 100 Ivory, 11 ml",11 ml,11.0,ml,3616303011321,2199.0,,https://www.dm.hu/p/d/2220701/bourjois-paris-korrektor-always-fabulous-nr-100-ivory
2026-08-19,dm,Always,Női higiénia & baba,"Korrektor Always Fabulous - Nr. 300 Beige Rose, 11 ml",11 ml,11.0,ml,3616303011345,2199.0,,https://www.dm.hu/p/d/2220702/bourjois-paris-korrektor-always-fabulous-nr-300-beige-rose
2026-08-19,dm,Always,Női higiénia & baba,"Éjszakai egészségügyi betét Cotton Protection, 3-as méret, night, 8 db",8 db,8.0,db,8006540678435,749.0,,https://www.dm.hu/p/d/2245937/always-ejszakai-egeszsegugyi-betet-cotton-protection-3-as-meret-night
2026-08-19,dm,Always,Női higiénia & baba,"Tisztasági betét normal quattro, 80 db",80 db,80.0,db,4015400746812,1699.0,,https://www.dm.hu/p/d/2273617/always-tisztasagi-betet-normal-quattro
2026-08-19,dm,Always,Női higiénia & baba,"Tisztasági betét normal single, 30 db",30 db,30.0,db,4015400743545,799.0,,https://www.dm.hu/p/d/2273618/always-tisztasagi-betet-normal-single
2026-08-19,dm,Always,Női higiénia & baba,"Tisztasági betét Long, illatmentes, Big Pack, 48 db",48 db,48.0,db,8006540913741,899.0,,https://www.dm.hu/p/d/2444205/always-tisztasagi-betet-long-illatmentes-big-pack
2026-08-19,dm,Always,Női higiénia & baba,"Alapozó Always Fabulous 24H - Nr. 425 Miel, 30 ml",30 ml,30.0,ml,3616302732753,5899.0,,https://www.dm.hu/p/d/2626315/bourjois-paris-alapozo-always-fabulous-24h-nr-425-miel
2026-08-19,dm,Always,Női higiénia & baba,"Korrektor Always Fabulous - Nr. 400 Beige Dore, 11 ml",11 ml,11.0,ml,3616303011352,2199.0,,https://www.dm.hu/p/d/2626316/bourjois-paris-korrektor-always-fabulous-nr-400-beige-dore
2026-08-19,dm,Always,Női higiénia & baba,"Púder alapozó, Always Fabulous - Nr. 100 Rose Ivory, 7 g",7 g,7.0,g,3616305133038,2999.0,,https://www.dm.hu/p/d/2632968/bourjois-paris-puder-alapozo-always-fabulous-nr-100-rose-ivory
2026-08-19,dm,Always,Női higiénia & baba,"Púder Alapozó, Always Fabulous - Nr. 115 Golden Ivory, 7 g",7 g,7.0,g,3616305133045,2999.0,,https://www.dm.hu/p/d/2632969/bourjois-paris-puder-alapozo-always-fabulous-nr-115-golden-ivory
2026-08-19,dm,Always,Női higiénia & baba,"Púder alapozó, Always Fabulous - Nr. 125 Ivory, 7 g",7 g,7.0,g,3616305133052,2999.0,,https://www.dm.hu/p/d/2632970/bourjois-paris-puder-alapozo-always-fabulous-nr-125-ivory
2026-08-19,dm,Always,Női higiénia & baba,"Púder alapozó, Always Fabulous - Nr. 310 Beige, 7 g",7 g,7.0,g,3616305133090,2999.0,,https://www.dm.hu/p/d/2632971/bourjois-paris-puder-alapozo-always-fabulous-nr-310-beige
2026-08-19,dm,Always,Női higiénia & baba,"Egészségügyi betét Ultimate Night, 6-os méret, 8 db",8 db,8.0,db,8700216213905,1219.0,,https://www.dm.hu/p/d/2723062/always-egeszsegugyi-betet-ultimate-night-6-os-meret
2026-08-19,dm,Always,Női higiénia & baba,"Egészségügyi betét Ultra Day, 2-es méret, super, 14 db",14 db,14.0,db,8001090101488,1089.0,,https://www.dm.hu/p/d/2944009/always-egeszsegugyi-betet-ultra-day-2-es-meret-super
2026-08-19,dm,Always,Női higiénia & baba,"Egészségügyi betét Ultra Day, 3-as méret, super extra, 12 db",12 db,12.0,db,8001090101556,1089.0,,https://www.dm.hu/p/d/2944010/always-egeszsegugyi-betet-ultra-day-3-as-meret-super-extra
2026-08-19,dm,Always,Női higiénia & baba,"Egészségügyi betét Ultra Day, 1-es méret, normal, 18 db",18 db,18.0,db,8001090101419,1089.0,,https://www.dm.hu/p/d/2944011/always-egeszsegugyi-betet-ultra-day-1-es-meret-normal
2026-08-19,dm,Always,Női higiénia & baba,"Körömlakk - Nr. 989 Always Mor, 13,5 ml",13.5 ml,13.5,ml,30189058,1799.0,,https://www.dm.hu/p/d/2978518/essie-koromlakk-nr-989-always-mor
2026-08-19,dm,Always,Női higiénia & baba,"Női EdP Today Tomorrow Always for Her, 50 ml",50 ml,50.0,ml,5059018144195,1599.0,,https://www.dm.hu/p/d/3064819/avon-noi-edp-today-tomorrow-always-for-her
2026-08-19,dm,Always,Női higiénia & baba,"Egészségügyi betét Platinum Secure Night Extra, 5-ös méret, 16 db",16 db,16.0,db,8700216452885,2209.0,,https://www.dm.hu/p/d/3068128/always-egeszsegugyi-betet-platinum-secure-night-extra-5-os-meret
2026-08-19,dm,Always,Női higiénia & baba,"Tisztasági betét Daily Fresh Odour lock Normal, 20 db",20 db,20.0,db,4015400680284,849.0,,https://www.dm.hu/p/d/3131542/always-tisztasagi-betet-daily-fresh-odour-lock-normal
2026-08-19,dm,Always,Női higiénia & baba,"Egészségügyi betét Ultra Day, 2-es méret, super, Giga Pack, 88 db",88 db,88.0,db,8006530186766,4935.0,,https://www.dm.hu/p/d/3131644/always-egeszsegugyi-betet-ultra-day-2-es-meret-super-giga-pack
2026-08-19,dm,Always,Női higiénia & baba,"Egészségügyi betét Ultra Secure Night, 4-es méret, Giga Pack, 66 db",66 db,66.0,db,8006530186742,4929.0,,https://www.dm.hu/p/d/3131645/always-egeszsegugyi-betet-ultra-secure-night-4-es-meret-giga-pack
2026-08-19,dm,Always,Női higiénia & baba,"Egészségügyi betét Maxi Night Secure Night, 4-es méret, 14 db",14 db,14.0,db,8006530147323,965.0,,https://www.dm.hu/p/d/3133376/always-egeszsegugyi-betet-maxi-night-secure-night-4-es-meret
2026-08-19,dm,Tampax,Női higiénia & baba,"Tampon Compak Super Duo, 16 db",16 db,16.0,db,4015400219743,749.0,,https://www.dm.hu/p/d/2070201/tampax-tampon-compak-super-duo
2026-08-19,dm,Tampax,Női higiénia & baba,"Tampon Compak Regular Duo, 16 db",16 db,16.0,db,4015400219538,749.0,,https://www.dm.hu/p/d/2070202/tampax-tampon-compak-regular-duo
2026-08-19,dm,Tampax,Női higiénia & baba,"Tampon Pearl Compak Regular, 16 db",16 db,16.0,db,8001841300511,1469.0,,https://www.dm.hu/p/d/2114339/tampax-tampon-pearl-compak-regular
2026-08-19,dm,Tampax,Női higiénia & baba,"Tampon Non-Plastic Regular, 18 db",18 db,18.0,db,8006540858509,499.0,,https://www.dm.hu/p/d/2273695/tampax-tampon-non-plastic-regular
2026-08-19,dm,Discreet,Női higiénia & baba,"Tisztasági betét Normal, illatmentes, 20 db",20 db,20.0,db,4015400165804,349.0,,https://www.dm.hu/p/d/2085390/discreet-tisztasagi-betet-normal-illatmentes
2026-08-19,dm,Discreet,Női higiénia & baba,"Tisztasági betét Waterlily, multiform, XXL Pack, 100 db",100 db,100.0,db,8001090162274,1599.0,,https://www.dm.hu/p/d/2093359/discreet-tisztasagi-betet-waterlily-multiform-xxl-pack
2026-08-19,dm,Discreet,Női higiénia & baba,"Tisztasági betét, illatmentes, multiform, XXL Pack, 100 db",100 db,100.0,db,8001090161918,1599.0,,https://www.dm.hu/p/d/2093361/discreet-tisztasagi-betet-illatmentes-multiform-xxl-pack
2026-08-19,dm,Discreet,Női higiénia & baba,"Tisztasági betét Multiform, 54 db",54 db,54.0,db,8006540567555,1199.0,,https://www.dm.hu/p/d/2129402/discreet-tisztasagi-betet-multiform
2026-08-19,dm,Discreet,Női higiénia & baba,"Tisztasági betét Waterlily, multiform, 20 db",20 db,20.0,db,4015400107835,499.0,,https://www.dm.hu/p/d/2558145/discreet-tisztasagi-betet-waterlily-multiform
2026-08-19,dm,Naturella,Női higiénia & baba,"Tisztasági betét Camomile Light, 100 db",100 db,100.0,db,8001090603807,1399.0,,https://www.dm.hu/p/d/2029052/naturella-tisztasagi-betet-camomile-light
2026-08-19,dm,Naturella,Női higiénia & baba,"Egészségügyi betét Ultra Normal Plus, 36 db",36 db,36.0,db,8006540981092,1429.0,,https://www.dm.hu/p/d/2029053/naturella-egeszsegugyi-betet-ultra-normal-plus
2026-08-19,dm,Naturella,Női higiénia & baba,"Egészségügyi betét ultra normal, 20 db",20 db,20.0,db,8001090585592,839.0,,https://www.dm.hu/p/d/2097983/naturella-egeszsegugyi-betet-ultra-normal
2026-08-19,dm,Naturella,Női higiénia & baba,"Egészségügyi betét, Ultra Maxi Camomile, 16 db",16 db,16.0,db,8001090586032,799.0,,https://www.dm.hu/p/d/2097985/naturella-egeszsegugyi-betet-ultra-maxi-camomile
2026-08-19,dm,Naturella,Női higiénia & baba,"Egészségügyi betét Ultra Night Camomile éjszakai, 14 db",14 db,14.0,db,8001090585394,799.0,,https://www.dm.hu/p/d/2097988/naturella-egeszsegugyi-betet-ultra-night-camomile-ejszakai
2026-08-19,dm,Naturella,Női higiénia & baba,"Tisztasági betét, Camomile normal, XL, 44 db",44 db,44.0,db,8006540100769,799.0,,https://www.dm.hu/p/d/2127132/naturella-tisztasagi-betet-camomile-normal-xl
2026-08-19,dm,Naturella,Női higiénia & baba,"Tisztasági betét, Camomile normal, Gigapack, 74 db",74 db,74.0,db,8006540100806,1299.0,,https://www.dm.hu/p/d/2127133/naturella-tisztasagi-betet-camomile-normal-gigapack
2026-08-19,dm,Naturella,Női higiénia & baba,"Egészségügyi betét, normal plus, 18 db",18 db,18.0,db,8006540098257,839.0,,https://www.dm.hu/p/d/2127135/naturella-egeszsegugyi-betet-normal-plus
2026-08-19,dm,Naturella,Női higiénia & baba,"Egészségügyi betét Ultra Normal, 40 db",40 db,40.0,db,4015400197546,1429.0,,https://www.dm.hu/p/d/2127136/naturella-egeszsegugyi-betet-ultra-normal
2026-08-19,dm,Naturella,Női higiénia & baba,"Éjszakai egészségügyi betét Ultra, giga pack, 28 db",28 db,28.0,db,8006540399521,1429.0,,https://www.dm.hu/p/d/2129399/naturella-ejszakai-egeszsegugyi-betet-ultra-giga-pack
2026-08-19,dm,Naturella,Női higiénia & baba,"Egészségügyi betét Ultra Maxi, 32 db",32 db,32.0,db,8006540399569,1429.0,,https://www.dm.hu/p/d/2129400/naturella-egeszsegugyi-betet-ultra-maxi
2026-08-19,dm,Naturella,Női higiénia & baba,"Éjszakai egészségügyi betét Ultra Night Plus, giga pack, 24 db",24 db,24.0,db,8700216882378,1429.0,,https://www.dm.hu/p/d/3068069/naturella-ejszakai-egeszsegugyi-betet-ultra-night-plus-giga-pack
2026-08-19,dm,Naturella,Női higiénia & baba,"Éjszakai egészségügyi betét Ultra Night Plus, 12 db",12 db,12.0,db,8700216882347,799.0,,https://www.dm.hu/p/d/3068146/naturella-ejszakai-egeszsegugyi-betet-ultra-night-plus
2026-08-19,dm,Pampers,Női higiénia & baba,"Nedves törlőkendő, Protect&Care, 176 db",176 db,176.0,db,8700216250580,3199.0,,https://www.dm.hu/p/d/1417776/pampers-harmonie-nedves-torlokendo-protect-care
2026-08-19,dm,Pampers,Női higiénia & baba,"Úszópelenka midi 6-11 kg, 12 db",11000 g,11000.0,g,8001090698346,3599.0,,https://www.dm.hu/p/d/1582118/pampers-splashers-uszopelenka-midi-6-11-kg
2026-08-19,dm,Pampers,Női higiénia & baba,"Úszópelenka maxi 9-15kg, 11 db",15000 g,15000.0,g,8001090698384,3599.0,,https://www.dm.hu/p/d/1582119/pampers-splashers-uszopelenka-maxi-9-15kg
2026-08-19,dm,Pampers,Női higiénia & baba,"Úszópelenka 14+ kg, 10 db",10 db,10.0,db,8001090728951,3599.0,,https://www.dm.hu/p/d/1582120/pampers-splashers-uszopelenka-14-kg
2026-08-19,dm,Pampers,Női higiénia & baba,"Nedves törlőkendő, Aqua, 4x48db, 192 db",192 db,192.0,db,8006540556139,3199.0,,https://www.dm.hu/p/d/1673413/pampers-harmonie-nedves-torlokendo-aqua-4x48db
2026-08-19,dm,Pampers,Női higiénia & baba,"Nedves törlőkendő, Aqua, 10 db",10 db,10.0,db,8006540811085,739.0,,https://www.dm.hu/p/d/1681516/pampers-harmonie-nedves-torlokendo-aqua
2026-08-19,dm,Pampers,Női higiénia & baba,"Nedves törlőkendő, Sensitive 15x80db, 1 200 db",200 db,200.0,db,8001841063188,12099.0,,https://www.dm.hu/p/d/1691425/pampers-nedves-torlokendo-sensitive-15x80db
2026-08-19,dm,Pampers,Női higiénia & baba,"Nedves törlőkendő, Fresh Clean 15x80db, 1 200 db",200 db,200.0,db,8001841078496,12099.0,,https://www.dm.hu/p/d/1691426/pampers-nedves-torlokendo-fresh-clean-15x80db
2026-08-19,dm,Pampers,Női higiénia & baba,"Nedves törlőkendő, Aqua, 48 db",48 db,48.0,db,8006540458563,949.0,,https://www.dm.hu/p/d/1720868/pampers-harmonie-nedves-torlokendo-aqua
2026-08-19,dm,Pampers,Női higiénia & baba,"Nedves törlőkendő, Sensitive, 4x80 db, 320 db",320 db,320.0,db,8001841062754,4499.0,,https://www.dm.hu/p/d/1888279/pampers-nedves-torlokendo-sensitive-4x80-db
2026-08-19,dm,Pampers,Női higiénia & baba,"Nedves törlőkendő, Fresh Clean, 320 db",320 db,320.0,db,8001841078052,4499.0,,https://www.dm.hu/p/d/1888280/pampers-nedves-torlokendo-fresh-clean
2026-08-19,dm,Pampers,Női higiénia & baba,"Nedves törlőkendő, Aqua, 3x48 db, 144 db",144 db,144.0,db,8006540458525,2349.0,,https://www.dm.hu/p/d/2002896/pampers-harmonie-nedves-torlokendo-aqua-3x48-db
2026-08-19,dm,Pampers,Női higiénia & baba,"Nedves törlőkendő, Sensitive, 52 db",52 db,52.0,db,8006540523056,899.0,,https://www.dm.hu/p/d/2002901/pampers-nedves-torlokendo-sensitive
2026-08-19,dm,Pampers,Női higiénia & baba,"Pelenka újszülött, 1-es méret, 2-5 kg, 72 db",5000 g,5000.0,g,8006540858073,5999.0,,https://www.dm.hu/p/d/2028934/pampers-premium-care-pelenka-ujszulott-1-es-meret-2-5-kg
2026-08-19,dm,Pampers,Női higiénia & baba,"Bugyipelenka jumbo pack, 8-as méret, 17+kg, 32 db",32 db,32.0,db,8006540499382,5965.0,,https://www.dm.hu/p/d/2031326/pampers-active-baby-bugyipelenka-jumbo-pack-8-as-meret-17-kg
2026-08-19,dm,Pampers,Női higiénia & baba,"Bugyipelenka, 7-es méret,15+ kg, 27 db",27 db,27.0,db,8006540807026,5905.0,,https://www.dm.hu/p/d/2031327/pampers-premium-care-bugyipelenka-7-es-meret-15-kg
2026-08-19,dm,Pampers,Női higiénia & baba,"Pelenka, koraszülött, 0-s méret, 0-3 kg, 30 db",3000 g,3000.0,g,4015400536857,2439.0,,https://www.dm.hu/p/d/2070890/pampers-premium-care-pelenka-koraszulott-0-s-meret-0-3-kg
2026-08-19,dm,Pampers,Női higiénia & baba,"Pelenka újszülött, 1-es méret, 2-5 kg, 26 db",5000 g,5000.0,g,8001841104614,1829.0,,https://www.dm.hu/p/d/2111532/pampers-premium-care-pelenka-ujszulott-1-es-meret-2-5-kg
2026-08-19,dm,Pampers,Női higiénia & baba,"Pelenka mini, 2-es méret, 4-8kg, 23 db",8000 g,8000.0,g,8001841104652,1829.0,,https://www.dm.hu/p/d/2111533/pampers-premium-care-pelenka-mini-2-es-meret-4-8kg
2026-08-19,dm,Pampers,Női higiénia & baba,"Pelenka mini, 2-es méret, 4-8kg, 68 db",8000 g,8000.0,g,8001841104874,5699.0,,https://www.dm.hu/p/d/2111535/pampers-premium-care-pelenka-mini-2-es-meret-4-8kg
2026-08-19,dm,Pampers,Női higiénia & baba,"Bugyipelenka, 3-as méret, 6-11 kg, 48 db",11000 g,11000.0,g,8001090759795,5699.0,,https://www.dm.hu/p/d/2111536/pampers-premium-care-bugyipelenka-3-as-meret-6-11-kg
2026-08-19,dm,Pampers,Női higiénia & baba,"Bugyipelenka 9-15 kg, 38 db",15000 g,15000.0,g,8001090759832,5905.0,,https://www.dm.hu/p/d/2111537/pampers-premium-care-bugyipelenka-9-15-kg
2026-08-19,dm,Pampers,Női higiénia & baba,"Bugyipelenka, 5-ös méret, 11-17kg, 34 db",17000 g,17000.0,g,8001090759870,5699.0,,https://www.dm.hu/p/d/2111538/pampers-premium-care-bugyipelenka-5-os-meret-11-17kg
2026-08-19,dm,Pampers,Női higiénia & baba,"Bugyipelenka, 6-os méret, 13-19 kg, 31 db",19000 g,19000.0,g,8001090759917,5699.0,,https://www.dm.hu/p/d/2111539/pampers-premium-care-bugyipelenka-6-os-meret-13-19-kg
2026-08-19,dm,Pampers,Női higiénia & baba,"Pelenka Maxi pack+, 7-es méret, 15+ kg, 44 db",44 db,44.0,db,8001090949295,4939.0,,https://www.dm.hu/p/d/2113778/pampers-active-baby-pelenka-maxi-pack-7-es-meret-15-kg
2026-08-19,dm,Pampers,Női higiénia & baba,"Nedves törlőkendő, Sensitive, 80 db",80 db,80.0,db,8001841041421,1199.0,,https://www.dm.hu/p/d/2114944/pampers-nedves-torlokendo-sensitive
2026-08-19,dm,Pampers,Női higiénia & baba,"Nedves törlőkendő, Fresh Clean, 80 db",80 db,80.0,db,8001841077598,1299.0,,https://www.dm.hu/p/d/2114945/pampers-nedves-torlokendo-fresh-clean
2026-08-19,dm,Pampers,Női higiénia & baba,"Bugyipelenka 9-15kg, 4-es méret, mega csomag, 108 db",15000 g,15000.0,g,8006540069448,10629.0,,https://www.dm.hu/p/d/2123300/pampers-bugyipelenka-9-15kg-4-es-meret-mega-csomag
2026-08-19,dm,Pampers,Női higiénia & baba,"Bugyipelenka 11-17kg, 5-ös méret, mega csomag, 96 db",17000 g,17000.0,g,8006540069509,10629.0,,https://www.dm.hu/p/d/2123302/pampers-bugyipelenka-11-17kg-5-os-meret-mega-csomag
2026-08-19,dm,Pampers,Női higiénia & baba,"Bugyipelenka 13-19kg, 6-os méret, mega csomag, 84 db",19000 g,19000.0,g,8006540069530,10629.0,,https://www.dm.hu/p/d/2123303/pampers-bugyipelenka-13-19kg-6-os-meret-mega-csomag
2026-08-19,dm,Pampers,Női higiénia & baba,"Bugyipelenka Jumbo pack, 3-as méret, 6-11 kg, 62 db",11000 g,11000.0,g,8006540069233,5965.0,,https://www.dm.hu/p/d/2123543/pampers-active-baby-bugyipelenka-jumbo-pack-3-as-meret-6-11-kg
2026-08-19,dm,Pampers,Női higiénia & baba,"Bugyipelenka Jumbo pack 9-15 kg, 52 db",15000 g,15000.0,g,8006540069264,5965.0,,https://www.dm.hu/p/d/2123545/pampers-active-baby-bugyipelenka-jumbo-pack-9-15-kg
2026-08-19,dm,Pampers,Női higiénia & baba,"Bugyipelenka Jumbo pack, 5-ös méret, 11-17 kg, 48 db",17000 g,17000.0,g,8006540069325,5965.0,,https://www.dm.hu/p/d/2123548/pampers-active-baby-bugyipelenka-jumbo-pack-5-os-meret-11-17-kg
2026-08-19,dm,Pampers,Női higiénia & baba,"Bugyipelenka Jumbo pack 13-19 kg, 44 db",19000 g,19000.0,g,8006540069356,5965.0,,https://www.dm.hu/p/d/2123550/pampers-active-baby-bugyipelenka-jumbo-pack-13-19-kg
2026-08-19,dm,Pampers,Női higiénia & baba,"Bugyipelenka Jumbo pack, 7-es méret, 15+ kg, 38 db",38 db,38.0,db,8006540069387,5965.0,,https://www.dm.hu/p/d/2124837/pampers-active-baby-bugyipelenka-jumbo-pack-7-es-meret-15-kg
2026-08-19,dm,Pampers,Női higiénia & baba,"Night Pants, éjszakai bugyipelenka, 4-es méret, 9-15kg, 25 db",15000 g,15000.0,g,8006540234709,3379.0,,https://www.dm.hu/p/d/2125982/pampers-night-pants-night-pants-ejszakai-bugyipelenka-4-es-meret-9-15kg
2026-08-19,dm,Pampers,Női higiénia & baba,"Night Pants, éjszakai bugyipelenka, 5-ös méret, 11-17kg, 22 db",17000 g,17000.0,g,8006540234730,3379.0,,https://www.dm.hu/p/d/2125983/pampers-night-pants-night-pants-ejszakai-bugyipelenka-5-os-meret-11-17kg
2026-08-19,dm,Pampers,Női higiénia & baba,"Night Pants, éjszakai bugyipelenka, 6-os méret, 13-19 kg, 19 db",19000 g,19000.0,g,8006540234761,3379.0,,https://www.dm.hu/p/d/2125984/pampers-night-pants-night-pants-ejszakai-bugyipelenka-6-os-meret-13-19-kg
2026-08-19,dm,Pampers,Női higiénia & baba,"Pelenka, 6-os méret, 13-18kg, 38 db",18000 g,18000.0,g,8001841105130,4089.0,,https://www.dm.hu/p/d/2200192/pampers-premium-care-pelenka-6-os-meret-13-18kg
2026-08-19,dm,Pampers,Női higiénia & baba,"Pelenka Jumbo pack, midi, 3-as méret, 6-10kg, 82 db",10000 g,10000.0,g,8001090948175,5179.0,,https://www.dm.hu/p/d/2429796/pampers-active-baby-pelenka-jumbo-pack-midi-3-as-meret-6-10kg
2026-08-19,dm,Pampers,Női higiénia & baba,"Pelenka Jumbo pack, 6-os méret, 13-18kg, 52 db",18000 g,18000.0,g,8001090948533,5179.0,,https://www.dm.hu/p/d/2429798/pampers-active-baby-pelenka-jumbo-pack-6-os-meret-13-18kg
2026-08-19,dm,Pampers,Női higiénia & baba,"Pelenka Jumbo pack, 4-es méret, maxi 9-14kg, 70 db",14000 g,14000.0,g,8001090948250,5179.0,,https://www.dm.hu/p/d/2429799/pampers-active-baby-pelenka-jumbo-pack-4-es-meret-maxi-9-14kg
2026-08-19,dm,Pampers,Női higiénia & baba,"Pelenka Jumbo pack, 5-ös méret, 11-16kg, 60 db",16000 g,16000.0,g,8001090948410,5179.0,,https://www.dm.hu/p/d/2429800/pampers-active-baby-pelenka-jumbo-pack-5-os-meret-11-16kg
2026-08-19,dm,Pampers,Női higiénia & baba,"Pelenka maxi, 4-es méret, 9-14kg, 68 db",14000 g,14000.0,g,8001841104959,7545.0,,https://www.dm.hu/p/d/2432041/pampers-premium-care-pelenka-maxi-4-es-meret-9-14kg
2026-08-19,dm,Pampers,Női higiénia & baba,"Pelenka junior, 5-ös méret, 11-16kg, 58 db",16000 g,16000.0,g,8001841104997,7545.0,,https://www.dm.hu/p/d/2432042/pampers-premium-care-pelenka-junior-5-os-meret-11-16kg
2026-08-19,dm,Pampers,Női higiénia & baba,"Nedves törlőkendő, Sensitive, 52 db",52 db,52.0,db,8001841041391,529.0,,https://www.dm.hu/p/d/2436311/pampers-nedves-torlokendo-sensitive
2026-08-19,dm,Pampers,Női higiénia & baba,"Pelenka mega csomag, 4-es méret, 9-14kg, 104 db",14000 g,14000.0,g,4015400465447,10629.0,,https://www.dm.hu/p/d/2443935/pampers-premium-care-pelenka-mega-csomag-4-es-meret-9-14kg
2026-08-19,dm,Pampers,Női higiénia & baba,"Pelenka 11-16kg, mega csomag, 5-ös méret, 11-16kg, 88 db",16000 g,16000.0,g,4015400541813,10629.0,,https://www.dm.hu/p/d/2443936/pampers-premium-care-pelenka-11-16kg-mega-csomag-5-os-meret-11-16kg
2026-08-19,dm,Pampers,Női higiénia & baba,"Pelenka mega csomag, 3-as méret, 6-10kg, 120 db",10000 g,10000.0,g,4015400465461,10629.0,,https://www.dm.hu/p/d/2443937/pampers-premium-care-pelenka-mega-csomag-3-as-meret-6-10kg
2026-08-19,dm,Pampers,Női higiénia & baba,"Pelenka midi, 3-as méret, 6-10 kg, 78 db",10000 g,10000.0,g,8006540857755,7325.0,,https://www.dm.hu/p/d/2444337/pampers-premium-care-pelenka-midi-3-as-meret-6-10-kg
2026-08-19,dm,Pampers,Női higiénia & baba,"Bugyipelenka mega csomag, 7-es méret, 15+ kg, 74 db",74 db,74.0,db,8006540069622,10629.0,,https://www.dm.hu/p/d/2557815/pampers-bugyipelenka-mega-csomag-7-es-meret-15-kg
2026-08-19,dm,Pampers,Női higiénia & baba,"Bugyipelenka mega csomag, 3-as méret, 6-11kg, 128 db",11000 g,11000.0,g,8006540069417,10629.0,,https://www.dm.hu/p/d/2634271/pampers-bugyipelenka-mega-csomag-3-as-meret-6-11kg
2026-08-19,dm,Pampers,Női higiénia & baba,"Pelenka mega csomag, 2-es méret, 4-8kg, 136 db",8000 g,8000.0,g,8006540855812,10629.0,,https://www.dm.hu/p/d/2634272/pampers-premium-care-pelenka-mega-csomag-2-es-meret-4-8kg
2026-08-19,dm,Pampers,Női higiénia & baba,"Nedves törlőkendő, Sensitive, 156 db",156 db,156.0,db,8001841062556,1649.0,,https://www.dm.hu/p/d/2934474/pampers-nedves-torlokendo-sensitive
2026-08-19,dm,Pampers,Női higiénia & baba,"Nedves törlőkendő, Fresh Clean, 156 db",156 db,156.0,db,8001841077864,1649.0,,https://www.dm.hu/p/d/2934476/pampers-nedves-torlokendo-fresh-clean
2026-08-19,dm,Pampers,Női higiénia & baba,"Nedves törlőkendő, Sensitive 6X80db, 480 db",480 db,480.0,db,8006540174531,6199.0,,https://www.dm.hu/p/d/2938480/pampers-nedves-torlokendo-sensitive-6x80db
2026-08-19,dm,Pampers,Női higiénia & baba,"Nedves törlőkendő, Fresh Clean 6X80db, 480 db",480 db,480.0,db,8006540174746,6199.0,,https://www.dm.hu/p/d/2938481/pampers-nedves-torlokendo-fresh-clean-6x80db
2026-08-19,dm,Pampers,Női higiénia & baba,"Bugyipelenka, 11-17 kg, mega csomag, 80 db",17000 g,17000.0,g,8001090190499,13775.0,,https://www.dm.hu/p/d/2946855/pampers-premium-care-bugyipelenka-11-17-kg-mega-csomag
2026-08-19,dm,Pampers,Női higiénia & baba,"Nedves törlőkendő, Aqua, 3x48 db, 144 db",144 db,144.0,db,8700216722476,2549.0,,https://www.dm.hu/p/d/3049579/pampers-harmonie-nedves-torlokendo-aqua-3x48-db
2026-08-19,dm,Pampers,Női higiénia & baba,"Nedves törlőkendő 99% vízzel, 18x60 db, 1 080 db",80 db,80.0,db,8006530116374,14999.0,,https://www.dm.hu/p/d/3117626/pampers-nedves-torlokendo-99-vizzel-18x60-db
2026-08-19,dm,Pampers,Női higiénia & baba,"Nedves törlőkendő 99% vízzel, 4x60 db, 240 db",240 db,240.0,db,8006530116305,4199.0,,https://www.dm.hu/p/d/3117627/pampers-nedves-torlokendo-99-vizzel-4x60-db
2026-08-19,dm,Pampers,Női higiénia & baba,"Nedves törlőkendő Aqua Soft Touch 99% vízzel, 18x48 db, 864 db",864 db,864.0,db,8006530139977,16999.0,,https://www.dm.hu/p/d/3117628/pampers-nedves-torlokendo-aqua-soft-touch-99-vizzel-18x48-db
2026-08-19,dm,Pampers,Női higiénia & baba,"Nedves Törlőkendő Aqua Soft Touch, 99% vízzel, 9x48 db",9x48 db,48.0,db,8006530140010,8799.0,,https://www.dm.hu/p/d/3123205/pampers-baby-dry-nedves-torlokendo-aqua-soft-touch-99-vizzel-9x48-db
2026-08-19,dm,Pampers,Női higiénia & baba,"Nedves törlőkendő sensitive, 9x80 db, 720 db",720 db,720.0,db,8006530134750,8799.0,,https://www.dm.hu/p/d/3123552/pampers-nedves-torlokendo-sensitive-9x80-db
2026-08-19,dm,Pampers,Női higiénia & baba,"Nedves törlőkendő Fresh and Clean, 9x80 db, 720 db",720 db,720.0,db,8006530134583,8799.0,,https://www.dm.hu/p/d/3123563/pampers-nedves-torlokendo-fresh-and-clean-9x80-db
2026-08-19,dm,Pampers,Női higiénia & baba,"Bugyipelenka Jumbo pack 9-15 kg, 52 db",15000 g,15000.0,g,8006530316668,5965.0,,https://www.dm.hu/p/d/3135271/pampers-active-baby-bugyipelenka-jumbo-pack-9-15-kg
2026-08-19,dm,Pampers,Női higiénia & baba,"Bugyipelenka 9-15 kg, 40 db",15000 g,15000.0,g,8006530320009,5905.0,,https://www.dm.hu/p/d/3135353/pampers-premium-care-bugyipelenka-9-15-kg
2026-08-19,dm,Pampers,Női higiénia & baba,"Bugyipelenka Jumbo pack 13-19 kg, 44 db",19000 g,19000.0,g,8006530316699,5965.0,,https://www.dm.hu/p/d/3135382/pampers-active-baby-bugyipelenka-jumbo-pack-13-19-kg
2026-08-19,dm,Pampers,Női higiénia & baba,"Nedves törlőkendő Aqua Soft Touch 99% vízzel, 3x60 db, 180 db",180 db,180.0,db,8006530139953,4199.0,,https://www.dm.hu/p/d/3135449/pampers-nedves-torlokendo-aqua-soft-touch-99-vizzel-3x60-db
2026-08-19,dm,Pampers,Női higiénia & baba,"Nedves törlőkendő 99% vízzel, 3x60 db, 180 db",180 db,180.0,db,8006530116206,3399.0,,https://www.dm.hu/p/d/3135456/pampers-nedves-torlokendo-99-vizzel-3x60-db
2026-08-19,dm,Pampers,Női higiénia & baba,"Nedves törlőkendő 99% vízzel, 60 db",60 db,60.0,db,8006530116558,1199.0,,https://www.dm.hu/p/d/3135473/pampers-nedves-torlokendo-99-vizzel
2026-08-19,dm,Pampers,Női higiénia & baba,"Nedves törlőkendő Aqua Soft Touch 99% vízzel, 60 db",60 db,60.0,db,8006530140171,1499.0,,https://www.dm.hu/p/d/3135797/pampers-nedves-torlokendo-aqua-soft-touch-99-vizzel
2026-08-19,dm,Pampers,Női higiénia & baba,"Nedves törlőkendő, Aqua Soft Touch, 12x48 db, 576 db",576 db,576.0,db,8006530140225,11899.0,,https://www.dm.hu/p/d/3136838/pampers-baby-dry-nedves-torlokendo-aqua-soft-touch-12x48-db
2026-08-19,dm,Pampers,Női higiénia & baba,"Nedves törlőkendő, 99% vízzel, 540 db",540 db,540.0,db,8006530116459,8799.0,,https://www.dm.hu/p/d/3136839/pampers-baby-dry-nedves-torlokendo-99-vizzel
2026-08-19,dm,Pampers,Női higiénia & baba,"Nedves törlőkendő, Fresh & clean, 12x52 db, 624 db",624 db,624.0,db,8006530098403,8999.0,,https://www.dm.hu/p/d/3136840/pampers-baby-dry-nedves-torlokendo-fresh-clean-12x52-db
2026-08-19,dm,Pampers,Női higiénia & baba,"Nedves törlőkendő 99% vízzel, 6x60 db, 360 db",360 db,360.0,db,8006530116596,6099.0,,https://www.dm.hu/p/d/3136841/pampers-baby-dry-nedves-torlokendo-99-vizzel-6x60-db
2026-08-19,dm,Pampers,Női higiénia & baba,"Nedves törlőkendő Fresh and Clean, 4x52 db, 208 db",208 db,208.0,db,8006530098441,2999.0,,https://www.dm.hu/p/d/3136882/pampers-baby-dry-nedves-torlokendo-fresh-and-clean-4x52-db
2026-08-19,dm,Pampers,Női higiénia & baba,"Nedves törlőkendő Aqua Soft Touch 99% vízzel, 4x60 db, 240 db",240 db,240.0,db,8006530140027,5199.0,,https://www.dm.hu/p/d/3136883/pampers-baby-dry-nedves-torlokendo-aqua-soft-touch-99-vizzel-4x60-db
2026-08-20,Rossmann,Head & Shoulders,Hajápolás,Head & Shoulders Apple Fresh Korpásodás Elleni sampon - 400 ml,400 ml,400.0,ml,5410076659456,2354.0,Nincs készleten 2 354 Ft 5 885 Ft/l,https://shop.rossmann.hu/termek/head-shoulders-apple-fresh-sampon-400-ml
2026-08-20,Rossmann,Head & Shoulders,Hajápolás,Head & Shoulders Apple Fresh korpásodás elleni sampon - 800 ml,800 ml,800.0,ml,8700216306782,4010.0,Nincs készleten 4 010 Ft 5 013 Ft/l,https://shop.rossmann.hu/termek/head-shoulders-apple-fresh-korpasodas-elleni-sampon-800-ml
2026-08-20,Rossmann,Head & Shoulders,Hajápolás,Head & Shoulders Citrus Fresh 2in1 sampon - 400 ml,400 ml,400.0,ml,8006530305372,2354.0,Nincs készleten 2 354 Ft 5 885 Ft/l,https://shop.rossmann.hu/termek/head-shoulders-citrus-fresh-2az1-ben-korpasodas-elleni-sampon-es-balzsam-400-ml-korpamentes-haj
2026-08-20,Rossmann,Head & Shoulders,Hajápolás,Head & Shoulders Citrus Fresh korpásodás elleni sampon zsíros hajra - 400 ml,400 ml,400.0,ml,5011321336032,2354.0,Nincs készleten 2 354 Ft 5 885 Ft/l,https://shop.rossmann.hu/termek/head-shoulders-citrus-fresh-sampon-400-ml
2026-08-20,Rossmann,Head & Shoulders,Hajápolás,Head & Shoulders Classic Clean 2az1-ben korpásodás elleni sampon - 625 ml,625 ml,625.0,ml,8700216304948,3133.0,Nincs készleten 3 133 Ft 5 013 Ft/l,https://shop.rossmann.hu/termek/head-shoulders-classic-clean-2az1-ben-korpasodas-elleni-sampon-625-ml
2026-08-20,Rossmann,Head & Shoulders,Hajápolás,Head & Shoulders Classic Clean Normál Hajra Korpásodás Elleni sampon - 400 ml,400 ml,400.0,ml,5011321336049,2354.0,Nincs készleten 2 354 Ft 5 885 Ft/l,https://shop.rossmann.hu/termek/head-shoulders-classic-clean-sampon-normal-hajra-400-ml
2026-08-20,Rossmann,Head & Shoulders,Hajápolás,Head & Shoulders Classic Clean korpásodás elleni sampon - 800 ml,800 ml,800.0,ml,8700216156134,4010.0,Nincs készleten 4 010 Ft 5 013 Ft/l,https://shop.rossmann.hu/termek/head-shoulders-classic-clean-korpasodas-elleni-sampon-800-ml
2026-08-20,Rossmann,Head & Shoulders,Hajápolás,Head & Shoulders Menthol Fresh 2in1 korpásodás elleni sampon - 625 ml,625 ml,625.0,ml,8700216305372,3133.0,Nincs készleten 3 133 Ft 5 013 Ft/l,https://shop.rossmann.hu/termek/head-shoulders-menthol-fresh-2in1-korpasodas-elleni-sampon-625-ml
2026-08-20,Rossmann,Head & Shoulders,Hajápolás,Head & Shoulders Menthol Fresh korpásodás elleni sampon - 800 ml,800 ml,800.0,ml,8700216156196,4010.0,Nincs készleten 4 010 Ft 5 013 Ft/l,https://shop.rossmann.hu/termek/head-shoulders-menthol-fresh-korpasodas-elleni-sampon-800-ml
2026-08-20,Rossmann,Head & Shoulders,Hajápolás,Head & Shoulders Menthol Korpáspdás Elleni sampon - 400 ml,400 ml,400.0,ml,5011321336094,2354.0,Nincs készleten 2 354 Ft 5 885 Ft/l,https://shop.rossmann.hu/termek/head-shoulders-mentolos-sampon-400-ml
2026-08-20,Rossmann,Head & Shoulders,Hajápolás,Head & Shoulders Sensitive sampon - 400 ml,400 ml,400.0,ml,5011321336124,2354.0,Nincs készleten 2 354 Ft 5 885 Ft/l,https://shop.rossmann.hu/termek/head-shoulders-sampon-erzekeny-borre-400-ml
2026-08-20,Rossmann,Head & Shoulders,Hajápolás,Head & Shoulders Anti Hair Fall korpásodás elleni sampon - 400 ml,400 ml,400.0,ml,8006540833605,2354.0,Nincs készleten 2 354 Ft 5 885 Ft/l,https://shop.rossmann.hu/termek/head-shoulders-anti-hair-fall-korpasodas-elleni-sampon-400-ml
2026-08-20,Rossmann,Head & Shoulders,Hajápolás,Head & Shoulders Repair & Care For Woman hajhullás elleni sampon - 400 ml,400 ml,400.0,ml,4084500610699,2354.0,Nincs készleten 2 354 Ft 5 885 Ft/l,https://shop.rossmann.hu/termek/head-shoulders-2in1-dus-hatas-sampon-360-ml-1
2026-08-20,Rossmann,Head & Shoulders,Hajápolás,Head & Shoulders Citrus Fresh 2in1 korpa elleni sampon zsíros hajra - 625 ml,625 ml,625.0,ml,8700216158022,3133.0,Nincs készleten 3 133 Ft 5 013 Ft/l,https://shop.rossmann.hu/termek/head-shoulders-citrus-fresh-2in1-korpa-elleni-sampon-zsiros-hajra-625-ml
2026-08-20,Rossmann,Head & Shoulders,Hajápolás,Head & Shoulders Citrus Fresh korpásodás elleni sampon zsíros hajra - 800 ml,800 ml,800.0,ml,8700216156172,4010.0,Nincs készleten 4 010 Ft 5 013 Ft/l,https://shop.rossmann.hu/termek/head-shoulders-citrus-fresh-korpasodas-elleni-sampon-zsiros-hajra-800-ml
2026-08-20,Rossmann,Head & Shoulders,Hajápolás,Head & Shoulders Apple Fresh 2in1 sampon - 400 ml,400 ml,400.0,ml,8006530315449,2354.0,Nincs készleten 2 354 Ft 5 885 Ft/l,https://shop.rossmann.hu/termek/head-shoulders-apple-fresh-2-az-1-ben-korpasodas-elleni-sampon-es-balzsam-400-ml
2026-08-20,Rossmann,Head & Shoulders,Hajápolás,Head & Shoulders Apple Fresh korpa elleni sampon - 250 ml,250 ml,250.0,ml,8006540063248,1489.0,Nincs készleten 1 489 Ft 5 956 Ft/l,https://shop.rossmann.hu/termek/head-shoulders-apple-fresh-korpa-elleni-sampon-250-ml
2026-08-20,Rossmann,Head & Shoulders,Hajápolás,Head & Shoulders Citrus Fresh 2in1 sampon - 800 ml,800 ml,800.0,ml,8006530004527,4010.0,Nincs készleten 4 010 Ft 5 013 Ft/l,https://shop.rossmann.hu/termek/head-shoulders-citrus-fresh-2-az-1-ben-korpasodas-elleni-sampon-es-balzsam-800ml
2026-08-20,Rossmann,Head & Shoulders,Hajápolás,Head & Shoulders Citrus Fresh sampon zsíros hajra - 250 ml,250 ml,250.0,ml,8006540063286,1489.0,Nincs készleten 1 489 Ft 5 956 Ft/l,https://shop.rossmann.hu/termek/head-shoulders-citrus-fresh-korpasodas-elleni-sampon-zsiros-hajra-250-ml
2026-08-20,Rossmann,Head & Shoulders,Hajápolás,Head & Shoulders Clarify & Shine korpásodás elleni sampon - 800 ml,800 ml,800.0,ml,8700216658614,4010.0,Nincs készleten 4 010 Ft 5 013 Ft/l,https://shop.rossmann.hu/termek/head-shoulders-clarify-shine-korpasodas-elleni-sampon-800-ml
2026-08-20,Rossmann,Head & Shoulders,Hajápolás,Head & Shoulders Clarify & Shine korpásodás elleni sampon almaecettel - 400 ml,400 ml,400.0,ml,8700216658461,2354.0,Nincs készleten 2 354 Ft 5 885 Ft/l,https://shop.rossmann.hu/termek/head-shoulders-clarify-shine-korpasodas-elleni-sampon-400-ml
2026-08-20,Rossmann,Head & Shoulders,Hajápolás,Head & Shoulders Classic Clean 2in1 sampon - 400 ml,400 ml,400.0,ml,8700216304917,2354.0,Nincs készleten 2 354 Ft 5 885 Ft/l,https://shop.rossmann.hu/termek/head-shoulders-classic-clean-2az1-ben-korpasodas-elleni-sampon-400ml-friss-tiszta-illat
2026-08-20,Rossmann,Head & Shoulders,Hajápolás,Head & Shoulders Classic Clean 2in1 sampon - 800 ml,800 ml,800.0,ml,8006530004404,4010.0,Nincs készleten 4 010 Ft 5 013 Ft/l,https://shop.rossmann.hu/termek/head-shoulders-classic-clean-2-az-1-ben-korpasodas-elleni-sampon-es-balzsam-800ml
2026-08-20,Rossmann,Head & Shoulders,Hajápolás,Head & Shoulders Classic Clean korpa elleni sampon - 250 ml,250 ml,250.0,ml,8006540063330,1489.0,Nincs készleten 1 489 Ft 5 956 Ft/l,https://shop.rossmann.hu/termek/head-shoulders-classic-clean-korpa-elleni-sampon-250-ml
2026-08-20,Rossmann,Head & Shoulders,Hajápolás,Head & Shoulders Classic Clean korpásodás elleni sampon - 95 ml,95 ml,95.0,ml,8700216164238,935.0,Nincs készleten 935 Ft 9 842 Ft/l,https://shop.rossmann.hu/termek/head-shoulders-classic-clean-korpasodas-elleni-sampon-95-ml
2026-08-20,Rossmann,Head & Shoulders,Hajápolás,Head & Shoulders Men Ultra Old Spice korpásodás elleni sampon férfiaknak - 800 ml,800 ml,800.0,ml,8700216658317,4010.0,Nincs készleten 4 010 Ft 5 013 Ft/l,https://shop.rossmann.hu/termek/head-shoulders-men-ultra-old-spice-korpasodas-elleni-sampon-ferfiaknak-800-ml
2026-08-20,Rossmann,Head & Shoulders,Hajápolás,Head & Shoulders Ultra Sport sampon - 300 ml,300 ml,300.0,ml,8006530029476,1640.0,Nincs készleten 1 640 Ft 5 467 Ft/l,https://shop.rossmann.hu/termek/head-shoulders-men-ultra-sport-fresh-korpasodas-elleni-sampon-300-ml-korpa-ellen
2026-08-20,Rossmann,Head & Shoulders,Hajápolás,Head & Shoulders Menthol 2in1 sampon - 400 ml,400 ml,400.0,ml,8700216305419,2354.0,Nincs készleten 2 354 Ft 5 885 Ft/l,https://shop.rossmann.hu/termek/head-shoulders-menthol-fresh-2in1-korpasodas-elleni-sampon-400ml-frissito-mentolillat
2026-08-20,Rossmann,Head & Shoulders,Hajápolás,Head & Shoulders Menthol Fresh sampon - 250 ml,250 ml,250.0,ml,8006540063385,1489.0,Nincs készleten 1 489 Ft 5 956 Ft/l,https://shop.rossmann.hu/termek/head-shoulders-menthol-fresh-korpasodas-elleni-sampon-250-ml
2026-08-20,Rossmann,Head & Shoulders,Hajápolás,Head & Shoulders sampon hydration - 400 ml,400 ml,400.0,ml,8001841406688,2354.0,Nincs készleten 2 354 Ft 5 885 Ft/l,https://shop.rossmann.hu/termek/head-shoulders-sampon-hydration-400-ml
2026-08-20,Rossmann,Head & Shoulders,Hajápolás,Head & Shoulders Thick & Strong Rosmary sampon - 400 ml,400 ml,400.0,ml,8006530171182,2354.0,Nincs készleten 2 354 Ft 5 885 Ft/l,https://shop.rossmann.hu/termek/head-shoulders-thick-strong-korpasodas-elleni-sampon-400ml-rozmaringkivonattal
2026-08-20,Rossmann,Pantene,Hajápolás,Pantene Bond Repair Miracles balzsam - 160 ml,160 ml,160.0,ml,8700216191708,1899.0,Nincs készleten 1 899 Ft 11 869 Ft/l,https://shop.rossmann.hu/termek/pantene-bond-repair-miracles-balzsam-160-ml
2026-08-20,Rossmann,Pantene,Hajápolás,Pantene Hydration Recharge Heat & Glow szérum - 135 ml,135 ml,135.0,ml,8006530007740,3099.0,Nincs készleten 3 099 Ft 22 956 Ft/l,https://shop.rossmann.hu/termek/pantene-pro-v-hydration-recharge-heat-glow-hajon-hagyhato-krem-135ml-hajvedo
2026-08-20,Rossmann,Pantene,Hajápolás,Pantene Intensive Repair hajpakolás gyenge és károsodott hajra - 300 ml,300 ml,300.0,ml,8006540608494,3099.0,Nincs készleten 3 099 Ft 10 330 Ft/l,https://shop.rossmann.hu/termek/pantene-intensive-repair-pakolas-gyenge-es-karosodott-hajra-300-ml
2026-08-20,Rossmann,Pantene,Hajápolás,Pantene Miracles Hydra balzsam - 160 ml,160 ml,160.0,ml,8700216191609,1899.0,Nincs készleten 1 899 Ft 11 869 Ft/l,https://shop.rossmann.hu/termek/pantene-miracles-hydra-balzsam-160-ml
2026-08-20,Rossmann,Pantene,Hajápolás,Pantene Miracles Hydra hajmaszk - 300 ml,300 ml,300.0,ml,8700216173346,4299.0,Nincs készleten 4 299 Ft 14 330 Ft/l,https://shop.rossmann.hu/termek/pantene-miracles-hydra-hajmaszk-300-ml
2026-08-20,Rossmann,Pantene,Hajápolás,Pantene Pro-V Extra Volume sampon - 1000 ml,1000 ml,1000.0,ml,8006540381830,3409.0,Nincs készleten 3 409 Ft 3 409 Ft/l,https://shop.rossmann.hu/termek/pantene-pro-v-extra-volume-sampon-1000-ml
2026-08-20,Rossmann,Pantene,Hajápolás,Pantene Pro-V Infinite Lengths balzsam 275 ml,275 ml,275.0,ml,8700216508957,1999.0,Nincs készleten 1 999 Ft 7 269 Ft/l,https://shop.rossmann.hu/termek/pantene-pro-v-infinite-lengths-balzsam-275-ml
2026-08-20,Rossmann,Pantene,Hajápolás,Pantene Pro-V Intensive Repair 3 Minute Miracle balzsam - 220 ml,220 ml,220.0,ml,8700216500616,2479.0,Nincs készleten 2 479 Ft 11 268 Ft/l,https://shop.rossmann.hu/termek/pantene-pro-v-intensive-repair-3-minute-miracle-balzsam-220-ml
2026-08-20,Rossmann,Pantene,Hajápolás,Pantene Pro-V Intensive Repair balzsam - 800 ml,800 ml,800.0,ml,8700216467391,3759.0,4 699 Ft 5 874 Ft/l,https://shop.rossmann.hu/termek/pantene-pro-v-intensive-repair-balzsam-800-ml
2026-08-20,Rossmann,Pantene,Hajápolás,Pantene Pro-V Intensive Repair regeneráló hajolaj keratinnal és E-vitaminnal - 100 ml,100 ml,100.0,ml,8006540124758,3099.0,Nincs készleten 3 099 Ft 30 990 Ft/l,https://shop.rossmann.hu/termek/pantene-pro-v-intensive-repair-keratinregeneralo-olaj-e-vitaminnal-hajolaj-100-ml
2026-08-20,Rossmann,Pantene,Hajápolás,Pantene Pro-V Perfect-Volume hővédő hajhab biotinnal - 200 ml,200 ml,200.0,ml,8006540346815,2519.0,Nincs készleten 2 519 Ft 12 595 Ft/l,https://shop.rossmann.hu/termek/pantene-pro-v-perfect-volume-hovedo-hajhab-biotinnal-200-ml
2026-08-20,Rossmann,Pantene,Hajápolás,Pantene Pro-V Repair & Protect sampon - 1000 ml,1000 ml,1000.0,ml,8001841617817,3409.0,Nincs készleten 3 409 Ft 3 409 Ft/l,https://shop.rossmann.hu/termek/pantene-sampon-repair-protect-1000-ml
2026-08-20,Rossmann,Pantene,Hajápolás,Pantene Pro-V Vékonyszálú Hajra Ultra Erős hajlakk - 250 ml,250 ml,250.0,ml,8006540650721,2519.0,Nincs készleten 2 519 Ft 10 076 Ft/l,https://shop.rossmann.hu/termek/pantene-pro-v-ultra-eros-hajlakk-vekonyszalu-hajra-250-ml
2026-08-20,Rossmann,Pantene,Hajápolás,Pantene Silky Miracle sampon - 250 ml,250 ml,250.0,ml,8700216336727,1243.0,Nincs készleten 1 243 Ft 4 972 Ft/l,https://shop.rossmann.hu/termek/pantene-silky-glowing-sampon-biotinnal-es-rekonstrualo-keratinnal-szaraz-hajra-250-ml
2026-08-20,Rossmann,Pantene,Hajápolás,Pantene hair rescue shaker hydration - 150 ml,150 ml,150.0,ml,8001841914244,2199.0,Nincs készleten 2 199 Ft 14 660 Ft/l,https://shop.rossmann.hu/termek/pantene-hair-rescue-shaker-hydration-150-ml
2026-08-20,Rossmann,Pantene,Hajápolás,Pantene hair rescue shaker repair - 150 ml,150 ml,150.0,ml,8001841914282,2199.0,Nincs készleten 2 199 Ft 14 660 Ft/l,https://shop.rossmann.hu/termek/pantene-hair-rescue-shaker-repair-150-ml
2026-08-20,Rossmann,Pantene,Hajápolás,Pantene hajolaj argain oil - 100 ml,100 ml,100.0,ml,8006540124833,3099.0,Nincs készleten 3 099 Ft 30 990 Ft/l,https://shop.rossmann.hu/termek/pantene-hajolaj-argain-oil-100-ml
2026-08-20,Rossmann,Pantene,Hajápolás,Pantene Pro-V Infinitely Long sampon - 400 ml,400 ml,400.0,ml,8700216058155,1572.0,Nincs készleten 1 572 Ft 3 930 Ft/l,https://shop.rossmann.hu/termek/pantene-pro-v-infinitely-long-sampon-400-ml
2026-08-20,Rossmann,Pantene,Hajápolás,Pantene Pro-V Intensive Repair sampon károsodott hajra - 400 ml,400 ml,400.0,ml,5410076561834,1508.0,Nincs készleten 1 508 Ft 3 770 Ft/l,https://shop.rossmann.hu/termek/pantene-pro-v-intensive-repair-sampon-szaraz-karosodott-hajra-400-ml
2026-08-20,Rossmann,Pantene,Hajápolás,Pantene Molecular Bond Repair sampon biotinnal - 250 ml,250 ml,250.0,ml,8700216323598,1243.0,Nincs készleten 1 243 Ft 4 972 Ft/l,https://shop.rossmann.hu/termek/pantene-bond-repair-miracles-sampon-250-ml
2026-08-20,Rossmann,Pantene,Hajápolás,Pantene Silky & Glowing balzsam biotinnal és rekonstruáló keratinnal - 160 ml,160 ml,160.0,ml,8700216334396,1899.0,Nincs készleten 1 899 Ft 11 869 Ft/l,https://shop.rossmann.hu/termek/pantene-silky-glowing-balzsam-biotinnal-es-rekonstrualo-keratinnal-160-ml
2026-08-20,Rossmann,Pantene,Hajápolás,Pantene Light Summer Glow hajpermet - 200 ml,200 ml,200.0,ml,8006530050999,3399.0,Nincs készleten 3 399 Ft 16 995 Ft/l,https://shop.rossmann.hu/termek/pantene-light-summer-glow-hajpermet-200-ml
2026-08-20,Rossmann,Pantene,Hajápolás,Pantene Pro-V Lively Repair sampon festett hajra - 400 ml,400 ml,400.0,ml,5410076562794,1508.0,Nincs készleten 1 508 Ft 3 770 Ft/l,https://shop.rossmann.hu/termek/pantene-pro-v-protect-shine-sampon-festett-hajra-400-ml
2026-08-20,Rossmann,Pantene,Hajápolás,Pantene Pro-V Intensive Repair balzsam - 275 ml,275 ml,275.0,ml,8700216422338,1999.0,Nincs készleten 1 999 Ft 7 269 Ft/l,https://shop.rossmann.hu/termek/pantene-pro-v-intensive-repair-balzsam-275-ml
2026-08-20,Rossmann,Pantene,Hajápolás,Pantene ampulla repair & protect (3x15 ml) - 45 ml,45 ml,45.0,ml,4015600592431,2549.0,Nincs készleten 2 549 Ft 56 644 Ft/l,https://shop.rossmann.hu/termek/pantene-ampulla-repair-protect-3x15-ml-45-ml
2026-08-20,Rossmann,Pantene,Hajápolás,Pantene Grow Abundant sampon - 290 ml,290 ml,290.0,ml,8006530060110,2510.0,Nincs készleten 2 510 Ft 8 655 Ft/l,https://shop.rossmann.hu/termek/pantene-grow-abundant-sampon-290-ml
2026-08-20,Rossmann,Pantene,Hajápolás,Pantene Grow Abundant balzsam - 250 ml,250 ml,250.0,ml,8006530059169,3199.0,Nincs készleten 3 199 Ft 12 796 Ft/l,https://shop.rossmann.hu/termek/pantene-grow-hajhullas-elleni-balzsam-xxx-ml-vekony-szalu-elgyengult-hajra
2026-08-20,Rossmann,Pantene,Hajápolás,Pantene Grow Abundant hajmaszk - 300 ml,300 ml,300.0,ml,8006530058988,3299.0,Nincs készleten 3 299 Ft 10 997 Ft/l,https://shop.rossmann.hu/termek/pantene-grow-hajhullas-elleni-pakolas-300ml-karosodott-hajra-10x-erosebb-hajat-eredmenyez
2026-08-20,Rossmann,Pantene,Hajápolás,Pantene Grow Abundant szérum - 60 ml,60 ml,60.0,ml,8006530088909,7299.0,Nincs készleten 7 299 Ft 121 650 Ft/l,https://shop.rossmann.hu/termek/pantene-hajhullas-elleni-fejborapolo-szerum-60ml-surubb-hosszabb-dusabb-haj-niacinamiddal
2026-08-20,Rossmann,Pantene,Hajápolás,Pantene Miracles Hydra sampon - 250 ml,250 ml,250.0,ml,8700216323512,1243.0,Nincs készleten 1 243 Ft 4 972 Ft/l,https://shop.rossmann.hu/termek/pantene-miracles-hydra-sampon-250-ml
2026-08-20,Rossmann,Pantene,Hajápolás,Pantene Molecular Bond Repair hajon hagyható krém - 300 ml,300 ml,300.0,ml,8700216630696,4299.0,Nincs készleten 4 299 Ft 14 330 Ft/l,https://shop.rossmann.hu/termek/pantene-molecular-bond-repair-hajon-hagyhato-krem-300-ml
2026-08-20,Rossmann,Pantene,Hajápolás,Pantene Molecular Bond Repair szérum - 90 ml,90 ml,90.0,ml,8700216637299,3099.0,Nincs készleten 3 099 Ft 34 433 Ft/l,https://shop.rossmann.hu/termek/pantene-molecular-bond-repair-hajon-hagyhato-krem-90ml-pro-v-koncentralt-formulaju-hajpakolas
2026-08-20,Rossmann,Pantene,Hajápolás,Pantene Pro-V Aqua Light sampon - 400 ml,400 ml,400.0,ml,5410076561223,1508.0,Nincs készleten 1 508 Ft 3 770 Ft/l,https://shop.rossmann.hu/termek/pantene-pro-v-aqua-light-sampon-400-ml
2026-08-20,Rossmann,Pantene,Hajápolás,Pantene Pro-V Aqualight balzsam - 275 ml,275 ml,275.0,ml,8700216509015,1999.0,Nincs készleten 1 999 Ft 7 269 Ft/l,https://shop.rossmann.hu/termek/pantene-pro-v-aqualight-balzsam-275-ml
2026-08-20,Rossmann,Pantene,Hajápolás,Pantene Pro-V Color Protect balzsam - 275 ml,275 ml,275.0,ml,8700216508933,1999.0,Nincs készleten 1 999 Ft 7 269 Ft/l,https://shop.rossmann.hu/termek/pantene-pro-v-color-protect-balzsam-275-ml
2026-08-20,Rossmann,Pantene,Hajápolás,Pantene Pro-V Hydration Recharge 3 Minute Miracle balzsam - 220 ml,220 ml,220.0,ml,8700216938860,2479.0,Nincs készleten 2 479 Ft 11 268 Ft/l,https://shop.rossmann.hu/termek/pantene-pro-v-hydration-recharge-3-minute-miracle-balzsam-220ml-rendkivul-szaraz-hajra
2026-08-20,Rossmann,Pantene,Hajápolás,Pantene Hydration Recharge Keratin Protect hajpakolás - 300 ml,300 ml,300.0,ml,8700216938761,2999.0,Nincs készleten 2 999 Ft 9 997 Ft/l,https://shop.rossmann.hu/termek/pantene-pro-v-hydration-recharge-keratin-protect-hajpakolas-300ml-rendkivul-szaraz-hajra
2026-08-20,Rossmann,Pantene,Hajápolás,Pantene Hydration Recharge balzsam - 275 ml,275 ml,275.0,ml,8700216938839,2149.0,Nincs készleten 2 149 Ft 7 815 Ft/l,https://shop.rossmann.hu/termek/pantene-pro-v-hydration-recharge-konnyed-balzsam-275ml-normal-es-szaraz-hajra
2026-08-20,Rossmann,Pantene,Hajápolás,Pantene Moisture sampon - 400 ml,400 ml,400.0,ml,8700216938808,1572.0,Nincs készleten 1 572 Ft 3 930 Ft/l,https://shop.rossmann.hu/termek/pantene-pro-v-hydration-recharge-sampon-400ml-taplalja-a-normal-es-szaraz-hajat
2026-08-20,Rossmann,Pantene,Hajápolás,Pantene Pro-V Intensive Repair 3in1 sampon károsodott hajra - 325 ml,325 ml,325.0,ml,8700216509022,1278.0,Nincs készleten 1 278 Ft 3 932 Ft/l,https://shop.rossmann.hu/termek/pantene-pro-v-intensive-repair-3-az-1-ben-sampon-325-ml
2026-08-20,Rossmann,Pantene,Hajápolás,Pantene Pro-V Intensive Repair balzsam - 160 ml,160 ml,160.0,ml,8700216508834,1249.0,Nincs készleten 1 249 Ft 7 806 Ft/l,https://shop.rossmann.hu/termek/pantene-pro-v-intensive-repair-balzsam-160-ml
2026-08-20,Rossmann,Pantene,Hajápolás,Pantene Pro-V I x Keith Haring Intensive Repair sampon - 250 ml,250 ml,250.0,ml,8700216779463,1043.0,Nincs készleten 1 043 Ft 4 172 Ft/l,https://shop.rossmann.hu/termek/pantene-pro-v-intensive-repairprotect-sampon-250-me
2026-08-20,Rossmann,Pantene,Hajápolás,Pantene Pro-V Keratin Infinitely Long hajmaszk - 300 ml,300 ml,300.0,ml,8700216058056,2999.0,Nincs készleten 2 999 Ft 9 997 Ft/l,https://shop.rossmann.hu/termek/pantene-pro-v-keratin-infinitely-long-hajmaszk-300-ml
2026-08-20,Rossmann,Pantene,Hajápolás,Pantene Pro-V Perfect-Curls hővédő hajhab kókuszolajjal - 200 ml,200 ml,200.0,ml,8006540349007,2519.0,Nincs készleten 2 519 Ft 12 595 Ft/l,https://shop.rossmann.hu/termek/pantene-pro-v-perfect-curls-hovedo-hajhab-kokuszolajjal-200-ml
2026-08-20,Rossmann,Pantene,Hajápolás,Pantene Pro V Robert Indiana Artist hajolaj - 100 ml,100 ml,100.0,ml,8006530274661,3099.0,Nincs készleten 3 099 Ft 30 990 Ft/l,https://shop.rossmann.hu/termek/pantene-pro-v-x-robert-indiana-artist-edition-intensive-repair-hajapolo-olaj-100-ml
2026-08-20,Rossmann,Pantene,Hajápolás,Pantene Pro V Robert Indiana Artist maszk - 300 ml,300 ml,300.0,ml,8006530274869,2999.0,Nincs készleten 2 999 Ft 9 997 Ft/l,https://shop.rossmann.hu/termek/pantene-pro-v-x-robert-indiana-artist-edition-intensive-repair-hajpakolas-300-ml
2026-08-20,Rossmann,Pantene,Hajápolás,Pantene Pro V Robert Indiana Artist hajpakolás - 220 ml,220 ml,220.0,ml,8006530275088,2479.0,Nincs készleten 2 479 Ft 11 268 Ft/l,https://shop.rossmann.hu/termek/pantene-pro-v-x-robert-indiana-artist-edition-intensive-repair-melyapolo-pakolas-220-ml
2026-08-20,Rossmann,Pantene,Hajápolás,Pantene Pro V Robert Indiana sampon - 250 ml,250 ml,250.0,ml,8006530274722,1043.0,Nincs készleten 1 043 Ft 4 172 Ft/l,https://shop.rossmann.hu/termek/pantene-pro-v-x-robert-indiana-artist-edition-intensive-repair-miracle-sampon-250-ml
2026-08-20,Rossmann,Pantene,Hajápolás,Pantene Pro-V Intensive Repair Duopack sampon és balzsam - 675 ml,675 ml,675.0,ml,8700216808675,2480.0,Nincs készleten 2 480 Ft 3 674 Ft/l,https://shop.rossmann.hu/termek/pantene-repair-sampon-es-balzsam-675-ml
2026-08-20,Rossmann,Aussie,Hajápolás,Aussie 3 Minute Miracle Deeep Moisture mélyhidratáló balzsam - 250 ml,250 ml,250.0,ml,8700216924603,3499.0,Nincs készleten 3 499 Ft 13 996 Ft/l,https://shop.rossmann.hu/termek/aussie-3-minute-miracle-deeep-moisture-melyhidratalo-balzsam-250ml
2026-08-20,Rossmann,Aussie,Hajápolás,Aussie Oh My Gloss Moisture-Mazing szérum - 160 ml,160 ml,160.0,ml,8700216923125,3399.0,Nincs készleten 3 399 Ft 21 244 Ft/l,https://shop.rossmann.hu/termek/aussie-oh-my-gloss-moisture-mazing-hajon-hagyhato-szerum-160ml-fenyfokozo-hatas
2026-08-20,Rossmann,Aussie,Hajápolás,Aussie SOS Hair Rescue szérum olaj - 100 ml,100 ml,100.0,ml,8006540004876,3399.0,Nincs készleten 3 399 Ft 33 990 Ft/l,https://shop.rossmann.hu/termek/aussie-sos-hair-rescue-szerum-olaj-100-ml
2026-08-20,Rossmann,Aussie,Hajápolás,Aussie SOS Repair & Revive balzsam - 200 ml,200 ml,200.0,ml,8700216440929,3399.0,Nincs készleten 3 399 Ft 16 995 Ft/l,https://shop.rossmann.hu/termek/aussie-sos-repair-revive-balzsam-200-ml
2026-08-20,Rossmann,Aussie,Hajápolás,"Aussie SOS Repair & Revive sampon száraz, igénybevett, károsodott hajra - 300 ml",300 ml,300.0,ml,8700216421300,2017.0,Nincs készleten 2 017 Ft 6 723 Ft/l,https://shop.rossmann.hu/termek/aussie-sos-repair-revive-sampon-300-ml
2026-08-20,Rossmann,Aussie,Hajápolás,Aussie SOS Repair Masque Intensive hajpakolás - 500 ml,500 ml,500.0,ml,8700216441063,4599.0,Nincs készleten 4 599 Ft 9 198 Ft/l,https://shop.rossmann.hu/termek/aussie-sos-repair-masque-intensive-hajpakolas-500-ml
2026-08-20,Rossmann,Aussie,Hajápolás,Aussie SOS 1 Minute Miracle Repair Rescue hajmask - 250 ml,250 ml,250.0,ml,8700216437264,3499.0,Nincs készleten 3 499 Ft 13 996 Ft/l,https://shop.rossmann.hu/termek/aussie-sos-1-minute-miracle-repair-rescue-hajmask-250-ml
2026-08-20,Rossmann,Aussie,Hajápolás,Aussie SOS Hydration szérum - 160 ml,160 ml,160.0,ml,8700216441094,3399.0,Nincs készleten 3 399 Ft 21 244 Ft/l,https://shop.rossmann.hu/termek/aussie-sos-hydration-szerum-160-ml
2026-08-20,Rossmann,Aussie,Hajápolás,Aussie Deep Hyd sampon - 300 ml,300 ml,300.0,ml,8700216923446,1949.0,Nincs készleten 1 949 Ft 6 497 Ft/l,https://shop.rossmann.hu/termek/aussie-deep-hyd-sampon-300-ml
2026-08-20,Rossmann,Aussie,Hajápolás,Aussie Deep Hydration balzsam - 200 ml,200 ml,200.0,ml,8700216923781,3399.0,Nincs készleten 3 399 Ft 16 995 Ft/l,https://shop.rossmann.hu/termek/aussie-deep-hydration-balzsam-200-ml
2026-08-20,Rossmann,Aussie,Hajápolás,Aussie Gloss sampon - 200 ml,200 ml,200.0,ml,8700216923132,1949.0,Nincs készleten 1 949 Ft 9 745 Ft/l,https://shop.rossmann.hu/termek/aussie-oh-my-gloss-sampon-300ml-melyhidratalja-a-szaraz-fako-hajat-szulfatmentes
2026-08-20,Rossmann,Aussie,Hajápolás,Aussie Oh My Gloss balzsam - 200 ml,200 ml,200.0,ml,8700216923057,3399.0,Nincs készleten 3 399 Ft 16 995 Ft/l,https://shop.rossmann.hu/termek/aussie-oh-my-gloss-hidratalo-balzsam-200ml-puhava-es-selymesse-varazsolja-a-szaraz-hajat
2026-08-20,Rossmann,Aussie,Hajápolás,Aussie SOS Heat Protection hajápoló -100 ml,100 ml,100.0,ml,8001841555881,3399.0,Nincs készleten 3 399 Ft 33 990 Ft/l,https://shop.rossmann.hu/termek/aussie-spray-sos-heat-100-ml
2026-08-20,Rossmann,Aussie,Hajápolás,Aussie SOS Supercharged Hydration haj- és fejbőrmaszk - 500 ml,500 ml,500.0,ml,8700216441032,4599.0,Nincs készleten 4 599 Ft 9 198 Ft/l,https://shop.rossmann.hu/termek/aussie-sos-supercharged-hydration-haj-es-fejbormaszk-500-ml
2026-08-20,Rossmann,Gillette,Borotválkozás & testápolás,Gillette Blue II Plus eldobható borotva - 14 db,14 db,14.0,db,7702018466979,2299.0,Nincs készleten 2 299 Ft 164 Ft/db,https://shop.rossmann.hu/termek/gillette-blueii-plus-eldobhato-borotvak-kremezocsikkal-14-db
2026-08-20,Rossmann,Gillette,Borotválkozás & testápolás,Gillette Blue3 Plus eldobható borotva - 8 db,8 db,8.0,db,7702018536320,2608.0,Nincs készleten 2 608 Ft 326 Ft/db,https://shop.rossmann.hu/termek/gillette-blue3-nitro-eldobhato-ferfi-borotva-8-db
2026-08-20,Rossmann,Gillette,Borotválkozás & testápolás,Gillette Blue3 Plus eldobható borotva 3 pengés - 6 db,6 db,6.0,db,7702018362585,2224.0,Nincs készleten 2 224 Ft 371 Ft/db,https://shop.rossmann.hu/termek/gillette-blue3-eldobhato-borotva-3-penges-6-db
2026-08-20,Rossmann,Gillette,Borotválkozás & testápolás,Gillette Blue3 Sensitive eldobható borotva 3 pengés - 3 db,3 db,3.0,db,7702018490080,1600.0,Nincs készleten 1 600 Ft 533 Ft/db,https://shop.rossmann.hu/termek/gillette-blue-3-sensitive-eldobhato-borotva-3-db-1
2026-08-20,Rossmann,Gillette,Borotválkozás & testápolás,Gillette Blue3 Sensitive eldobható borotva 3 pengés - 6 db,6 db,6.0,db,7702018490134,2224.0,Nincs készleten 2 224 Ft 371 Ft/db,https://shop.rossmann.hu/termek/gillette-blue3-sensitive-eldobhato-borotva-3-penges-6-db
2026-08-20,Rossmann,Gillette,Borotválkozás & testápolás,Gillette Body & Intimate trimmer szett - 1 db,1 db,1.0,db,8700216631204,18399.0,22 999 Ft 22 999 Ft/db,https://shop.rossmann.hu/termek/gillette-body-intimate-trimmer-szett-1-db
2026-08-20,Rossmann,Gillette,Borotválkozás & testápolás,Gillette Fusion Moisturising borotvazselé - 200ml,200 ml,200.0,ml,7702018465156,1438.0,Nincs készleten 1 438 Ft 7 190 Ft/l,https://shop.rossmann.hu/termek/gillette-fusion-moisturising-borotvazsele-200ml
2026-08-20,Rossmann,Gillette,Borotválkozás & testápolás,Gillette Fusion ProGlide Power Flexball elemes borotvakészülék - 1 db,1 db,1.0,db,7702018390786,9499.0,Nincs készleten 9 499 Ft 9 499 Ft/db,https://shop.rossmann.hu/termek/gillette-fusion-proglide-power-elemes-borotvakeszulek-1-db
2026-08-20,Rossmann,Gillette,Borotválkozás & testápolás,Gillette Fusion Proglide Flexball borotvakészülék + 2 db borotvabetét - 1 db,1 db,1.0,db,7702018390816,6999.0,Nincs készleten 6 999 Ft 6 999 Ft/db,https://shop.rossmann.hu/termek/gillette-fusion-proglide-borotva-borotvabetettel-1-db
2026-08-20,Rossmann,Gillette,Borotválkozás & testápolás,Gillette Fusion5 Proglide borotvabetét - 4 db,4 db,4.0,db,7702018085514,8084.0,Nincs készleten 8 084 Ft 2 021 Ft/db,https://shop.rossmann.hu/termek/gillette-fusion-proglide-5-penges-borotvabetet-4-db
2026-08-20,Rossmann,Gillette,Borotválkozás & testápolás,Gillette Fusion5 borotvakészülék + 2 db borotvabetét - 1 db,1 db,1.0,db,7702018866946,6599.0,Nincs készleten 6 599 Ft 6 599 Ft/db,https://shop.rossmann.hu/termek/gillette-fusion-keszulek-2-db-betet
2026-08-20,Rossmann,Gillette,Borotválkozás & testápolás,Gillette King C. szakáll&arcmosó - 350 ml,350 ml,350.0,ml,8006540150375,4999.0,Nincs készleten 4 999 Ft 14 283 Ft/l,https://shop.rossmann.hu/termek/gillette-king-c-szakallmoso-350-ml
2026-08-20,Rossmann,Gillette,Borotválkozás & testápolás,Gillette King C. szakállbalzsam - 100 ml,100 ml,100.0,ml,8006540150450,4999.0,Nincs készleten 4 999 Ft 49 990 Ft/l,https://shop.rossmann.hu/termek/gillette-king-c-szakallbalzsam-100-ml
2026-08-20,Rossmann,Gillette,Borotválkozás & testápolás,Gillette Mach 3 borotvabetét - 5 db,5 db,5.0,db,7702018552313,5801.0,Nincs készleten 5 801 Ft 1 160 Ft/db,https://shop.rossmann.hu/termek/gillette-mach-3-borotvabetet-5-db
2026-08-20,Rossmann,Gillette,Borotválkozás & testápolás,Gillette Mach3 borotvabetét - 16 db,16 db,16.0,db,7702018582907,11867.0,Nincs készleten 11 867 Ft 742 Ft/db,https://shop.rossmann.hu/termek/gillette-mach3-ferfi-borotvabetet-16-db
2026-08-20,Rossmann,Gillette,Borotválkozás & testápolás,Gillette Mach3 borotvabetét - 8 db,8 db,8.0,db,8700216066556,7604.0,Nincs készleten 7 604 Ft 951 Ft/db,https://shop.rossmann.hu/termek/gillette-mach3-borotvabetetek-ferfi-borotvahoz-8-db
2026-08-20,Rossmann,Gillette,Borotválkozás & testápolás,Gillette Mach3 borotvakészülék + 12 db borortvabetét - 1 db,1 db,1.0,db,7702018425853,16999.0,Nincs készleten 16 999 Ft 16 999 Ft/db,https://shop.rossmann.hu/termek/gillette-mach3-ferfi-borotva-keszulek-es-12-db-borortvabetet-1-db
2026-08-20,Rossmann,Gillette,Borotválkozás & testápolás,Gillette Mach3 borotvakészülék + 2 db borotvabetét - 1 db,1 db,1.0,db,7702018020676,4399.0,Nincs készleten 4 399 Ft 4 399 Ft/db,https://shop.rossmann.hu/termek/gillette-mach-3-borotva-2-potfej
2026-08-20,Rossmann,Gillette,Borotválkozás & testápolás,Gillette ProGlide borotvakészülék + 10 db borotvabetét - 1 db,1 db,1.0,db,7702018425198,22999.0,Nincs készleten 22 999 Ft 22 999 Ft/db,https://shop.rossmann.hu/termek/gillette-proglide-ferfi-borotvakeszulek-es-10-db-borotvabetet-1-db
2026-08-20,Rossmann,Gillette,Borotválkozás & testápolás,Gillette ProGlide férfi borotvanyél + 4 borotvabetét + állvány - 1 db,1 db,1.0,db,8700216357227,9599.0,11 999 Ft 11 999 Ft/db,https://shop.rossmann.hu/termek/gillette-proglide-ferfi-borotva-5-db-borotvabetettel-1-db
2026-08-20,Rossmann,Gillette,Borotválkozás & testápolás,Gillette Satin Care Aloe Vera Glide borotvazselé - 200 ml,200 ml,200.0,ml,3014260223007,1413.0,Nincs készleten 1 413 Ft 7 065 Ft/l,https://shop.rossmann.hu/termek/gillette-venus-satincare-sensitive-skin-borotvazsele-200ml
2026-08-20,Rossmann,Gillette,Borotválkozás & testápolás,Gillette Satin Care Shea Butter Silk borotvazselé - 200 ml,200 ml,200.0,ml,7702018012466,1413.0,Nincs készleten 1 413 Ft 7 065 Ft/l,https://shop.rossmann.hu/termek/gillette-satin-care-dry-skin-noi-borotvazsele-200-ml
2026-08-20,Rossmann,Gillette,Borotválkozás & testápolás,Gillette Series Arctic Ice Bold borotválkozás utáni arcszesz - 100 ml,100 ml,100.0,ml,7702018620180,3499.0,Nincs készleten 3 499 Ft 34 990 Ft/l,https://shop.rossmann.hu/termek/gillette-arctic-ice-borotvalkozas-utani-arcviz-100-ml
2026-08-20,Rossmann,Gillette,Borotválkozás & testápolás,Gillette Series Cool borotvazselé - 200 ml,200 ml,200.0,ml,7702018457786,1320.0,Nincs készleten 1 320 Ft 6 600 Ft/l,https://shop.rossmann.hu/termek/gillette-series-cool-borotva-zsele-200-ml
2026-08-20,Rossmann,Gillette,Borotválkozás & testápolás,"Gillette Styler testszőrzet- és szakálltrimmelő, borotva és kontúrformázó - 1 db",1 db,1.0,db,7702018273386,12367.0,15 459 Ft 15 459 Ft/db,https://shop.rossmann.hu/termek/gillette-4az1-ben-borotvkeszulek-1-borotvafej-1-db
2026-08-20,Rossmann,Gillette,Borotválkozás & testápolás,Gillette Stift Arctic Ice deo gélstift - 70 ml,70 ml,70.0,ml,8006530030502,1560.0,Nincs készleten 1 560 Ft 22 286 Ft/l,https://shop.rossmann.hu/termek/gillette-arctic-ice-izzadasgatlo-gel-ferfiaknak-70-ml
2026-08-20,Rossmann,Gillette,Borotválkozás & testápolás,Gillette Blue3 Comfort Slalom eldobható borotva 3 pengés - 3 db,3 db,3.0,db,7702018547319,960.0,Nincs készleten 960 Ft 320 Ft/db,https://shop.rossmann.hu/termek/gillette-blue-3-comfort-slalom-eldobhato-borotva-3-pengeju-3-db
2026-08-20,Rossmann,Gillette,Borotválkozás & testápolás,Gillette Blue 3 eldobható borotva - 8 db,8 db,8.0,db,7702018489978,2608.0,Nincs készleten 2 608 Ft 326 Ft/db,https://shop.rossmann.hu/termek/gillette-blue-3-eldobhato-borotva-8-db
2026-08-20,Rossmann,Gillette,Borotválkozás & testápolás,Gillette Blue2 Plus eldobható borotva 2 pengés - 5 db,5 db,5.0,db,3014260283254,1264.0,Nincs készleten 1 264 Ft 253 Ft/db,https://shop.rossmann.hu/termek/gillette-blue-ii-plus-eldobhato-borotva-5-db
2026-08-20,Rossmann,Gillette,Borotválkozás & testápolás,Gillette Blue3 Comfort eldobható borotva - 12 db,12 db,12.0,db,8700216148092,3874.0,Nincs készleten 3 874 Ft 323 Ft/db,https://shop.rossmann.hu/termek/gillette-blue3-comfort-eldobhato-borotva-3-penges-12-db
2026-08-20,Rossmann,Gillette,Borotválkozás & testápolás,Gillette Blue3 Comfort eldobható borotva 3 pengés - 4 db,4 db,4.0,db,7702018489787,1600.0,Nincs készleten 1 600 Ft 400 Ft/db,https://shop.rossmann.hu/termek/gillette-blue3-plus-comfort-eldobhato-borotva-3-penges-31-db-1-db
2026-08-20,Rossmann,Gillette,Borotválkozás & testápolás,Gillette Blue3 Plus Nitro eldobható borotva 3 pengés - 12 db,12 db,12.0,db,8700216148146,3874.0,Nincs készleten 3 874 Ft 323 Ft/db,https://shop.rossmann.hu/termek/gillette-blue3-plus-nitro-potpenge-12-db-1-db
2026-08-20,Rossmann,Gillette,Borotválkozás & testápolás,Gillette Blue3 Plus eldobható borotva 3 pengés - 4 db,4 db,4.0,db,8700216423489,1600.0,Nincs készleten 1 600 Ft 400 Ft/db,https://shop.rossmann.hu/termek/gillette-blue3-plus-red-eldobhato-borotva-31-db-1-db
2026-08-20,Rossmann,Gillette,Borotválkozás & testápolás,Gillette Body & Intimate borotvakrém és bőrtisztító - 177 ml,177 ml,177.0,ml,8700216600132,3599.0,4 499 Ft 25 418 Ft/l,https://shop.rossmann.hu/termek/gillette-body-intimate-borotvakrem-es-bortisztito-150-ml
2026-08-20,Rossmann,Gillette,Borotválkozás & testápolás,Gillette Gold Champion deo gélstift - 70ml,70 ml,70.0,ml,8006530030045,1560.0,Nincs készleten 1 560 Ft 22 286 Ft/l,https://shop.rossmann.hu/termek/gillette-champion-gold-izzadasgatlo-gel-ferfiaknak-70-ml
2026-08-20,Rossmann,Gillette,Borotválkozás & testápolás,Gillette Original Scent borotvahab - 250 ml,250 ml,250.0,ml,8006530159203,1045.0,Nincs készleten 1 045 Ft 4 180 Ft/l,https://shop.rossmann.hu/termek/gillette-classic-borotvahab-original-illattal-gyors-es-egyszeru-borotvalkozas-250ml
2026-08-20,Rossmann,Gillette,Borotválkozás & testápolás,Gillette Sensitive borotvahab - 250 ml,250 ml,250.0,ml,8006530159142,1045.0,Nincs készleten 1 045 Ft 4 180 Ft/l,https://shop.rossmann.hu/termek/gillette-classic-sensitive-borotvahab-erzekeny-borre-250-ml
2026-08-20,Rossmann,Gillette,Borotválkozás & testápolás,Gillette Stift Cool Wave deo stiftgél - 70 ml,70 ml,70.0,ml,8006530030564,1560.0,Nincs készleten 1 560 Ft 22 286 Ft/l,https://shop.rossmann.hu/termek/gillette-cool-wave-izzadasgatlo-gel-ferfiaknak-70-ml
2026-08-20,Rossmann,Gillette,Borotválkozás & testápolás,Gillette Fusion5 borotvabetét - 4 db,4 db,4.0,db,7702018866984,6979.0,Nincs készleten 6 979 Ft 1 745 Ft/db,https://shop.rossmann.hu/termek/gillette-fusion-borotvabetet-4-db
2026-08-20,Rossmann,Gillette,Borotválkozás & testápolás,Gillette Fusion Skin Sensitive borotvazselé - 200 ml,200 ml,200.0,ml,7702018617098,1692.0,Nincs készleten 1 692 Ft 8 460 Ft/l,https://shop.rossmann.hu/termek/gillette-fusion-skin-sensitive-borotvazsele-mandulaolajjal-200ml
2026-08-20,Rossmann,Gillette,Borotválkozás & testápolás,Gillette Fusion5 borotvabetét - 16 db,16 db,16.0,db,8001090819536,17663.0,Nincs készleten 17 663 Ft 1 104 Ft/db,https://shop.rossmann.hu/termek/gillette-fusion5-borortva-betet-5-penges-16-db
2026-08-20,Rossmann,Gillette,Borotválkozás & testápolás,Gillette Fusion5 borotvakészülék + 11 db borotvabetét - 1 db,1 db,1.0,db,7702018425761,22999.0,Nincs készleten 22 999 Ft 22 999 Ft/db,https://shop.rossmann.hu/termek/gillette-fusion5-borotva-11-db-betet-1db
2026-08-20,Rossmann,Gillette,Borotválkozás & testápolás,Gillette Fusion5 borotvabetét 5 pengés - 12 db,12 db,12.0,db,8006540986141,13999.0,14 397 Ft 1 200 Ft/db,https://shop.rossmann.hu/termek/gillette-fusion5-borotvabetetek-ferfi-borotvahoz-12-borotvabetetek-5-penge-precizios-nyiro
2026-08-20,Rossmann,Gillette,Borotválkozás & testápolás,Gillette Fusion5 borotvabetét - 8 db,8 db,8.0,db,8006540989197,11621.0,Nincs készleten 11 621 Ft 1 453 Ft/db,https://shop.rossmann.hu/termek/gillette-fusion5-borotvabetetek-ferfi-borotvahoz-8-db
2026-08-20,Rossmann,Gillette,Borotválkozás & testápolás,Gillette Fusion5 borotvakészülék 11 db borotvabetéttel 5 pengés - 1 db,1 db,1.0,db,8006540764459,5099.0,16 999 Ft 16 999 Ft/db,https://shop.rossmann.hu/termek/gillette-fusion5-ferfi-borotva-1-db-gillette-borotva-11-db-borotvabetet
2026-08-20,Rossmann,Gillette,Borotválkozás & testápolás,Gillette Fusion5 borotva készülék + 5 db borotvabetéttel - 1 db,1 db,1.0,db,8700216356794,11439.0,14 299 Ft 14 299 Ft/db,https://shop.rossmann.hu/termek/gillette-fusion5-ferfi-borotva-5-db-borotvabetettel-1-db
2026-08-20,Rossmann,Gillette,Borotválkozás & testápolás,Gillette King C. borotvapenge - 10 db,10 db,10.0,db,7702018590179,1581.0,Nincs készleten 1 581 Ft 158 Ft/db,https://shop.rossmann.hu/termek/gillette-king-c-double-edge-borotvabetet-10-db
2026-08-20,Rossmann,Gillette,Borotválkozás & testápolás,Gillette King C.Double Edge borotvakészülék +5 db borotvabetét - 1 db,1 db,1.0,db,7702018590148,7699.0,Nincs készleten 7 699 Ft 7 699 Ft/db,https://shop.rossmann.hu/termek/gillette-king-c-double-edge-borotvakeszulek-5-penge-1-db
2026-08-20,Rossmann,Gillette,Borotválkozás & testápolás,Gillette King C. szakáll trimmer - 1 db,1 db,1.0,db,8700216659659,22999.0,Nincs készleten 22 999 Ft 22 999 Ft/db,https://shop.rossmann.hu/termek/gillette-king-c-szakall-trimmer-1-db
2026-08-20,Rossmann,Gillette,Borotválkozás & testápolás,Gillette Labs borotvagél - 198 ml,198 ml,198.0,ml,8006530215138,1984.0,Nincs készleten 1 984 Ft 10 020 Ft/l,https://shop.rossmann.hu/termek/gillette-labs-rapid-foaming-borotvazsele-borotvazsele-ferfiaknak-198-ml
2026-08-20,Rossmann,Gillette,Borotválkozás & testápolás,Gillette Mach 3 borotvakészülék + 5 borotvabetét - 1 db,1 db,1.0,db,7702018610181,6799.0,8 499 Ft 8 499 Ft/db,https://shop.rossmann.hu/termek/gillette-mach-3-borotvakeszulek-5-betet-1-db-1
2026-08-20,Rossmann,Gillette,Borotválkozás & testápolás,Gillette Mach3 Charcoal borotvabetét - 8 db,8 db,8.0,db,8700216085472,7604.0,Nincs készleten 7 604 Ft 951 Ft/db,https://shop.rossmann.hu/termek/gillette-mach3-charcoal-borotvabetetek-ferfi-borotvahoz-8-db
2026-08-20,Rossmann,Gillette,Borotválkozás & testápolás,Gillette Mach3 Charcoal férfi borotva készülék 6 db borotvabetéttel - 1 db,1 db,1.0,db,8700216399807,7799.0,10 399 Ft 10 399 Ft/db,https://shop.rossmann.hu/termek/gillette-mach3-charcoal-ferfi-borotva-keszulek-6-db-borotvabetettel-1-db
2026-08-20,Rossmann,Gillette,Borotválkozás & testápolás,Gillette Mach3 borotvabetét 3 pengés - 12 db,12 db,12.0,db,8006530028875,9599.0,9 615 Ft 801 Ft/db,https://shop.rossmann.hu/termek/gillette-mach3-ferfi-borotvabetetek-12-gillette-3-penges-borotvabetetek
2026-08-20,Rossmann,Gillette,Borotválkozás & testápolás,Gillette Mach3 Extra Comfort borotvazselé - 200 ml,200 ml,200.0,ml,7702018290994,1450.0,Nincs készleten 1 450 Ft 7 250 Ft/l,https://shop.rossmann.hu/termek/gillette-mach3-irritationdefense-borotvazsele200ml
2026-08-20,Rossmann,Gillette,Borotválkozás & testápolás,Gillette Mach3 Turbo borotvapenge - 4 db,4 db,4.0,db,7702018578955,4791.0,Nincs készleten 4 791 Ft 1 198 Ft/db,https://shop.rossmann.hu/termek/gillette-mach3-turbo-borotvapenge-4-db
2026-08-20,Rossmann,Gillette,Borotválkozás & testápolás,Gillette Proglide borotvabetét - 8 db,8 db,8.0,db,8700216066587,13656.0,Nincs készleten 13 656 Ft 1 707 Ft/db,https://shop.rossmann.hu/termek/gillette-proglide-borotvabetetek-ferfi-borotvahoz-8-db
2026-08-20,Rossmann,Gillette,Borotválkozás & testápolás,Gillette Fusion ProGlide borotvakészülék 10 db borotvabetéttel 5 pengés - 1 db,1 db,1.0,db,8006540764343,5399.0,17 999 Ft 17 999 Ft/db,https://shop.rossmann.hu/termek/gillette-proglide-ferfi-borotva-10-db-borotvabetet
2026-08-20,Rossmann,Gillette,Borotválkozás & testápolás,Gillette Proglide borotvabetét 5 pengés - 12 db,12 db,12.0,db,8006530028882,16387.0,Nincs készleten 16 387 Ft 1 366 Ft/db,https://shop.rossmann.hu/termek/gillette-proglide-ferfi-borotvabetetek-12-borotvabetetek-5-penge-precizios-nyiro
2026-08-20,Rossmann,Gillette Venus,Borotválkozás & testápolás,Gillette Venus Satin Care 2 az 1-ben bőrtisztító + borotvazselé - 190 ml,190 ml,190.0,ml,8001090410887,3771.0,Nincs készleten 3 771 Ft 19 847 Ft/l,https://shop.rossmann.hu/termek/gillette-satin-care-bikini-borotvazsele-190-ml
2026-08-20,Rossmann,Gillette Venus,Borotválkozás & testápolás,Gillette Venus Satin Care bőrnyugtató szérum - 50 ml,50 ml,50.0,ml,8001090410795,4999.0,Nincs készleten 4 999 Ft 99 980 Ft/l,https://shop.rossmann.hu/termek/gillette-satin-care-bikini-borsimito-szerum-50-ml
2026-08-20,Rossmann,Gillette,Borotválkozás & testápolás,Gillette Satin Care borotvazselé E-vitaminnal -200 ml,200 ml,200.0,ml,8006530148108,1413.0,Nincs készleten 1 413 Ft 7 065 Ft/l,https://shop.rossmann.hu/termek/gillette-satin-care-noi-borotvazsele-leheletnyi-e-vitaminnal-a-normal-borre-touch-of-vitamin-e
2026-08-20,Rossmann,Gillette,Borotválkozás & testápolás,Gillette Satin Care Vanília borotvazselé - 200 ml,200 ml,200.0,ml,7702018399567,1413.0,Nincs készleten 1 413 Ft 7 065 Ft/l,https://shop.rossmann.hu/termek/gillette-satin-care-vanillla-dream-borotvazsele-200ml
2026-08-20,Rossmann,Gillette,Borotválkozás & testápolás,Gillette Sensor 3+ férfi borotvakészülék 4 db betéttel - 1 db,1 db,1.0,db,8700216639637,2299.0,Nincs készleten 2 299 Ft 2 299 Ft/db,https://shop.rossmann.hu/termek/gillette-sensor-3-kulonleges-kiadas-ferfi-borotva-es-4-db-borotvabetet
2026-08-20,Rossmann,Gillette,Borotválkozás & testápolás,Gillette Series Sensitive borotvazselé - 200 ml,200 ml,200.0,ml,3014260214692,1320.0,Nincs készleten 1 320 Ft 6 600 Ft/l,https://shop.rossmann.hu/termek/gillette-series-borotvagel-erzekeny-borre-200-ml
2026-08-20,Rossmann,Gillette,Borotválkozás & testápolás,Gillette Series Soothing borotvahab - 250 ml,250 ml,250.0,ml,8006530154710,1094.0,Nincs készleten 1 094 Ft 4 376 Ft/l,https://shop.rossmann.hu/termek/gillette-series-nyugtato-hatasu-borotvahab-aloe-veraval-250ml
2026-08-20,Rossmann,Gillette Venus,Borotválkozás & testápolás,Gillette Simply Venus eldobható borotva - 8 db,8 db,8.0,db,7702018465767,1849.0,Nincs készleten 1 849 Ft 231 Ft/db,https://shop.rossmann.hu/termek/gillette-simply-venus3-noi-eldobhato-borotva-3-penges-8-db
2026-08-20,Rossmann,Gillette Venus,Borotválkozás & testápolás,Gillette Simply Venus eldobható borotva - 6 db,6 db,6.0,db,7702018069316,1365.0,Nincs készleten 1 365 Ft 228 Ft/db,https://shop.rossmann.hu/termek/gillette-simply-venusz-eldobhato-noi-borotva-4-2-6-db
2026-08-20,Rossmann,Gillette,Borotválkozás & testápolás,Gillette Sport Triumph deo gélstift - 70 ml,70 ml,70.0,ml,8006530030458,1560.0,Nincs készleten 1 560 Ft 22 286 Ft/l,https://shop.rossmann.hu/termek/gillette-sport-triumph-izzadasgatlo-gel-ferfiaknak-70-ml
2026-08-20,Rossmann,Gillette Venus,Borotválkozás & testápolás,Gillette Venus Dragonfruit eldobható borotva - 3 db,3 db,3.0,db,7702018615001,1039.0,Nincs készleten 1 039 Ft 346 Ft/db,https://shop.rossmann.hu/termek/gillette-venus-3-dragonfruit-eldobhato-borotva-3-db
2026-08-20,Rossmann,Gillette Venus,Borotválkozás & testápolás,Gillette Venus Dragonfruit eldobható borotva - 6 db,6 db,6.0,db,7702018615063,1889.0,Nincs készleten 1 889 Ft 315 Ft/db,https://shop.rossmann.hu/termek/gillette-venus-3-dragonfruit-eldobhato-borotva-6-db
2026-08-20,Rossmann,Gillette Venus,Borotválkozás & testápolás,Gillette Venus bikini borotvakészülék - 1 db,1 db,1.0,db,8006540816769,5499.0,Nincs készleten 5 499 Ft 5 499 Ft/db,https://shop.rossmann.hu/termek/gillette-venus-bikini-borotva-1-db
2026-08-20,Rossmann,Gillette Venus,Borotválkozás & testápolás,Gillette Venus bikini borotvabetét - 3 db,3 db,3.0,db,8006540816837,4774.0,Nincs készleten 4 774 Ft 1 591 Ft/db,https://shop.rossmann.hu/termek/gillette-venus-bikini-borotvabetet-3-db
2026-08-20,Rossmann,Gillette Venus,Borotválkozás & testápolás,Gillette Venus Smooth borotvabetét - 3 db,3 db,3.0,db,3014260262709,4571.0,Nincs készleten 4 571 Ft 1 143 Ft/db,https://shop.rossmann.hu/termek/gillette-venus-borotvabetet-4db
2026-08-20,Rossmann,Gillette Venus,Borotválkozás & testápolás,Gillette Venus ComfortGlide Breeze borotvabetét - 4 db,4 db,4.0,db,7702018886364,5770.0,Nincs készleten 5 770 Ft 1 443 Ft/db,https://shop.rossmann.hu/termek/gillette-venus-breeze-2az1-ben-borotvabetet-4-db-os-kiszerelesben
2026-08-20,Rossmann,Gillette Venus,Borotválkozás & testápolás,Gillette Venus Comfortglide Breeze borotvakészülék + 2 db borotvabetét - 1 db,1 db,1.0,db,7702018886166,4319.0,5 399 Ft 5 399 Ft/db,https://shop.rossmann.hu/termek/gillette-venus-breeze-3-penges-borotva-2-db-borotvabetet-1-db
2026-08-20,Rossmann,Gillette Venus,Borotválkozás & testápolás,Gillette Venus Care bikini hámlasztó - 177 ml,177 ml,177.0,ml,8001090410924,4999.0,Nincs készleten 4 999 Ft 28 243 Ft/l,https://shop.rossmann.hu/termek/gillette-venus-care-bikini-hamlaszto-177-ml
2026-08-20,Rossmann,Gillette Venus,Borotválkozás & testápolás,Gillette Venus Smooth borotvakészülék + borotvabetét - 5 db,5 db,5.0,db,7702018363490,5519.0,6 899 Ft 6 899 Ft/db,https://shop.rossmann.hu/termek/gillette-venus-classic-borotva-4db-betettel-1-db
2026-08-20,Rossmann,Gillette Venus,Borotválkozás & testápolás,Gillette Venus Comfort Colours eldobható borotva 3 pengés - 8 db,8 db,8.0,db,8006530129954,2085.0,Nincs készleten 2 085 Ft 261 Ft/db,https://shop.rossmann.hu/termek/gillette-venus-comfort-colours-eldobhato-borotva-8-dbcsomag
2026-08-20,Rossmann,Gillette,Borotválkozás & testápolás,Gillette Comfortglide Coconut Scent női borotvabetét 5 pengés - 3 db,3 db,3.0,db,8700216674119,6199.0,Nincs készleten 6 199 Ft 2 066 Ft/db,https://shop.rossmann.hu/termek/gillette-venus-comfortglide-coconut-borotvabetet-3-db
2026-08-20,Rossmann,Gillette Venus,Borotválkozás & testápolás,Gillette Venus ComfortGlide Miami borotvakészülék + borotvatartó - 1 db,1 db,1.0,db,8700216674195,5299.0,Nincs készleten 5 299 Ft 5 299 Ft/db,https://shop.rossmann.hu/termek/gillette-venus-comfortglide-miami-noi-borotva-sugarberry-illattal-1-db
2026-08-20,Rossmann,Gillette Venus,Borotválkozás & testápolás,Gillette Venus ComfortGlide Miami borotvabetét - 3 db,3 db,3.0,db,8700216674164,6199.0,Nincs készleten 6 199 Ft 2 066 Ft/db,https://shop.rossmann.hu/termek/gillette-venus-comfortglide-miami-sugarberry-noi-borotvabetet-3-db
2026-08-20,Rossmann,Gillette Venus,Borotválkozás & testápolás,Gillette Venus ComfortGlide női borotvabetét 3 pengés - 6 db,6 db,6.0,db,8700216969314,7769.0,Nincs készleten 7 769 Ft 1 295 Ft/db,https://shop.rossmann.hu/termek/gillette-venus-comfortglide-noi-borotvabetet-breeze-6-borotvabetetek
2026-08-20,Rossmann,Gillette Venus,Borotválkozás & testápolás,Gillette Venus ComfortGlide Spa Breeze borotvakészülék + 4 borotvabetét - 1 db,1 db,1.0,db,7702018469727,7199.0,8 999 Ft 8 999 Ft/db,https://shop.rossmann.hu/termek/gillette-venus-comfortglide-spa-breeze-borotvakeszulek-5-penges-4-borotvabetet-1-db
2026-08-20,Rossmann,Gillette Venus,Borotválkozás & testápolás,Gillette Venus Extra Smooth borotvabetét - 4 db,4 db,4.0,db,7702018955527,6866.0,Nincs készleten 6 866 Ft 1 717 Ft/db,https://shop.rossmann.hu/termek/gillette-venus-embrace-borotvabetet-noi-borotvahoz-4-db-os-kiszereles
2026-08-20,Rossmann,Gillette Venus,Borotválkozás & testápolás,Gillette Venus Extra Comfort Sensitive eldobható borotva - 6 db,6 db,6.0,db,8006530108256,2309.0,Nincs készleten 2 309 Ft 385 Ft/db,https://shop.rossmann.hu/termek/gillette-venus-extra-comfort-sensitive-eldobhato-borotva-6-dbcsomag
2026-08-20,Rossmann,Gillette Venus,Borotválkozás & testápolás,Gillette Venus Extra Smooth női borotvakészülék 4 db betéttel 5 pengés - 1 db,1 db,1.0,db,8700216969956,10999.0,Nincs készleten 10 999 Ft 10 999 Ft/db,https://shop.rossmann.hu/termek/gillette-venus-extra-smooth-noi-borotva-4-borotvabetetekkel
2026-08-20,Rossmann,Gillette Venus,Borotválkozás & testápolás,Gillette Venus Smooth borotva + 2 db borotvabetét - 1 db,1 db,1.0,db,3014260262693,3592.0,4 490 Ft 4 490 Ft/db,https://shop.rossmann.hu/termek/gillette-venus-noi-borotva-2-borotvabetet
2026-08-20,Rossmann,Gillette Venus,Borotválkozás & testápolás,Gillette Venus Pro ComfortGlide Coco női borotvakészülék 3 db betéttel 5 pengés - 1 db,1 db,1.0,db,8700216970105,9599.0,Nincs készleten 9 599 Ft 9 599 Ft/db,https://shop.rossmann.hu/termek/gillette-venus-pro-comfortglide-kokuszillatu-noi-borotva-1-borotvabetet
2026-08-20,Rossmann,Gillette Venus,Borotválkozás & testápolás,Gillette Venus Pro Comfortglide női borotvabetét 5 pengés - 6 db,6 db,6.0,db,8700216969253,10579.0,Nincs készleten 10 579 Ft 1 763 Ft/db,https://shop.rossmann.hu/termek/gillette-venus-pro-comfortglide-sugarberryillatu-noi-borotvabetet-6-borotvabetetek
2026-08-20,Rossmann,Gillette Venus,Borotválkozás & testápolás,Gillette Venus Pro Smooth Sensitive női borotvabetét érzékeny bőrre 5 pengés - 3 db,3 db,3.0,db,8700216968928,6487.0,Nincs készleten 6 487 Ft 2 162 Ft/db,https://shop.rossmann.hu/termek/gillette-venus-pro-smooth-sensitive-noi-borotvabetet-erzekeny-borre-3-borotvabetetek
2026-08-20,Rossmann,Gillette Venus,Borotválkozás & testápolás,Gillette Venus Smooth női borotvabetét - 8 db,8 db,8.0,db,8700216969031,7335.0,Nincs készleten 7 335 Ft 917 Ft/db,https://shop.rossmann.hu/termek/gillette-venus-smooth-noi-borotvabetet-8-borotvabetet
2026-08-20,Rossmann,Gillette Venus,Borotválkozás & testápolás,Gillette Venus eldobható borotva - 6 db,6 db,6.0,db,7702018426201,1889.0,Nincs készleten 1 889 Ft 315 Ft/db,https://shop.rossmann.hu/termek/gillette-venus3-eldobhato-borotva-3-penges-6-db
2026-08-20,Rossmann,Gillette Venus,Borotválkozás & testápolás,Gillette Venus Sensitive eldobható borotva - 6 db,6 db,6.0,db,7702018487158,1889.0,Nincs készleten 1 889 Ft 315 Ft/db,https://shop.rossmann.hu/termek/gillette-venus3-sensitive-3-penges-eldobhato-borotva-6-db
2026-08-20,Rossmann,Gillette,Borotválkozás & testápolás,Gillette Labs borotvabetét 5 pengés - 4 db,4 db,4.0,db,8006530277846,8292.0,Nincs készleten 8 292 Ft 2 073 Ft/db,https://shop.rossmann.hu/termek/gillettelabs-4-borotvabetetet-tartalmazo-csomag
2026-08-20,Rossmann,Gillette,Borotválkozás & testápolás,Gillette Labs borotvabetét 5 pengés - 8 db,8 db,8.0,db,8006530277907,14158.0,Nincs készleten 14 158 Ft 1 770 Ft/db,https://shop.rossmann.hu/termek/gillettelabs-8-borotvabetetet-tartalmazo-csomag
2026-08-20,Rossmann,Gillette,Borotválkozás & testápolás,Gillette Labs borotvakészülék 1 db borotvabetéttel 5 pengés - 1 db,1 db,1.0,db,8006530112406,6599.0,Nincs készleten 6 599 Ft 6 599 Ft/db,https://shop.rossmann.hu/termek/gillettelabs-borotva-borradirral-1-db-markolat-1-db-borotvabetet-1-db-fali-borotvatarto
2026-08-20,Rossmann,Gillette,Borotválkozás & testápolás,Gillette Labs borotvakészülék 3 db betéttel 5 pengés - 1 db,1 db,1.0,db,8006530112529,9199.0,11 499 Ft 11 499 Ft/db,https://shop.rossmann.hu/termek/gillettelabs-ferfi-borotva-borradirral-1-db
2026-08-20,Rossmann,Gillette Venus,Borotválkozás & testápolás,Gillette Venus Tropical eldobható borotva - 3 db,3 db,3.0,db,7702018426263,1632.0,Nincs készleten 1 632 Ft 544 Ft/db,https://shop.rossmann.hu/termek/gilette-venus-tropical-eldobhato-borotva-3-db
2026-08-20,Rossmann,Gillette Venus,Borotválkozás & testápolás,Venus Comfortglide Sugarberry borotvakészülék + 1 db betét - 1 db,1 db,1.0,db,8700216130516,4999.0,Nincs készleten 4 999 Ft 4 999 Ft/db,https://shop.rossmann.hu/termek/venus-comfortglide-sugarberry-plus-olay-borotvakeszulek-1-db-betet-1-db
2026-08-20,Rossmann,Gillette Venus,Borotválkozás & testápolás,Gillette Venus Extra Smooth borotvakészülék + 1 db borotvabetét - 1 db,1 db,1.0,db,7702018323012,5299.0,Nincs készleten 5 299 Ft 5 299 Ft/db,https://shop.rossmann.hu/termek/venus-embrace-borotva-borotvabetet-1-db-1
2026-08-20,Rossmann,Gillette Venus,Borotválkozás & testápolás,Gillette Venus Deluxe Smooth Sensitive borotvakészülék + 3 borotvabetét - 1 db,1 db,1.0,db,7702018609994,8999.0,Nincs készleten 8 999 Ft 8 999 Ft/db,https://shop.rossmann.hu/termek/venus-embrace-noi-borotva-1-db
2026-08-20,Rossmann,Gillette Venus,Borotválkozás & testápolás,Venus Extra Comfort Miami eldobható borotva 3 pengés - 3 db,3 db,3.0,db,8700216756884,1632.0,Nincs készleten 1 632 Ft 544 Ft/db,https://shop.rossmann.hu/termek/venus-smooth-miami-eldobhato-borotva-3-db
2026-08-20,Rossmann,Gillette Venus,Borotválkozás & testápolás,Venus Smooth Miami eldobható borotva - 6 db,6 db,6.0,db,8700216756907,2138.0,Nincs készleten 2 138 Ft 356 Ft/db,https://shop.rossmann.hu/termek/venus-smooth-miami-eldobhato-borotva-6-db
2026-08-20,Rossmann,Braun,Borotválkozás & testápolás,Braun FS1000 női elektromos szőrtelenítő - 1 db,1 db,1.0,db,8006530193863,12999.0,Nincs készleten 12 999 Ft 12 999 Ft/db,https://shop.rossmann.hu/termek/braun-fs1000-noi-elektromos-szortelenito-1-db
2026-08-20,Rossmann,Braun,Borotválkozás & testápolás,Braun All-in-One Series 5 multifunkciós szőrtelenítőkészlet férfiaknak - 1 db,1 db,1.0,db,8700216429160,26999.0,Nincs készleten 26 999 Ft 26 999 Ft/db,https://shop.rossmann.hu/termek/braun-series-5-multifunkcios-keszlet-7-az-1-ben-szortelenito-eles-penge-testszornyiras-aio5520
2026-08-20,Rossmann,Braun,Borotválkozás & testápolás,Braun BS1000 mini trimmelő - 1 db,1 db,1.0,db,4210201313922,13999.0,Nincs készleten 13 999 Ft 13 999 Ft/db,https://shop.rossmann.hu/termek/braun-bs1000-mini-trimmelo-1-db
2026-08-20,Rossmann,Braun,Borotválkozás & testápolás,Braun IPL Silk-expert Mini szőrtelenítő készülék PL1100 /pink - 1 db,1 db,1.0,db,8006530145558,139999.0,Nincs készleten 139 999 Ft 139 999 Ft/db,https://shop.rossmann.hu/termek/braun-ipl-silk-expert-mini-otthoni-szortelenites-pl1100
2026-08-20,Rossmann,Braun,Borotválkozás & testápolás,Braun IPL Silk-expert Pro 5 szőrtelenítő készülék PL5210 /gold - 1 db,1 db,1.0,db,8700216937481,235999.0,Nincs készleten 235 999 Ft 235 999 Ft/db,https://shop.rossmann.hu/termek/braun-ipl-silk-expert-pro-5-szortelenites-otthoni-kezelessel-2-tartozekfej-pl5210
2026-08-20,Rossmann,Braun,Borotválkozás & testápolás,Braun Series 3 All in One 3560 szakállvágó - 1 db,1 db,1.0,db,8700216429511,27499.0,Nincs készleten 27 499 Ft 27 499 Ft/db,https://shop.rossmann.hu/termek/braun-series-3-10-az-1-ben-formazokeszlet-eles-penge-14-hosszbeallitas-aio3560-fekete
2026-08-20,Rossmann,Braun,Borotválkozás & testápolás,Braun Series 3 BT3500 szakállvágó /fekete - 1 db,1 db,1.0,db,8700216428262,19499.0,Nincs készleten 19 499 Ft 19 499 Ft/db,https://shop.rossmann.hu/termek/braun-series-3-szakallvago-bt3500-fekete-1-db
2026-08-20,Rossmann,Braun,Borotválkozás & testápolás,Braun Series 5 All in One 5540 szakállvágó - 1 db,1 db,1.0,db,8700216429504,28499.0,Nincs készleten 28 499 Ft 28 499 Ft/db,https://shop.rossmann.hu/termek/braun-series-5-multifunkcios-keszlet-9-az-1-ben-szortelenito-eles-penge-testszornyiras-aio5540
2026-08-20,Rossmann,Braun,Borotválkozás & testápolás,Braun Series 5 elektromos borotva - 1 db,1 db,1.0,db,8700216645782,47999.0,Nincs készleten 47 999 Ft 47 999 Ft/db,https://shop.rossmann.hu/termek/braun-series-6-elektromos-borotva-akar-50-perc-52-a1000s-azur
2026-08-20,Rossmann,Braun,Borotválkozás & testápolás,Braun Series 5 hajvágó HC5510 - 1 db,1 db,1.0,db,4987176251039,29899.0,Nincs készleten 29 899 Ft 29 899 Ft/db,https://shop.rossmann.hu/termek/braun-series-5-hajvago-hc5510-1-db
2026-08-20,Rossmann,Braun,Borotválkozás & testápolás,Braun Series 7 BT7540 szakállvágó /kék - 1 db,1 db,1.0,db,8700216428415,47399.0,Nincs készleten 47 399 Ft 47 399 Ft/db,https://shop.rossmann.hu/termek/braun-series-7-szakallvago-bt7540-kek-1-db
2026-08-20,Rossmann,Braun,Borotválkozás & testápolás,Braun Series 9 PRO+ elektromos borotva férfiaknak - 1db,1 db,1.0,db,8700216555081,226999.0,Nincs készleten 226 999 Ft 226 999 Ft/db,https://shop.rossmann.hu/termek/braun-series-9-pro-elektromos-borotva-smartcare-egyseg-9667cc-ezust
2026-08-20,Rossmann,Braun,Borotválkozás & testápolás,Braun Series X XT20 pótfej - 1 db,1 db,1.0,db,7500435205979,5797.0,Nincs készleten 5 797 Ft 5 797 Ft/db,https://shop.rossmann.hu/termek/braun-series-x-borotva-potfej-1-db
2026-08-20,Rossmann,Braun,Borotválkozás & testápolás,Braun Silk·épil 3 vezetékes epilátor /rózsaszín - 1 db,1 db,1.0,db,8700216962988,20999.0,Nincs készleten 20 999 Ft 20 999 Ft/db,https://shop.rossmann.hu/termek/braun-silkepil-3-vezetekes-epilator-tartosan-sima-bor-3-000-rozsaszin
2026-08-20,Rossmann,Braun,Borotválkozás & testápolás,Braun Silk·épil 5 epilátor 5-050 - 1 db,1 db,1.0,db,7500435225038,41999.0,Nincs készleten 41 999 Ft 41 999 Ft/db,https://shop.rossmann.hu/termek/braun-silkepil-5-wet-dry-epilator-tartosan-sima-bor-5-050-flamingorozsaszin
2026-08-20,Rossmann,Braun,Borotválkozás & testápolás,Braun Silk·épil 9 Flex Wet & Dry epilátor 9-030 - 1 db,1 db,1.0,db,8700216963206,107999.0,Nincs készleten 107 999 Ft 107 999 Ft/db,https://shop.rossmann.hu/termek/braun-silkepil-9-flex-wet-dry-epilator-tartosan-sima-bor-9-030-3d-arany
2026-08-20,Rossmann,Braun,Borotválkozás & testápolás,Braun XT5100 szakállvágó - 1 db,1 db,1.0,db,8001090794987,23999.0,Nincs készleten 23 999 Ft 23 999 Ft/db,https://shop.rossmann.hu/termek/braun-xt5100-szakallvago-1-db
2026-08-20,Rossmann,Oral-B,Szájápolás,Oral-B Pro Series 1 elektromos fogkefe /fekete - 1 db,1 db,1.0,db,8700216022101,20499.0,Nincs készleten 20 499 Ft 20 499 Ft/db,https://shop.rossmann.hu/termek/oral-b-pro-series-1-elektromos-fogkefe-fekete-braun-tervezessel
2026-08-20,Rossmann,Old Spice,Borotválkozás & testápolás,Old Spice Captain deo spray - 250 ml,250 ml,250.0,ml,8700216875714,1889.0,2 044 Ft 8 176 Ft/l,https://shop.rossmann.hu/termek/old-spice-captain-deo-spray-250-ml
2026-08-20,Rossmann,Old Spice,Borotválkozás & testápolás,Old Spice Captain deo stift - 85 ml,85 ml,85.0,ml,8700216879866,1889.0,2 044 Ft 24 047 Ft/l,https://shop.rossmann.hu/termek/old-spice-captain-deo-stift-85-ml
2026-08-20,Rossmann,Old Spice,Borotválkozás & testápolás,Old Spice Deep Sea tusfürdő - 1000 ml,1000 ml,1000.0,ml,8700216452755,2999.0,3 388 Ft 3 388 Ft/l,https://shop.rossmann.hu/termek/old-spice-deep-sea-ferfi-tusfurdo-1000-ml
2026-08-20,Rossmann,Old Spice,Borotválkozás & testápolás,Old Spice Captain tusfürdő - 675 ml,675 ml,675.0,ml,8006540280140,2223.0,Nincs készleten 2 223 Ft 3 293 Ft/l,https://shop.rossmann.hu/termek/old-spice-captain-tusfurdo-675-ml
2026-08-20,Rossmann,Old Spice,Borotválkozás & testápolás,Old Spice Deo Stift Whitewater Triopack 3 x 50 ml - 150 ml,150 ml,150.0,ml,8006530118958,3233.0,Nincs készleten 3 233 Ft 21 553 Ft/l,https://shop.rossmann.hu/termek/old-spice-deo-stift-whitewater-triopack-3-x-50-ml-150-ml-1
2026-08-20,Rossmann,Old Spice,Borotválkozás & testápolás,Old Spice Cold Spice 3 az 1-ben tusfürdő - 1000 ml,1000 ml,1000.0,ml,8006530139021,2999.0,3 393 Ft 3 393 Ft/l,https://shop.rossmann.hu/termek/old-spice-cold-spice-ferfi-3-az-1-ben-arcmoso-tusfurdo-es-sampon-1000-ml
2026-08-20,Rossmann,Old Spice,Borotválkozás & testápolás,Old Spice Deep Sea tusfürdő - 400 ml,400 ml,400.0,ml,8001841326153,1400.0,Nincs készleten 1 400 Ft 3 500 Ft/l,https://shop.rossmann.hu/termek/old-spice-tusfurdo-deep-sea-400-ml
2026-08-20,Rossmann,Old Spice,Borotválkozás & testápolás,Old Spice Epic Legend tusfürdő - 400 ml,400 ml,400.0,ml,8700216611046,1400.0,Nincs készleten 1 400 Ft 3 500 Ft/l,https://shop.rossmann.hu/termek/old-spice-epic-ferfi-3-az-1-ben-sampon-es-tusfurdo-400-ml
2026-08-20,Rossmann,Old Spice,Borotválkozás & testápolás,Old Spice Oasis deo stift - 65 ml,65 ml,65.0,ml,8700216685474,1770.0,Nincs készleten 1 770 Ft 27 231 Ft/l,https://shop.rossmann.hu/termek/old-spice-oasis-stift-dezodor-ferfiaknak-65-ml
2026-08-20,Rossmann,Old Spice,Borotválkozás & testápolás,Old Spice Oasis stift dezodor és Original borotválkozás utáni arcszesz - 165 ml,165 ml,165.0,ml,2000002673125,5999.0,Nincs készleten 5 999 Ft 36 358 Ft/l,https://shop.rossmann.hu/termek/old-spice-oasis-stift-dezodor-es-original-borotvalkozas-utani-arcszesz-165-ml
2026-08-20,Rossmann,Old Spice,Borotválkozás & testápolás,Old Spice Oasis tusfürdő - 400 ml,400 ml,400.0,ml,8006540838761,1400.0,Nincs készleten 1 400 Ft 3 500 Ft/l,https://shop.rossmann.hu/termek/old-spice-oasis-tusfurdo-es-sampon-400-ml
2026-08-20,Rossmann,Old Spice,Borotválkozás & testápolás,Old Spice Original borotválkozás utáni arcszesz - 100 ml,100 ml,100.0,ml,5011321772335,3499.0,Nincs készleten 3 499 Ft 34 990 Ft/l,https://shop.rossmann.hu/termek/old-spice-original-borotvalkozas-utani-arcszesz-100-ml
2026-08-20,Rossmann,Old Spice,Borotválkozás & testápolás,Old Spice Rockstar deo stift - 65 ml,65 ml,65.0,ml,8700216685351,1770.0,Nincs készleten 1 770 Ft 27 231 Ft/l,https://shop.rossmann.hu/termek/old-spice-stick-dezodor-65-ml
2026-08-20,Rossmann,Old Spice,Borotválkozás & testápolás,Old Spice Rockstar tusfürdő - 1000 ml,1000 ml,1000.0,ml,8006530074001,2999.0,3 388 Ft 3 388 Ft/l,https://shop.rossmann.hu/termek/old-spice-rockstar-ferfi-3-az-1-ben-sampon-es-tusfurdo-1000-ml
2026-08-20,Rossmann,Old Spice,Borotválkozás & testápolás,Old Spice Whitewater tusfürdő - 1000 ml,1000 ml,1000.0,ml,8006540818862,2999.0,3 388 Ft 3 388 Ft/l,https://shop.rossmann.hu/termek/old-spice-whitewater-tusfurdo-1000-ml
2026-08-20,Rossmann,Old Spice,Borotválkozás & testápolás,Old Spice Whitewater tusfürdő - 400 ml,400 ml,400.0,ml,8700216856812,1400.0,Nincs készleten 1 400 Ft 3 500 Ft/l,https://shop.rossmann.hu/termek/old-spice-whitewater-tusfurdo-ferfiaknak-400-ml
2026-08-20,Rossmann,Old Spice,Borotválkozás & testápolás,Old Spice Whitewater tusfürdő - 675 ml,675 ml,675.0,ml,8006540280195,2223.0,Nincs készleten 2 223 Ft 3 293 Ft/l,https://shop.rossmann.hu/termek/old-spice-whitewater-tusfurdo-675-ml
2026-08-20,Rossmann,Old Spice,Borotválkozás & testápolás,Old Spice Wolfthorn deo stift - 85 ml,85 ml,85.0,ml,8700216879835,1889.0,2 044 Ft 24 047 Ft/l,https://shop.rossmann.hu/termek/old-spice-wolfthorn-deo-stift-85-ml
2026-08-20,Rossmann,Old Spice,Borotválkozás & testápolás,Old spice Bearglove tusfürdő - 675 ml,675 ml,675.0,ml,8006540651063,2223.0,Nincs készleten 2 223 Ft 3 293 Ft/l,https://shop.rossmann.hu/termek/old-spice-bearglove-tusfurdo-675-ml
2026-08-20,Rossmann,Old Spice,Borotválkozás & testápolás,Old Spice Cold Spice deo gélstift - 70 ml,70 ml,70.0,ml,8006530155557,1675.0,1 702 Ft 24 314 Ft/l,https://shop.rossmann.hu/termek/old-spice-cold-spice-ferfi-izzadasgatlo-geldezodor-70-ml
2026-08-20,Rossmann,Old Spice,Borotválkozás & testápolás,Old Spice Whitewater deo stift - 85 ml,85 ml,85.0,ml,8700216357814,1889.0,2 044 Ft 24 047 Ft/l,https://shop.rossmann.hu/termek/old-spice-whitewater-deo-stift-85-ml
2026-08-20,Rossmann,Old Spice,Borotválkozás & testápolás,Old Spice Cold Spice 3in1 tusfürdő - 400 ml,400 ml,400.0,ml,8006530139311,1429.0,Nincs készleten 1 429 Ft 3 573 Ft/l,https://shop.rossmann.hu/termek/old-spice-cold-spice-ferfi-3-az-1-ben-arcmoso-tusfurdo-es-sampon-400-ml
2026-08-20,Rossmann,Old Spice,Borotválkozás & testápolás,Old Spice Cold Spice spray - 150 ml,150 ml,150.0,ml,8006530101608,1375.0,Nincs készleten 1 375 Ft 9 167 Ft/l,https://shop.rossmann.hu/termek/old-spice-cold-spice-ferfi-izzadasgatlo-spray-150-ml
2026-08-20,Rossmann,Old Spice,Borotválkozás & testápolás,Old Spice Captain tusfürdő - 1000 ml,1000 ml,1000.0,ml,8006540818824,2999.0,3 388 Ft 3 388 Ft/l,https://shop.rossmann.hu/termek/old-spice-captain-tusfurdo-1000-ml
2026-08-20,Rossmann,Old Spice,Borotválkozás & testápolás,Old Spice Rockstar Big deo spray - 250 ml,250 ml,250.0,ml,8006530342650,1889.0,2 044 Ft 8 176 Ft/l,https://shop.rossmann.hu/termek/ferfi-dezodor-2-ml-old-spice-tomorrowland-special-edition-2026-spray
2026-08-20,Rossmann,Old Spice,Borotválkozás & testápolás,Old Spice Rockstar Big deo stift - 85 ml,85 ml,85.0,ml,8006530345729,1889.0,2 044 Ft 24 047 Ft/l,https://shop.rossmann.hu/termek/ferfi-dezodor-2-ml-old-spice-tomorrowland-special-edition-2026-stift
2026-08-20,Rossmann,Old Spice,Borotválkozás & testápolás,Ambi Pur Old Spice autóillatosító - 2 db,2 db,2.0,db,8001841748757,3199.0,Nincs készleten 3 199 Ft 799 750 Ft/l,https://shop.rossmann.hu/termek/ambi-pur-car-old-spice-autoillatosito-kezdokeszlet-2-db
2026-08-20,Rossmann,Old Spice,Borotválkozás & testápolás,Old Spice Bearglove deo spray - 200 ml,200 ml,200.0,ml,8700216634052,1770.0,Nincs készleten 1 770 Ft 8 850 Ft/l,https://shop.rossmann.hu/termek/old-spice-bearglove-dezodor-spray-ferfiaknak-200-ml
2026-08-20,Rossmann,Old Spice,Borotválkozás & testápolás,Old Spice Bearglove deo spray - 250 ml,250 ml,250.0,ml,8700216752497,1889.0,2 044 Ft 8 176 Ft/l,https://shop.rossmann.hu/termek/old-spice-bearglove-dezodor-spray-ferfiaknak-250-ml
2026-08-20,Rossmann,Old Spice,Borotválkozás & testápolás,Old Spice Bearglove 3 az 1-ben sampon és tusfürdő - 1000 ml,1000 ml,1000.0,ml,8700216610933,2999.0,3 388 Ft 3 388 Ft/l,https://shop.rossmann.hu/termek/old-spice-bearglove-ferfi-3-az-1-ben-sampon-es-tusfurdo-1000-ml
2026-08-20,Rossmann,Old Spice,Borotválkozás & testápolás,Old Spice Bearglove tusfürdő - 400 ml,400 ml,400.0,ml,8001090533869,1400.0,Nincs készleten 1 400 Ft 3 500 Ft/l,https://shop.rossmann.hu/termek/old-spice-bearglove-ferfi-tusfurdo-400-ml
2026-08-20,Rossmann,Old Spice,Borotválkozás & testápolás,Old Spice Bearglove deo stift - 85 ml,85 ml,85.0,ml,8700216752466,1889.0,2 044 Ft 24 047 Ft/l,https://shop.rossmann.hu/termek/old-spice-bearglove-stick-dezodor-85-ml
2026-08-20,Rossmann,Old Spice,Borotválkozás & testápolás,Old Spice Bearglove deo stift - 65 ml,65 ml,65.0,ml,8700216685429,1770.0,Nincs készleten 1 770 Ft 27 231 Ft/l,https://shop.rossmann.hu/termek/old-spice-bearglove-stift-dezodor-ferfiaknak-65-ml
2026-08-20,Rossmann,Old Spice,Borotválkozás & testápolás,Old Spice Captain deo spray - 200 ml,200 ml,200.0,ml,8700216633956,1770.0,Nincs készleten 1 770 Ft 8 850 Ft/l,https://shop.rossmann.hu/termek/old-spice-captain-dezodor-spray-ferfiaknak-200-ml
2026-08-20,Rossmann,Old Spice,Borotválkozás & testápolás,Old Spice Captain deo gélstift - 70 ml,70 ml,70.0,ml,8006530030397,1675.0,1 702 Ft 24 314 Ft/l,https://shop.rossmann.hu/termek/old-spice-captain-izzadasgatlo-gel-ferfiaknak-70-ml
2026-08-20,Rossmann,Old Spice,Borotválkozás & testápolás,Old Spice Captain deo stift - 65 ml,65 ml,65.0,ml,8700216685535,1770.0,Nincs készleten 1 770 Ft 27 231 Ft/l,https://shop.rossmann.hu/termek/old-spice-captain-stift-dezodor-ferfiaknak-65-ml
2026-08-20,Rossmann,Old Spice,Borotválkozás & testápolás,Old Spice Deep Sea deo spray - 250 ml,250 ml,250.0,ml,8700216275781,1889.0,2 044 Ft 8 176 Ft/l,https://shop.rossmann.hu/termek/old-spice-deep-sea-deo-spray-ferfiaknak-250-ml
2026-08-20,Rossmann,Old Spice,Borotválkozás & testápolás,Old Spice Deep Sea deo spary - 200 ml,200 ml,200.0,ml,8700216634366,1770.0,Nincs készleten 1 770 Ft 8 850 Ft/l,https://shop.rossmann.hu/termek/old-spice-deep-sea-dezodor-spray-ferfiaknak-200-ml
2026-08-20,Rossmann,Old Spice,Borotválkozás & testápolás,Old Spice Deep Sea tusfürdő - 675 ml,675 ml,675.0,ml,8700216011365,2223.0,Nincs készleten 2 223 Ft 3 293 Ft/l,https://shop.rossmann.hu/termek/old-spice-deep-sea-ferfi-sampon-es-tusfurdo-hosszan-tarto-frissesseg-675-ml
2026-08-20,Rossmann,Old Spice,Borotválkozás & testápolás,Old Spice Deep Sea deo stift - 85 ml,85 ml,85.0,ml,8006540955871,1889.0,2 044 Ft 24 047 Ft/l,https://shop.rossmann.hu/termek/old-spice-deep-sea-ferfi-stift-dezodor-85-ml
2026-08-20,Rossmann,Old Spice,Borotválkozás & testápolás,Old Spice Rockstar deo spray - 200 ml,200 ml,200.0,ml,8700216634243,1770.0,Nincs készleten 1 770 Ft 8 850 Ft/l,https://shop.rossmann.hu/termek/old-spice-dezodor-spray-200-ml
2026-08-20,Rossmann,Old Spice,Borotválkozás & testápolás,Old Spice Deep Sea deo stift - 65 ml,65 ml,65.0,ml,8700216685382,1770.0,Nincs készleten 1 770 Ft 27 231 Ft/l,https://shop.rossmann.hu/termek/old-spice-deep-sea-stift-dezodor-ferfiaknak-65-ml
2026-08-20,Rossmann,Old Spice,Borotválkozás & testápolás,Old Spice Epic 3 az 1-ben sampon és tusfürdő - 1000 ml,1000 ml,1000.0,ml,8006530074018,2999.0,3 388 Ft 3 388 Ft/l,https://shop.rossmann.hu/termek/old-spice-epic-ferfi-3-az-1-ben-sampon-es-tusfurdo-1000-ml
2026-08-20,Rossmann,Old Spice,Borotválkozás & testápolás,Old Spice Epic Legend deo spray - 200 ml,200 ml,200.0,ml,8700216634335,1770.0,Nincs készleten 1 770 Ft 8 850 Ft/l,https://shop.rossmann.hu/termek/old-spice-epic-legend-dezodor-spray-ferfiaknak-200-ml
2026-08-20,Rossmann,Old Spice,Borotválkozás & testápolás,Old Spice Night Panther deo spray - 250 ml,250 ml,250.0,ml,8700216752459,1889.0,2 044 Ft 8 176 Ft/l,https://shop.rossmann.hu/termek/old-spice-night-panther-deo-spray-ferfiaknak-250-ml
2026-08-20,Rossmann,Old Spice,Borotválkozás & testápolás,Old Spice Epic Legend deo stift - 65 ml,65 ml,65.0,ml,8700216685306,1770.0,Nincs készleten 1 770 Ft 27 231 Ft/l,https://shop.rossmann.hu/termek/old-spice-epic-legend-stift-dezodor-ferfiaknak-65-ml
2026-08-20,Rossmann,Old Spice,Borotválkozás & testápolás,Old Spice Night Panther 3 az 1-ben sampon és tusfürdő - 675 ml,675 ml,675.0,ml,8700216011341,2223.0,Nincs készleten 2 223 Ft 3 293 Ft/l,https://shop.rossmann.hu/termek/old-spice-night-panther-ferfi-3-az-1-ben-sampon-es-tusfurdo-675-ml
2026-08-20,Rossmann,Old Spice,Borotválkozás & testápolás,Old Spice Night Panther tusfürdő - 1000 ml,1000 ml,1000.0,ml,8700216452670,2999.0,3 388 Ft 3 388 Ft/l,https://shop.rossmann.hu/termek/old-spice-night-panther-ferfi-sampon-es-tusfurdo-1000-ml
2026-08-20,Rossmann,Old Spice,Borotválkozás & testápolás,Old Spice Night Panther deo stift - 85 ml,85 ml,85.0,ml,8700216752527,1889.0,2 044 Ft 24 047 Ft/l,https://shop.rossmann.hu/termek/old-spice-night-panther-ferfi-stift-dezodor-85-ml
2026-08-20,Rossmann,Old Spice,Borotválkozás & testápolás,Old Spice Oasis deo stift - 3 db,3 db,3.0,db,8700216827225,3233.0,Nincs készleten 3 233 Ft 21 553 Ft/l,https://shop.rossmann.hu/termek/old-spice-oasis-stift-stift-dezodor-3-db-150-ml
2026-08-20,Rossmann,Old Spice,Borotválkozás & testápolás,Old Spice Original deo spray - 200 ml,200 ml,200.0,ml,8700216634458,1770.0,Nincs készleten 1 770 Ft 8 850 Ft/l,https://shop.rossmann.hu/termek/old-spice-original-dezodor-spray-ferfiaknak-200-ml
2026-08-20,Rossmann,Old Spice,Borotválkozás & testápolás,Old Spice Original deo stift - 65 ml,65 ml,65.0,ml,8700216685283,1770.0,Nincs készleten 1 770 Ft 27 231 Ft/l,https://shop.rossmann.hu/termek/old-spice-original-stift-dezodor-ferfiaknak-65-ml
2026-08-20,Rossmann,Old Spice,Borotválkozás & testápolás,Old Spice Rockstar tusfürdő - 400 ml,400 ml,400.0,ml,8700216232746,1400.0,Nincs készleten 1 400 Ft 3 500 Ft/l,https://shop.rossmann.hu/termek/old-spice-rockstart-tusfurdo-400-ml
2026-08-20,Rossmann,Old Spice,Borotválkozás & testápolás,Old Spice Tiger Claw deo spray - 200 ml,200 ml,200.0,ml,8700216634168,1770.0,Nincs készleten 1 770 Ft 8 850 Ft/l,https://shop.rossmann.hu/termek/old-spice-tiger-claw-deo-spray-ferfiaknak-200-ml
2026-08-20,Rossmann,Old Spice,Borotválkozás & testápolás,Old Spice Tiger Claw deo stift - 65 ml,65 ml,65.0,ml,8700216685207,1770.0,Nincs készleten 1 770 Ft 27 231 Ft/l,https://shop.rossmann.hu/termek/old-spice-tiger-claw-ferfi-stift-dezodor-65-ml
2026-08-20,Rossmann,Old Spice,Borotválkozás & testápolás,Old Spice Tiger Claw tusfürdő - 400 ml,400 ml,400.0,ml,8006540456484,1400.0,Nincs készleten 1 400 Ft 3 500 Ft/l,https://shop.rossmann.hu/termek/old-spice-tigerclaw-tusfurdo-400-ml
2026-08-20,Rossmann,Old Spice,Borotválkozás & testápolás,Old Spice Captain tusfürdő - 400 ml,400 ml,400.0,ml,8700216859820,1400.0,Nincs készleten 1 400 Ft 3 500 Ft/l,https://shop.rossmann.hu/termek/old-spice-tusfurdo-captain-400-ml
2026-08-20,Rossmann,Old Spice,Borotválkozás & testápolás,Old Spice Whitewater deo spray - 250 ml,250 ml,250.0,ml,8700216875677,1889.0,2 044 Ft 8 176 Ft/l,https://shop.rossmann.hu/termek/old-spice-whitewater-dezodor-250-ml
2026-08-20,Rossmann,Old Spice,Borotválkozás & testápolás,Old Spice Whitewater deo spray - 200 ml,200 ml,200.0,ml,8700216634212,1770.0,Nincs készleten 1 770 Ft 8 850 Ft/l,https://shop.rossmann.hu/termek/old-spice-whitewater-dezodor-spray-ferfiaknak-200-ml
2026-08-20,Rossmann,Old Spice,Borotválkozás & testápolás,Old Spice Whitewater deo gélstift - 70 ml,70 ml,70.0,ml,8006530030014,1675.0,1 702 Ft 24 314 Ft/l,https://shop.rossmann.hu/termek/old-spice-whitewater-izzadasgatlo-gel-stift-ferfiaknak-70-ml
2026-08-20,Rossmann,Old Spice,Borotválkozás & testápolás,Old Spice Whitewater deo stift - 65 ml,65 ml,65.0,ml,8700216685177,1770.0,Nincs készleten 1 770 Ft 27 231 Ft/l,https://shop.rossmann.hu/termek/old-spice-whitewater-stift-dezodor-ferfiaknak-65-ml
2026-08-20,Rossmann,Old Spice,Borotválkozás & testápolás,Old Spice Wolfthorn deo spray - 250 ml,250 ml,250.0,ml,8700216875738,1889.0,2 044 Ft 8 176 Ft/l,https://shop.rossmann.hu/termek/old-spice-wolfthorn-dezodor-250-ml
2026-08-20,Rossmann,Old Spice,Borotválkozás & testápolás,Old Spice Wolfthorn deo spray - 200 ml,200 ml,200.0,ml,8700216634403,1770.0,Nincs készleten 1 770 Ft 8 850 Ft/l,https://shop.rossmann.hu/termek/old-spice-wolfthorn-dezodor-spray-ferfiaknak-200-ml
2026-08-20,Rossmann,Old Spice,Borotválkozás & testápolás,Old Spice Wolfthorn tusfürdő - 1000 ml,1000 ml,1000.0,ml,8700216452588,2999.0,3 388 Ft 3 388 Ft/l,https://shop.rossmann.hu/termek/old-spice-wolfthorn-ferfi-tusfurdo-1000-ml
2026-08-20,Rossmann,Old Spice,Borotválkozás & testápolás,Old Spice Wolfthorn tusfürdő - 400 ml,400 ml,400.0,ml,4084500978973,1429.0,Nincs készleten 1 429 Ft 3 573 Ft/l,https://shop.rossmann.hu/termek/old-spice-wolfthorn-tusfurdo-400-ml
2026-08-20,Rossmann,Old Spice,Borotválkozás & testápolás,Old Spice Wolfthorn deo stift - 65 ml,65 ml,65.0,ml,8700216685504,1770.0,Nincs készleten 1 770 Ft 27 231 Ft/l,https://shop.rossmann.hu/termek/old-spice-wolfthorn-stift-dezodor-ferfiaknak-65-ml
2026-08-20,Rossmann,Oral-B,Szájápolás,Oral-B KIDS 0+ fogkefe - 1 db,1 db,1.0,db,8700216749497,828.0,Nincs készleten 828 Ft 828 Ft/db,https://shop.rossmann.hu/termek/oral-b-stages-3-disney-pixar-fogkefe-wall-e-disney-hercegno-dizajnnal-5-7-eves-gyermekek-szamara
2026-08-20,Rossmann,Oral-B,Szájápolás,Oral-B Pro Clean Advance fogkefe - 2 db,2 db,2.0,db,8700216445481,1456.0,Nincs készleten 1 456 Ft 728 Ft/db,https://shop.rossmann.hu/termek/oral-b-fogkefe-pro-expert-kozepes-2-db
2026-08-20,Rossmann,Oral-B,Szájápolás,Oral-B Pro 1 – 790 elektromos fogkefe - 2 db,2 db,2.0,db,8006540789193,34999.0,Nincs készleten 34 999 Ft 17 500 Ft/db,https://shop.rossmann.hu/termek/oral-b-pro-1-790-elektromos-fogkefe-2-db
2026-08-20,Rossmann,Oral-B,Szájápolás,Oral-B Pro Cross Action fogkefefej - 8 db,8 db,8.0,db,8006540847855,13999.0,Nincs készleten 13 999 Ft 1 750 Ft/db,https://shop.rossmann.hu/termek/oral-b-pro-cross-action-fogkefefej-8-db
2026-08-20,Rossmann,Oral-B,Szájápolás,Oral-B Pro Cross Action fogkefefej /fekete - 4 db,4 db,4.0,db,8006540847671,7499.0,Nincs készleten 7 499 Ft 1 875 Ft/db,https://shop.rossmann.hu/termek/oral-b-pro-cross-action-fogkefefej-fekete-4-db
2026-08-20,Rossmann,Oral-B,Szájápolás,Oral-B Pro Precision Clean elektromos fogkefe pótfej - 6 db,6 db,6.0,db,8006540847466,10599.0,Nincs készleten 10 599 Ft 1 767 Ft/db,https://shop.rossmann.hu/termek/oral-b-pro-precision-clean-elektromos-fogkefe-potfej-6-db
2026-08-20,Rossmann,Oral-B,Szájápolás,Oral-B Pro Kids Frozen elektromos fogkefe + utazótok - 1 db,1 db,1.0,db,8006540773338,19999.0,Nincs készleten 19 999 Ft 19 999 Ft/db,https://shop.rossmann.hu/termek/vitality-d100-kfrozen-ii-exclusive-travel-case-1-db
2026-08-20,Rossmann,Oral-B,Szájápolás,Oral-B Pro Sensitive Clean fogkefefej - 4 db,4 db,4.0,db,8006540847961,7499.0,Nincs készleten 7 499 Ft 1 875 Ft/db,https://shop.rossmann.hu/termek/oral-b-pro-sensitive-clean-fogkefefej-4-db
2026-08-20,Rossmann,Oral-B,Szájápolás,Oral-B Pro Sensitive Clean fogkefefej - 2 db,2 db,2.0,db,8006540847923,4999.0,Nincs készleten 4 999 Ft 2 500 Ft/db,https://shop.rossmann.hu/termek/oral-b-pro-sensitive-clean-fogkefefej-2-db
2026-08-20,Rossmann,Oral-B,Szájápolás,Oral-B Pro Sensitive Clean fogkefefej - 8 db,8 db,8.0,db,8006540848036,13999.0,Nincs készleten 13 999 Ft 1 750 Ft/db,https://shop.rossmann.hu/termek/oral-b-pro-sensitive-clean-fogkefefej-8-db
2026-08-20,Rossmann,Oral-B,Szájápolás,Oral-B iO 2 elektromos fogkefe /világos rózsaszín - 1 db,1 db,1.0,db,8700216611831,31999.0,Nincs készleten 31 999 Ft 31 999 Ft/db,https://shop.rossmann.hu/termek/oral-b-io-2-elektromos-fogkefe-vilagos-rozsaszin-1-db
2026-08-20,Rossmann,Oral-B,Szájápolás,"Oral-B Pro Series 1 elektromos fogkefe, kék - 1 db",1 db,1.0,db,8001090916464,20499.0,Nincs készleten 20 499 Ft 20 499 Ft/db,https://shop.rossmann.hu/termek/oral-b-pro-series-1-elektromos-fogkefe-kek-1-db
2026-08-20,Rossmann,Oral-B,Szájápolás,Oral-B iO 2 elektromos fogkefe /éjfekete - 1 db,1 db,1.0,db,8700216614931,31999.0,Nincs készleten 31 999 Ft 31 999 Ft/db,https://shop.rossmann.hu/termek/oral-b-io-2-elektromos-fogkefe-ejfekete-1-db
2026-08-20,Rossmann,Oral-B,Szájápolás,Oral-B iO 2 elektromos fogkefe /éjfekete és erdőzöld - 2 db,2 db,2.0,db,8006530016636,59999.0,Nincs készleten 59 999 Ft 30 000 Ft/db,https://shop.rossmann.hu/termek/oral-b-io-2-elektromos-fogkefe-ejfekete-es-erdozold-2-db
2026-08-20,Rossmann,Oral-B,Szájápolás,Oral-B iO 3 elektromos fogkefe /jég kék - 1 db,1 db,1.0,db,8006540731321,35999.0,Nincs készleten 35 999 Ft 35 999 Ft/db,https://shop.rossmann.hu/termek/oral-b-io-3-elektromos-fogkefe-jeg-kek-1-db
2026-08-20,Rossmann,Oral-B,Szájápolás,Oral-B iO Gentle Care fogkefefej /fekete - 4 db,4 db,4.0,db,8700216199346,17499.0,Nincs készleten 17 499 Ft 4 375 Ft/db,https://shop.rossmann.hu/termek/oral-b-io-gentle-care-fogkefefej-fekete-4-db
2026-08-20,Rossmann,Oral-B,Szájápolás,"Oral-B iO 5 elektromos fogkefe, fekete - 1 db",1 db,1.0,db,4210201415367,71999.0,Nincs készleten 71 999 Ft 71 999 Ft/db,https://shop.rossmann.hu/termek/oral-b-io-5-elektromos-fogkefe-fekete-1-db
2026-08-20,Rossmann,Oral-B,Szájápolás,Oral-B iO Kids 6+ Stitch elektromos fogkefe + utazótok - 1 db,1 db,1.0,db,8700216932479,31999.0,Nincs készleten 31 999 Ft 31 999 Ft/db,https://shop.rossmann.hu/termek/oral-b-io-kids-disney-stitch-elektromos-fogkefe-1-db-fogkefefej-1-db-utazotok
2026-08-20,Rossmann,Oral-B,Szájápolás,Oral-B iO Radiant White fogkefefej - 4 db,4 db,4.0,db,8700216199254,17499.0,Nincs készleten 17 499 Ft 4 375 Ft/db,https://shop.rossmann.hu/termek/oral-b-io-radiant-white-fogkefefej-4-db
2026-08-20,Rossmann,Oral-B,Szájápolás,Oral-B iO6 Black elektromos fogkefe + utazótok + pótfejtartó - 1 db,1 db,1.0,db,4210201409199,73999.0,Nincs készleten 73 999 Ft 73 999 Ft/db,https://shop.rossmann.hu/termek/oral-b-io6-elektromos-fogkefe-black-1-db
2026-08-20,Rossmann,Oral-B,Szájápolás,Oral-B iO6 White elektromos fogkefe + utazótok + pótfejtartó -1 db,1 db,1.0,db,4210201438069,73999.0,Nincs készleten 73 999 Ft 73 999 Ft/db,https://shop.rossmann.hu/termek/oral-b-io6-white-elektromos-fogkefe-1-db
2026-08-20,Rossmann,Oral-B,Szájápolás,Oral-B Pro Series 1 elektromos fogkefe + utazótok - 1 db,1 db,1.0,db,8001090914316,22999.0,Nincs készleten 22 999 Ft 22 999 Ft/db,https://shop.rossmann.hu/termek/oral-b-pro-750-design-edition-elektromos-fogkefe-1-db
2026-08-20,Rossmann,Oral-B,Szájápolás,"Oral-B Vitality Pro elektromos fogkefe, fekete - 1 db",1 db,1.0,db,4210201427124,15499.0,Nincs készleten 15 499 Ft 15 499 Ft/db,https://shop.rossmann.hu/termek/oral-b-vitality-pro-elektromos-fogkefe-fekete-1-db
2026-08-20,Rossmann,Oral-B,Szájápolás,Oral-B Pro 1 900 Cross Action elektromos fogkefe /pink - 1 db,1 db,1.0,db,8001090918277,20499.0,Nincs készleten 20 499 Ft 20 499 Ft/db,https://shop.rossmann.hu/termek/oral-b-pro-1-900-cross-action-elektromos-fogkefe-pink-1-db
2026-08-20,Rossmann,Oral-B,Szájápolás,Oral-B 3D White Advanced Luxe Perfection Fresh fogkrém - 75 ml,75 ml,75.0,ml,8700216922739,1119.0,Nincs készleten 1 119 Ft 14 920 Ft/l,https://shop.rossmann.hu/termek/oral-b-3d-white-advanced-luxe-perfection-fresh-fogkrem-eukaliptusz-es-menta-75-ml
2026-08-20,Rossmann,Oral-B,Szájápolás,Oral-B PRO-3D White Medium fogkefe - 2 db,2 db,2.0,db,8700216459761,1303.0,Nincs készleten 1 303 Ft 652 Ft/db,https://shop.rossmann.hu/termek/oral-b-3d-white-advantage-medium-fogkefe-2-db
2026-08-20,Rossmann,Oral-B,Szájápolás,Oral-B Junior Star Wars fogkefe 6 éves kortól - 1 db,1 db,1.0,db,8700216749466,828.0,Nincs készleten 828 Ft 828 Ft/db,https://shop.rossmann.hu/termek/oral-b-6-12-ev-star-wars-fogkefe-1-db
2026-08-20,Rossmann,Oral-B,Szájápolás,Oral B Advanced Enamel Strenghtening fogkrém 2x75ml - 150 ml,150 ml,150.0,ml,8006530444248,1678.0,Nincs készleten 1 678 Ft 11 187 Ft/l,https://shop.rossmann.hu/termek/oral-b-advanced-enamel-strenghtening-fogkrem-2x75ml-150-ml
2026-08-20,Rossmann,Oral-B,Szájápolás,Oral-B Advanced Healthy Whitening Arctic Fresh fogkrém - 75 ml,75 ml,75.0,ml,8006530090971,1119.0,Nincs készleten 1 119 Ft 14 920 Ft/l,https://shop.rossmann.hu/termek/oral-b-advanced-healthy-whitening-arctic-fresh-fogkrem-75-ml
2026-08-20,Rossmann,Oral-B,Szájápolás,Oral-B Advanced Sensitivity Protection Calm Sensation fogkrém - 75 ml,75 ml,75.0,ml,8006530091039,1119.0,Nincs készleten 1 119 Ft 14 920 Ft/l,https://shop.rossmann.hu/termek/oral-b-advanced-sensitivity-protection-calm-sensation-fogkrem-75-ml
2026-08-20,Rossmann,Oral-B,Szájápolás,Oral-B Aquacare 6 pro expert elektromos szájzuhany - 1 db,1 db,1.0,db,8006540839621,56299.0,Nincs készleten 56 299 Ft 56 299 Ft/db,https://shop.rossmann.hu/termek/oral-b-aquacare-6-pro-expert-elektromos-szajzuhany-1-db
2026-08-20,Rossmann,Oral-B,Szájápolás,Oral-B Complete Extra White fogkrém - 75 ml,75 ml,75.0,ml,8006530254779,697.0,Nincs készleten 697 Ft 9 293 Ft/l,https://shop.rossmann.hu/termek/oral-b-complete-extra-white-fogkrem-antibakterialis-cinkkel-volumeloc-ml
2026-08-20,Rossmann,Oral-B,Szájápolás,Oral-B Complete Ultimate Fresh fogkrém - 75 ml,75 ml,75.0,ml,8006530254854,697.0,Nincs készleten 697 Ft 9 293 Ft/l,https://shop.rossmann.hu/termek/oral-b-complete-ultimate-fresh-fogkrem-antibakterialis-cinkkel-volumeloc-ml
2026-08-20,Rossmann,Oral-B,Szájápolás,Oral-B Easy Clean fogselyem pálcika - 75 db,75 db,75.0,db,8006530184410,1199.0,1 499 Ft 20 Ft/db,https://shop.rossmann.hu/termek/oral-b-easy-clean-fogselyem-palcika-75-db
2026-08-20,Rossmann,Oral-B,Szájápolás,Oral B Essential Floss Waxed Mint fogselyem 2x50 m - 1 db,1 db,1.0,db,8006530045995,2499.0,Nincs készleten 2 499 Ft 2 499 Ft/db,https://shop.rossmann.hu/termek/oral-b-essential-floss-viaszolt-fogselyem-szuk-helyekhez-mentolos-izesites-2-x-50-m
2026-08-20,Rossmann,Oral-B,Szájápolás,Oral B Essential Mint fogselyem - 50 m,,,,8006530045667,1359.0,1 699 Ft 34 Ft/m,https://shop.rossmann.hu/termek/oral-b-essential-floss-viaszos-fogselyem-szuk-helyekhez-mentolos-izesites-50-m
2026-08-20,Rossmann,Oral-B,Szájápolás,Oral-B iO 3 elektromos fogkefe /fehér - 1 db,1 db,1.0,db,8006530054119,35999.0,Nincs készleten 35 999 Ft 35 999 Ft/db,https://shop.rossmann.hu/termek/oral-b-io-3-elektromos-fogkefe-letisztult-feher-1-db-fogkefefej
2026-08-20,Rossmann,Oral-B,Szájápolás,Oral-B iO Series Gentle Care elektromos fogkefe pótfej - 4 db,4 db,4.0,db,8700216199438,17499.0,Nincs készleten 17 499 Ft 4 375 Ft/db,https://shop.rossmann.hu/termek/oral-b-gentle-care-io-elektromos-fogkefe-potfej-4-db
2026-08-20,Rossmann,Oral-B,Szájápolás,Oral-B iO 2 elektromos fogkefe /éjfekete - 1 db,1 db,1.0,db,8700216611923,35999.0,Nincs készleten 35 999 Ft 35 999 Ft/db,https://shop.rossmann.hu/termek/oral-b-io-2-elektromos-fogkefe-ejfekete
2026-08-20,Rossmann,Oral-B,Szájápolás,Oral-B iO 5 elektromos fogkefe /rózsaszín - 1 db,1 db,1.0,db,8700216011464,71999.0,Nincs készleten 71 999 Ft 71 999 Ft/db,https://shop.rossmann.hu/termek/oral-b-io-5-elektromos-fogkefe-rozsaszin-1-db
2026-08-20,Rossmann,Oral-B,Szájápolás,Oral-B iO 9 elektromos fogkefe utazótokkal /fekete - 1 db,1 db,1.0,db,4210201449485,129999.0,Nincs készleten 129 999 Ft 129 999 Ft/db,https://shop.rossmann.hu/termek/oral-b-io-9-elektromos-fogkefe-fekete-1-db-fogkefefej-toltos-utazotok
2026-08-20,Rossmann,Oral-B,Szájápolás,Oral-B iO 9 elektromos fogkefe utazótokkal /rózsakvarc - 1 db,1 db,1.0,db,8700216013420,129999.0,Nincs készleten 129 999 Ft 129 999 Ft/db,https://shop.rossmann.hu/termek/oral-b-io-9-elektromos-fogkefe-rozsaszin-1-db-fogkefefej-toltos-utazotok
2026-08-20,Rossmann,Oral-B,Szájápolás,Oral-B iO Kids 6+ Stitch elektromos fogkefe pótfej - 4 db,4 db,4.0,db,8700216930710,16999.0,Nincs készleten 16 999 Ft 4 250 Ft/db,https://shop.rossmann.hu/termek/oral-b-io-kids-6-disney-stitch-elektromos-fogkefefej-gyenged-a-mozgo-fogakhoz-es-a-foginyhez-4
2026-08-20,Rossmann,Oral-B,Szájápolás,Oral-B iO Kids 6+ Marvel Pókember elektromos fogkefefej - 4 db,4 db,4.0,db,8700216930260,16999.0,Nincs készleten 16 999 Ft 4 250 Ft/db,https://shop.rossmann.hu/termek/oral-b-io-kids-6-marvel-pokember-elektromos-fogkefefej-gyenged-a-mozgo-fogakhoz-es-a-foginyhez
2026-08-20,Rossmann,Oral-B,Szájápolás,Oral-B iO Series Ultimate Clean elektromos fogkefe pótfej - 4 db,4 db,4.0,db,8700216199483,17499.0,Nincs készleten 17 499 Ft 4 375 Ft/db,https://shop.rossmann.hu/termek/oral-b-io-series-ultimate-clean-elektromos-fogkefe-potfej-4-db
2026-08-20,Rossmann,Oral-B,Szájápolás,Oral-B iO Series Ultimate Clean elektromos fogkefe pótfej - 6 db,6 db,6.0,db,8700216199223,22499.0,Nincs készleten 22 499 Ft 3 750 Ft/db,https://shop.rossmann.hu/termek/oral-b-io-series-ultimate-clean-elektromos-fogkefe-potfej-6-db
2026-08-20,Rossmann,Oral-B,Szájápolás,Oral-B iO Series Ultimate Clean Black elektromos fogkefe pótfej - 6 db,6 db,6.0,db,8700216199179,22499.0,Nincs készleten 22 499 Ft 3 750 Ft/db,https://shop.rossmann.hu/termek/oral-b-io-series-ultimate-clean-fekete-eredeti-fogkefefej-crisscross-sortek-6
2026-08-20,Rossmann,Oral-B,Szájápolás,Oral-B iO Series Interdental Clean elektromos fogkefe pótfej - 2 db,2 db,2.0,db,8700216375399,10599.0,Nincs készleten 10 599 Ft 5 300 Ft/db,https://shop.rossmann.hu/termek/oral-b-io-specialised-clean-fogkefefej-2-db
2026-08-20,Rossmann,Oral-B,Szájápolás,Oral-B Series Ultimate Clean elektromos fogkefe pótfej - 4 db,4 db,4.0,db,8700216199513,17499.0,Nincs készleten 17 499 Ft 4 375 Ft/db,https://shop.rossmann.hu/termek/oral-b-io-ultimate-clean-elektromos-fogkefe-potfej-4-db
2026-08-20,Rossmann,Oral-B,Szájápolás,Oral-B Kids Lion King fogkrém 6 éves kortól - 60 ml,60 ml,60.0,ml,8006530024402,778.0,Nincs készleten 778 Ft 12 967 Ft/l,https://shop.rossmann.hu/termek/oral-b-kids-6-6-eves-gyermekeknek-az-oroszlankiraly-fogkrem-natrium-fluoriddal-ml
2026-08-20,Rossmann,Oral-B,Szájápolás,Oral-B Kids Frozen 2 elektromos fogkefe pótfej - 4 db,4 db,4.0,db,4210201385233,8499.0,Nincs készleten 8 499 Ft 2 125 Ft/db,https://shop.rossmann.hu/termek/oral-b-kids-frozen-2-elektromos-fogkefe-potfej-4-db
2026-08-20,Rossmann,Oral-B,Szájápolás,Oral-B Kids Lion King elektromos fogkefe + utazótok - 1 db,1 db,1.0,db,8700216297172,19999.0,Nincs készleten 19 999 Ft 19 999 Ft/db,https://shop.rossmann.hu/termek/oral-b-kids-lion-king-elektromos-fogkefe-utitok-1-db
2026-08-20,Rossmann,Oral-B,Szájápolás,Oral-B Lion King Kids 3+ elektromos fogkefe pótfej - 4 db,4 db,4.0,db,8700216302074,8499.0,Nincs készleten 8 499 Ft 2 125 Ft/db,https://shop.rossmann.hu/termek/oral-b-lion-king-kids-3-elektromos-fogkefe-potfej-4-db
2026-08-20,Rossmann,Oral-B,Szájápolás,Oral-B Pro 3D White Clinical Bright Brilliance fogkrém - 75 ml,75 ml,75.0,ml,8700216922807,1494.0,Nincs készleten 1 494 Ft 19 920 Ft/l,https://shop.rossmann.hu/termek/oral-b-pro-3d-white-clinical-bright-brilliance-fogkrem-75-ml
2026-08-20,Rossmann,Oral-B,Szájápolás,Oral-B Pro 3D White Clinical Radiant White fogkrém - 75 ml,75 ml,75.0,ml,8700216922838,1493.0,Nincs készleten 1 493 Ft 19 907 Ft/l,https://shop.rossmann.hu/termek/oral-b-pro-3d-white-clinical-radiant-white-fogkrem-75-ml
2026-08-20,Rossmann,Oral-B,Szájápolás,Oral-B Pro 3D White elektromos fogkefe pótfej - 4 db,4 db,4.0,db,8006540847213,8899.0,Nincs készleten 8 899 Ft 2 225 Ft/db,https://shop.rossmann.hu/termek/oral-b-pro-3d-white-fogkefefejek-4-db
2026-08-20,Rossmann,Oral-B,Szájápolás,Oral-B Pro Cross Action elektromos fogkefe pótfej - 6 db,6 db,6.0,db,8006540847879,12299.0,Nincs készleten 12 299 Ft 2 050 Ft/db,https://shop.rossmann.hu/termek/oral-b-pro-cross-action-elektromos-fogkefe-potfej-6-db
2026-08-20,Rossmann,Oral-B,Szájápolás,Oral-B Pro-Expert Fresh Breath fogkrém - 75 ml,75 ml,75.0,ml,8006530090476,786.0,Nincs készleten 786 Ft 10 480 Ft/l,https://shop.rossmann.hu/termek/oral-b-pro-expert-fresh-breath-fogkrem-75-ml
2026-08-20,Rossmann,Oral-B,Szájápolás,Oral-B Pro-Expert Gentle Whitening fogkrém - 75 ml,75 ml,75.0,ml,8006530090537,786.0,Nincs készleten 786 Ft 10 480 Ft/l,https://shop.rossmann.hu/termek/oral-b-pro-expert-gentle-whitening-fogkrem-75-ml
2026-08-20,Rossmann,Oral-B,Szájápolás,Oral B Pro-Expert Gentle White fogkrém 2x75ml - 150 ml,150 ml,150.0,ml,8006530444187,1178.0,Nincs készleten 1 178 Ft 7 853 Ft/l,https://shop.rossmann.hu/termek/oral-b-pro-expert-gentle-white-fogkrem-2x75ml-150-ml
2026-08-20,Rossmann,Oral-B,Szájápolás,Oral-B Pro-Expert Professional Protection fogkrém - 75 ml,75 ml,75.0,ml,8006530090674,786.0,Nincs készleten 786 Ft 10 480 Ft/l,https://shop.rossmann.hu/termek/oral-b-pro-expert-professional-protection-fogkrem-75-ml-3
2026-08-20,Rossmann,Oral-B,Szájápolás,Oral-B Pro-Expert Sensitive Calm Sensation fogkrém - 75 ml,75 ml,75.0,ml,8006530090773,786.0,Nincs készleten 786 Ft 10 480 Ft/l,https://shop.rossmann.hu/termek/oral-b-pro-expert-sensitive-calm-sensation-fogkrem-75-ml
2026-08-20,Rossmann,Oral-B,Szájápolás,Oral-B Pro-Expert Sensitive fogkrém 2x75ml - 150 ml,150 ml,150.0,ml,8006530444224,1178.0,Nincs készleten 1 178 Ft 7 853 Ft/l,https://shop.rossmann.hu/termek/oral-b-pro-expert-sensitive-fogkrem-2x75ml-150-ml
2026-08-20,Rossmann,Oral-B,Szájápolás,Oral-B Pro Junior gyermek fogkrém 6-12 évesek korig - 75 ml,75 ml,75.0,ml,8700216089654,778.0,Nincs készleten 778 Ft 10 373 Ft/l,https://shop.rossmann.hu/termek/oral-b-pro-junior-gyermek-fogkrem-6-12-evesek-korig-75-ml
2026-08-20,Rossmann,Oral-B,Szájápolás,Oral-B Pro Kids Jégvarázs elektromos fogkefe 3 éves kortól - 1 db,1 db,1.0,db,8006540772591,17499.0,Nincs készleten 17 499 Ft 17 499 Ft/db,https://shop.rossmann.hu/termek/oral-b-pro-kids-jegvarazs-elektromos-fogkefe-3-eves-kortol-1-db
2026-08-20,Rossmann,Oral-B,Szájápolás,Oral-B Pro Kids Spiderman elektromos fogkefe pótfej - 4 db,4 db,4.0,db,8006540805237,8499.0,Nincs készleten 8 499 Ft 2 125 Ft/db,https://shop.rossmann.hu/termek/oral-b-pro-kids-spiderman-fogkefefej-4-db
2026-08-20,Rossmann,Oral-B,Szájápolás,Oral-B Pro Precision Clean elektromos fogkefe pótfej - 8 db,8 db,8.0,db,8006540847459,12599.0,Nincs készleten 12 599 Ft 1 575 Ft/db,https://shop.rossmann.hu/termek/oral-b-pro-precision-clean-elektromos-fogkefe-potfej-8-db
2026-08-20,Rossmann,Oral-B,Szájápolás,Oral-B Pro Precision Clean fogkefefej - 4 db,4 db,4.0,db,8006540847299,6999.0,Nincs készleten 6 999 Ft 1 750 Ft/db,https://shop.rossmann.hu/termek/oral-b-pro-precision-clean-fogkefefej-4-db
2026-08-20,Rossmann,Oral-B,Szájápolás,Oral B Pro-Sensitive Advanced Extra Duo fogkefe - 2 db,2 db,2.0,db,8700216567916,1456.0,Nincs készleten 1 456 Ft 728 Ft/db,https://shop.rossmann.hu/termek/oral-b-pro-sensi-advanced-fogkefe-eltavolitja-a-lepedekkepzo-bakteriumokat-puha-2
2026-08-20,Rossmann,Oral-B,Szájápolás,Oral-B Pro-Sensi Clinical Extra Soft fogkefe - 2 db,2 db,2.0,db,8700216567923,1682.0,Nincs készleten 1 682 Ft 841 Ft/db,https://shop.rossmann.hu/termek/oral-b-pro-sensi-clinical-manualis-fogkefe-gyenged-tisztitas-extra-puha-sortek-2
2026-08-20,Rossmann,Oral-B,Szájápolás,Oral B Pulsonic Sensitive elektromos fogkefe pótfej - 4 db,4 db,4.0,db,4210201299899,7699.0,Nincs készleten 7 699 Ft 1 925 Ft/db,https://shop.rossmann.hu/termek/oral-b-pulsonic-sensitiv-elektromos-fogkefe-potfej-4-db
2026-08-20,Rossmann,Oral-B,Szájápolás,Oral-B Superfloss fogselyembefűző - 50 db,50 db,50.0,db,8700216538961,1699.0,Nincs készleten 1 699 Ft 34 Ft/m,https://shop.rossmann.hu/termek/oral-b-super-floss-elore-levagott-fogselyem-csikok-50-db
2026-08-20,Rossmann,Oral-B,Szájápolás,Oral-B Vitality Pro elektromos fogkefe fehér/kék - 1 db,1 db,1.0,db,4210201446453,15499.0,Nincs készleten 15 499 Ft 15 499 Ft/db,https://shop.rossmann.hu/termek/oral-b-vitality-pro-elektromos-fogkefe-feher-1-db
2026-08-20,Rossmann,Blend-a-dent,Szájápolás,Blend-A-Dent Complete Fresh műfogsorragasztó - 47 g,47 g,47.0,g,8001841900612,1999.0,Nincs készleten 1 999 Ft 42 532 Ft/kg,https://shop.rossmann.hu/termek/blend-a-dent-complete-fresh-mufogsorrogzito-krem-47-g
2026-08-20,Rossmann,Oral-B,Szájápolás,Oral-B Vitality Pro elektromos fogkefe /lila - 1 db,1 db,1.0,db,4210201427025,16499.0,Nincs készleten 16 499 Ft 16 499 Ft/db,https://shop.rossmann.hu/termek/oral-b-vitality-pro-elektromos-fogkefe-lila
2026-08-20,Rossmann,Blend-a-dent,Szájápolás,Blend-a-Dent Complete Semleges ízű műfogsorragasztó - 47 g,47 g,47.0,g,8001841900575,1959.0,Nincs készleten 1 959 Ft 41 681 Ft/kg,https://shop.rossmann.hu/termek/blend-a-dent-complete-semleges-izu-mufogsorragaszto-47-g
2026-08-20,Rossmann,Blend-a-dent,Szájápolás,Blend-a-Dent Plus mufogsorrögzíto krém - 40 g,40 g,40.0,g,8700216598736,1999.0,Nincs készleten 1 999 Ft 49 975 Ft/kg,https://shop.rossmann.hu/termek/blend-a-dent-plus-mufogsorrogzito-krem-40-g-2
2026-08-20,Rossmann,Blend-a-dent,Szájápolás,Blend-a-Dent Ultimate műfogsorragasztó - 40 g,40 g,40.0,g,8700216596398,2499.0,Nincs készleten 2 499 Ft 62 475 Ft/kg,https://shop.rossmann.hu/termek/blend-a-dent-professional-protezisrogzito-krem-40-g
2026-08-20,Rossmann,Blend-a-dent,Szájápolás,Blend-A-Dent Duo Power műfogsorragasztó krém - 80 g,80 g,80.0,g,8006530000031,3299.0,Nincs készleten 3 299 Ft 41 238 Ft/kg,https://shop.rossmann.hu/termek/blend-a-dent-duopower-protezisrogzito-krem-2x40-g-80-g
2026-08-20,Rossmann,Blend-a-dent,Szájápolás,Blend-a-Dent Original Complete Duo műfogsorragasztó krém - 94 g,94 g,94.0,g,8006540300053,3399.0,Nincs készleten 3 399 Ft 36 160 Ft/kg,https://shop.rossmann.hu/termek/blend-a-dent-original-complete-duo-protezisragaszto-2x47g-94-g
2026-08-20,Rossmann,Blend-a-dent,Szájápolás,Blend-a-Dent Complete Original mufogsorragasztó - 47 g,47 g,47.0,g,8001841900483,1959.0,Nincs készleten 1 959 Ft 41 681 Ft/kg,https://shop.rossmann.hu/termek/blend-a-dent-complete-original-mufogsorragaszto-47-g
2026-08-20,Rossmann,Ariel,Mosás & háztartás,Ariel Allin1 Color Fresh mosókapszula - 100 db,100 db,100.0,db,8006530348218,13057.0,Nincs készleten 13 057 Ft 131 Ft/db,https://shop.rossmann.hu/termek/ariel-allin1-pods-mosokapszula-100-mosashoz-100-db
2026-08-20,Rossmann,Ariel,Mosás & háztartás,Ariel Allin1 PODS mosókapszula 50 mosáshoz - 50 db,50 db,50.0,db,8700216764360,7026.0,Nincs készleten 7 026 Ft 141 Ft/db,https://shop.rossmann.hu/termek/ariel-allin1-pods-mosokapszula-50-mosashoz-50-db
2026-08-20,Rossmann,Ariel,Mosás & háztartás,Ariel Allin1 PODS mosókapszula 50 mosáshoz - 50 db,50 db,50.0,db,8700216764285,7026.0,Nincs készleten 7 026 Ft 141 Ft/db,https://shop.rossmann.hu/termek/ariel-allin1-pods-mosokapszula-50-mosashoz-50-db-3
2026-08-20,Rossmann,Ariel,Mosás & háztartás,Ariel Color folyékony mosószer 60 mosás - 2700 ml,2700 ml,2700.0,ml,8700216690829,7011.0,Nincs készleten 7 011 Ft 2 597 Ft/l,https://shop.rossmann.hu/termek/ariel-color-folyekony-mososzer-60-mosashoz-2700-ml
2026-08-20,Rossmann,Ariel,Mosás & háztartás,"Ariel Fresh Air folyékony mosószer, 50 mosáshoz - 2250 ml",2250 ml,2250.0,ml,8700216690836,7011.0,Nincs készleten 7 011 Ft 3 116 Ft/l,https://shop.rossmann.hu/termek/ariel-fresh-air-folyekony-mososzer-50-mosashoz-2250-ml
2026-08-20,Rossmann,Ariel,Mosás & háztartás,Ariel Sensitive folyékony mosószer 90 mosás - 4050 ml,4050 ml,4050.0,ml,8006530146289,8543.0,Nincs készleten 8 543 Ft 2 109 Ft/l,https://shop.rossmann.hu/termek/ariel-mososzer-4000-ml
2026-08-20,Rossmann,Ariel,Mosás & háztartás,Ariel Color folyékony mosószer 40 mosás - 1800 ml,1800 ml,1800.0,ml,8700216691604,4981.0,Nincs készleten 4 981 Ft 2 767 Ft/l,https://shop.rossmann.hu/termek/ariel-color-folyekony-mososzer-40-mosashoz-1800-ml
2026-08-20,Rossmann,Ariel,Mosás & háztartás,Ariel +Touch Of Lenor Gold Orchid folyékony mosószer 35 mosás - 1575 ml,1575 ml,1575.0,ml,8006530182003,4981.0,Nincs készleten 4 981 Ft 3 163 Ft/l,https://shop.rossmann.hu/termek/ariel-folyekony-mososzer-touch-of-lenor-gold-orchid-1575-l-35-mosashoz
2026-08-20,Rossmann,Ariel,Mosás & háztartás,Ariel +Touch Of Lenor Gold Orchid folyékony mosószer 50 mosás - 2250 ml,2250 ml,2250.0,ml,8006530182201,7011.0,Nincs készleten 7 011 Ft 3 116 Ft/l,https://shop.rossmann.hu/termek/ariel-folyekony-mososzer-touch-of-lenor-gold-orchid-225-l-50-mosashoz
2026-08-20,Rossmann,Ariel,Mosás & háztartás,Ariel Allin1 Color Fresh mosókapszula - 19 db,19 db,19.0,db,8006530269889,3342.0,Nincs készleten 3 342 Ft 176 Ft/db,https://shop.rossmann.hu/termek/ariel-allin1-pods-mosokapszula-19-mosashoz-19-db
2026-08-20,Rossmann,Ariel,Mosás & háztartás,Ariel +Touch Of Lenor Spring Awaking folyékony mosószer 35 mosás - 1575 ml,1575 ml,1575.0,ml,8006530182522,4981.0,Nincs készleten 4 981 Ft 3 163 Ft/l,https://shop.rossmann.hu/termek/ariel-folyekony-mososzer-touch-of-lenor-spring-awakening-1575-l-35-mosashoz
2026-08-20,Rossmann,Ariel,Mosás & háztartás,Ariel Allin1 Extra Hygiene mosókapszula - 26 db,26 db,26.0,db,8700216765305,4903.0,Nincs készleten 4 903 Ft 189 Ft/db,https://shop.rossmann.hu/termek/ariel-allin1-pods-mosokapszula-26-mosashoz-26-db
2026-08-20,Rossmann,Ariel,Mosás & háztartás,Ariel Allin1 Fresh Air mosókapszula - 26 db,26 db,26.0,db,8700216766043,4903.0,Nincs készleten 4 903 Ft 189 Ft/db,https://shop.rossmann.hu/termek/ariel-allin1-pods-mosokapszula-26-mosashoz-26-db-3
2026-08-20,Rossmann,Ariel,Mosás & háztartás,Ariel Allin1 Mountain Spring mosókapszula - 19 db,19 db,19.0,db,8700216765657,3342.0,Nincs készleten 3 342 Ft 176 Ft/db,https://shop.rossmann.hu/termek/ariel-allin1-pods-mosokapszula-19-mosashoz-19-db-3
2026-08-20,Rossmann,Ariel,Mosás & háztartás,Ariel Allin1 Mountain Spring mosókapszula - 30 db,30 db,30.0,db,8700216765480,4903.0,Nincs készleten 4 903 Ft 163 Ft/db,https://shop.rossmann.hu/termek/ariel-allin1-pods-mosokapszula-30-mosashoz-30-db
2026-08-20,Rossmann,Ariel,Mosás & háztartás,Ariel Allin1 PODS+ mosókapszula 44 mosáshoz - 44 db,44 db,44.0,db,8700216764940,7026.0,Nincs készleten 7 026 Ft 160 Ft/db,https://shop.rossmann.hu/termek/ariel-allin1-pods-mosokapszula-44-mosashoz-44-db
2026-08-20,Rossmann,Ariel,Mosás & háztartás,Ariel Allin1 Pods Japanese Blossom mosókapszula 30 mosás - 30 db,30 db,30.0,db,8006530380782,4903.0,Nincs készleten 4 903 Ft 163 Ft/db,https://shop.rossmann.hu/termek/ariel-allin1-pods-mosokapszula-30-mosashoz-japanese-blossom
2026-08-20,Rossmann,Ariel,Mosás & háztartás,Ariel Color folyékony mosószer 100 mosáshoz - 4500 ml,4500 ml,4500.0,ml,8700216692007,9625.0,Nincs készleten 9 625 Ft 2 139 Ft/l,https://shop.rossmann.hu/termek/ariel-folyekony-mososzer-100-mosashoz-color
2026-08-20,Rossmann,Ariel,Mosás & háztartás,Ariel Color mosókapszula 30 db és Lenor Fresh Air öblítő 504 ml - 1 db,504 ml,504.0,ml,8006530126816,6499.0,Nincs készleten 6 499 Ft 6 499 Ft/db,https://shop.rossmann.hu/termek/ariel-color-mosokapszula-30-db-es-lenor-fresh-air-oblito-504-ml-1-db
2026-08-20,Rossmann,Ariel,Mosás & háztartás,"Ariel Extra Clean folyékony mosószer, 50 mosáshoz - 2250 ml",2250 ml,2250.0,ml,8700216691154,7011.0,Nincs készleten 7 011 Ft 3 116 Ft/l,https://shop.rossmann.hu/termek/ariel-extra-clean-folyekony-mososzer-50-mosashoz-2250-ml
2026-08-20,Rossmann,Ariel,Mosás & háztartás,Ariel Japanese Blossom folyékony mosószer 40 mosás - 1800 ml,1800 ml,1800.0,ml,8006530345446,4981.0,Nincs készleten 4 981 Ft 2 767 Ft/l,https://shop.rossmann.hu/termek/ariel-folyekony-mososzer-40-mosashoz-japanese-blossom
2026-08-20,Rossmann,Ariel,Mosás & háztartás,Ariel Mountain Spring folyékony mosószer 40 mosás - 1800 ml,1800 ml,1800.0,ml,8700216691086,4981.0,Nincs készleten 4 981 Ft 2 767 Ft/l,https://shop.rossmann.hu/termek/ariel-mountain-spring-folyekony-mososzer-40-mosashoz-1800-ml
2026-08-20,Rossmann,Ariel,Mosás & háztartás,Ariel Sensitive folyékony mosószer 60 mosáshoz - 2700 ml,2700 ml,2700.0,ml,8700216691550,7011.0,Nincs készleten 7 011 Ft 2 597 Ft/l,https://shop.rossmann.hu/termek/ariel-sensitive-folyekony-mososzer-60-mosashoz-2700-ml
2026-08-20,Rossmann,Lenor,Mosás & háztartás,Lenor Unstoppables Fresh illatgyöngyök 41 mosás - 495 g,495 g,495.0,g,8700216704694,6499.0,Nincs készleten 6 499 Ft 13 129 Ft/kg,https://shop.rossmann.hu/termek/lenor-ariel-illatgyongy-41-mosas-495-g
2026-08-20,Rossmann,Lenor,Mosás & háztartás,Lenor Fresh Wind öblítő 76 mosás - 1064 ml,1064 ml,1064.0,ml,8700216723077,3025.0,Nincs készleten 3 025 Ft 2 843 Ft/l,https://shop.rossmann.hu/termek/lenor-fresh-wind-oblito-76-mosashoz-1064-ml
2026-08-20,Rossmann,Lenor,Mosás & háztartás,Lenor Gold Orchid & Vanilla illatgyöngy - 495 g,495 g,495.0,g,8700216704809,6499.0,Nincs készleten 6 499 Ft 13 129 Ft/kg,https://shop.rossmann.hu/termek/lenor-gold-orchid-vanilla-illatgyongy-495-g
2026-08-20,Rossmann,Lenor,Mosás & háztartás,Lenor Lotus Flower & Diamond Figs öblítő 59 mosás - 1239 ml,1239 ml,1239.0,ml,8006530218306,1899.0,2 348 Ft 1 895 Ft/l,https://shop.rossmann.hu/termek/lenor-lotus-water-diamond-figs-oblito-59-mosashoz-1239-ml
2026-08-20,Rossmann,Lenor,Mosás & háztartás,Lenor Orchid & Vanilla öblítő 59 mosás - 1239 ml,1239 ml,1239.0,ml,8700216724081,1899.0,2 348 Ft 1 895 Ft/l,https://shop.rossmann.hu/termek/lenor-orchid-vanilla-oblito-59-mosashoz-1239-ml
2026-08-20,Rossmann,Lenor,Mosás & háztartás,Lenor Pink Blossom öblítő 86 mosás - 1204 ml,1204 ml,1204.0,ml,8700216809795,3153.0,Nincs készleten 3 153 Ft 2 619 Ft/l,https://shop.rossmann.hu/termek/lenor-pink-blossom-oblito-86-mosashoz-1204-ml
2026-08-20,Rossmann,Lenor,Mosás & háztartás,Lenor Sensitive öblítő 71 mosás - 1491 ml,1491 ml,1491.0,ml,8700216723985,2119.0,Nincs készleten 2 119 Ft 1 421 Ft/l,https://shop.rossmann.hu/termek/lenor-sensitive-oblito-71-mosashoz-1491-ml
2026-08-20,Rossmann,Lenor,Mosás & háztartás,Lenor Spring Awakening illatgyöngy - 495 g,495 g,495.0,g,8700216704779,6499.0,Nincs készleten 6 499 Ft 13 129 Ft/kg,https://shop.rossmann.hu/termek/lenor-spring-awakening-parfumgyongy-495-g
2026-08-20,Rossmann,Lenor,Mosás & háztartás,Lenor Spring Awakening öblítő 118 mosás - 2478 ml,2478 ml,2478.0,ml,8700216880886,3415.0,Nincs készleten 3 415 Ft 1 378 Ft/l,https://shop.rossmann.hu/termek/lenor-textiloblito-118-mosashoz-spring-awakening
2026-08-20,Rossmann,Lenor,Mosás & háztartás,Lenor Spring Awakening öblítő 71 mosás - 1491 ml,1491 ml,1491.0,ml,8700216724074,2119.0,Nincs készleten 2 119 Ft 1 421 Ft/l,https://shop.rossmann.hu/termek/lenor-spring-awak-oblito-71-mosashoz-1491-ml
2026-08-20,Rossmann,Lenor,Mosás & háztartás,Lenor Unstoppables Fresh illatgyöngyök 41 mosás - 495 g,495 g,495.0,g,8700216704724,6499.0,Nincs készleten 6 499 Ft 13 129 Ft/kg,https://shop.rossmann.hu/termek/lenor-unstoppables-fresh-illatgyongyok-495-g
2026-08-20,Rossmann,Lenor,Mosás & háztartás,Lenor Spring Awakening illatgyöngy - 195 g,195 g,195.0,g,8700216708418,2299.0,3 099 Ft 15 892 Ft/kg,https://shop.rossmann.hu/termek/lenor-spring-awakening-illatgyongy-195-g
2026-08-20,Rossmann,Lenor,Mosás & háztartás,Lenor Gold Orchid & Vanilla illatgyöngy - 195 g,195 g,195.0,g,8700216708517,2299.0,3 099 Ft 15 892 Ft/kg,https://shop.rossmann.hu/termek/lenor-gold-orchid-vanilla-illatgyongy-195-g
2026-08-20,Rossmann,Lenor,Mosás & háztartás,Lenor Sensitive öblítő 76 mosás - 1064 ml,1064 ml,1064.0,ml,8700216723183,3025.0,Nincs készleten 3 025 Ft 2 843 Ft/l,https://shop.rossmann.hu/termek/lenor-sensitive-oblito-76-mosashoz-1064-ml
2026-08-20,Rossmann,Lenor,Mosás & háztartás,Lenor Cherry Blossom & Sage öblítő 59 mosás - 1239 ml,1239 ml,1239.0,ml,8700216723602,1899.0,2 348 Ft 1 895 Ft/l,https://shop.rossmann.hu/termek/lenor-cherry-blossom-sage-oblito-59-mosashoz-1239-ml
2026-08-20,Rossmann,Lenor,Mosás & háztartás,Lenor Japanese Blossom illatgyöngy - 195 g,195 g,195.0,g,8006530388450,2299.0,3 099 Ft 15 892 Ft/kg,https://shop.rossmann.hu/termek/lenor-parfumgyongyok-195g-japanese-blossom
2026-08-20,Rossmann,Lenor,Mosás & háztartás,Lenor Cotton Fresh illatgyöngy - 495 g,495 g,495.0,g,8006530183185,6499.0,Nincs készleten 6 499 Ft 13 129 Ft/kg,https://shop.rossmann.hu/termek/lenor-parfumgyongyok-mosashoz-495-g-cotton-fresh
2026-08-20,Rossmann,Lenor,Mosás & háztartás,Lenor Floral Bouquet öblítő 59 mosás - 1239 ml,1239 ml,1239.0,ml,8700216726900,1899.0,2 348 Ft 1 895 Ft/l,https://shop.rossmann.hu/termek/lenor-floral-bouquet-oblito-59-mosashoz-1239-ml
2026-08-20,Rossmann,Lenor,Mosás & háztartás,Lenor Fresh Wind öblítő 86 mosás - 1204 ml,1204 ml,1204.0,ml,8700216723206,3153.0,Nincs készleten 3 153 Ft 2 619 Ft/l,https://shop.rossmann.hu/termek/lenor-fresh-wind-oblito-86-mosashoz-1204-ml
2026-08-20,Rossmann,Lenor,Mosás & háztartás,Lenor Gold Orchid öblítő 94 mosás - 1974 ml,1974 ml,1974.0,ml,8700216880770,2586.0,Nincs készleten 2 586 Ft 1 310 Ft/l,https://shop.rossmann.hu/termek/lenor-oblito-gold-orchid-1974-ml
2026-08-20,Rossmann,Lenor,Mosás & háztartás,Lenor Japanese Blossom öblítő 59 mosás - 1239 ml,1239 ml,1239.0,ml,8006530389846,1899.0,2 348 Ft 1 895 Ft/l,https://shop.rossmann.hu/termek/lenor-textiloblito-59-mosashoz-japanese-blossom
2026-08-20,Rossmann,Lenor,Mosás & háztartás,Lenor Pink Blossom öblítő 76 mosás - 1064 ml,1064 ml,1064.0,ml,8700216809832,3025.0,Nincs készleten 3 025 Ft 2 843 Ft/l,https://shop.rossmann.hu/termek/lenor-pink-blossom-oblito-76-mosashoz-1064-ml
2026-08-20,Rossmann,Lenor,Mosás & háztartás,Lenor Sensitive öblítő 118 mosás - 2478 ml,2478 ml,2478.0,ml,8006530250665,3415.0,Nincs készleten 3 415 Ft 1 378 Ft/l,https://shop.rossmann.hu/termek/lenor-textiloblito-59-mosashoz-sensitive
2026-08-20,Rossmann,Lenor,Mosás & háztartás,Lenor Spring Awakening öblítő 1491 ml és illatgyöngy 195 g - 1 db,195 g,195.0,g,8006530107273,4999.0,Nincs készleten 4 999 Ft 4 999 Ft/db,https://shop.rossmann.hu/termek/lenor-textiloblito-71-mosashoz-spring-awakening
2026-08-20,Rossmann,Ambi Pur,Mosás & háztartás,Ambi Pur 3Volution Lenor Spring Awakening elektromos légfrissítő-utántöltő - 20 ml,20 ml,20.0,ml,8001841227955,2599.0,Nincs készleten 2 599 Ft 129 950 Ft/l,https://shop.rossmann.hu/termek/ambi-pur-3volution-elektromos-utantolto-lenor-spring-20-ml
2026-08-20,Rossmann,Ambi Pur,Mosás & háztartás,Ambi Pur 3Volution Lenor Spring Awakening elektromos légfrissítő készülék - 20 ml,20 ml,20.0,ml,8006540528921,3749.0,Nincs készleten 3 749 Ft 187 450 Ft/l,https://shop.rossmann.hu/termek/ambi-pur-3volution-lenor-spring-elektromos-keszulek-20-ml
2026-08-20,Rossmann,Ambi Pur,Mosás & háztartás,Ambi Pur Spring Awakening autóillatosító - 2 ml,2 ml,2.0,ml,8001090871619,2049.0,Nincs készleten 2 049 Ft 1 024 500 Ft/l,https://shop.rossmann.hu/termek/ambi-pur-april-fresh-lenor-csiptetos-autoillatosito-utantolto-1-db
2026-08-20,Rossmann,Lenor,Mosás & háztartás,Lenor Tropical Sunset öblítő 76 mosás - 1064 ml,1064 ml,1064.0,ml,8700216723039,3025.0,Nincs készleten 3 025 Ft 2 843 Ft/l,https://shop.rossmann.hu/termek/lenor-tropical-sunset-oblito-76-mosashoz-1064-ml
2026-08-20,Rossmann,Fairy,Mosás & háztartás,Alterra Mono szemhéjpúder /01 Fairy Dust - 1 db,1 db,1.0,db,4068134131201,1699.0,Nincs készleten 1 699 Ft 1 699 Ft/db,https://shop.rossmann.hu/termek/alterra-mono-szemhejpuder-01-fairy-dust-1-db
2026-08-20,Rossmann,Fairy,Mosás & háztartás,Essie Gel Couture körömlakk /40 Fairy Tailor - 1 db,1 db,1.0,db,30151857,4399.0,Nincs készleten 4 399 Ft 4 399 Ft/db,https://shop.rossmann.hu/termek/essie-gel-couture-koromlakk-40-fairy-tailor-1-db
2026-08-20,Rossmann,Fairy,Mosás & háztartás,Herbow Fairy Baby 3in1 mosóparfüm koncentrátum 200 mosás - 1000 ml,1000 ml,1000.0,ml,5999567517517,3959.0,Nincs készleten 3 959 Ft 3 959 Ft/l,https://shop.rossmann.hu/termek/herbow-fairy-baby-3in1-mosoparfum-koncentratum-200-mosas-1000-ml
2026-08-20,Rossmann,Fairy,Mosás & háztartás,Rival Loves Me UV-Gels On The Go géllakk /13 fairy - 1 db,1 db,1.0,db,4068134098399,1799.0,Nincs készleten 1 799 Ft 1 799 Ft/db,https://shop.rossmann.hu/termek/rival-loves-me-uv-gels-on-the-go-gellakk-13-fairy-1-db
2026-08-20,Rossmann,Ambi Pur,Mosás & háztartás,Ambi Pur 3Volution Aloha elektromos légfrissítő-utántöltő - 40 ml,40 ml,40.0,ml,8700216776134,2699.0,3 599 Ft 89 975 Ft/l,https://shop.rossmann.hu/termek/ambi-pur-3volution-aloha-elektromos-legfrissito-utantolto-40-ml
2026-08-20,Rossmann,Ambi Pur,Mosás & háztartás,Ambi Pur 3Volution Gold Orchid elektromos légfrissítő készülék - 20 ml,20 ml,20.0,ml,8700216486200,3749.0,Nincs készleten 3 749 Ft 187 450 Ft/l,https://shop.rossmann.hu/termek/ambi-pur-3volution-gold-orchid-elektromos-legfrissito-utantolto-20-ml
2026-08-20,Rossmann,Ambi Pur,Mosás & háztartás,Ambi Pur 3Volution Flowers & Spring elektromos légfrissítő-utántöltő - 20 ml,20 ml,20.0,ml,4015600570637,2599.0,Nincs készleten 2 599 Ft 129 950 Ft/l,https://shop.rossmann.hu/termek/ambi-pur-3vol-el-ut-flowers-spring-20-ml
2026-08-20,Rossmann,Ambi Pur,Mosás & háztartás,Ambi Pur 3Volution Gold Orchid elektromos légfrissítő utántöltő - 20 ml,20 ml,20.0,ml,8001841922690,2599.0,Nincs készleten 2 599 Ft 129 950 Ft/l,https://shop.rossmann.hu/termek/ambi-pur-3vol-elektromos-utantolto-gold-orchid-20-ml
2026-08-20,Rossmann,Ambi Pur,Mosás & háztartás,Ambi Pur 3Volution Gold Orchid elektromos légfrissítő utántöltő 2x20 ml - 40 ml,40 ml,40.0,ml,8700216686488,3599.0,Nincs készleten 3 599 Ft 89 975 Ft/l,https://shop.rossmann.hu/termek/ambi-pur-3volution-gold-orchid-elektromos-legfrissito-utantolto-2x20-40-ml
2026-08-20,Rossmann,Ambi Pur,Mosás & háztartás,Ambi Pur Cotton Fresh fürdőszobai légfrissítő - 1 db,1 db,1.0,db,8700216014434,2099.0,Nincs készleten 2 099 Ft 279 867 Ft/l,https://shop.rossmann.hu/termek/ambi-pur-cotton-furdoszobai-legfrissito-75-ml
2026-08-20,Rossmann,Ambi Pur,Mosás & háztartás,Ambi Pur Flower & Spring légfrissítő spray - 370ml,370 ml,370.0,ml,8700216285780,3099.0,Nincs készleten 3 099 Ft 8 376 Ft/l,https://shop.rossmann.hu/termek/ambi-pur-flower-spring-legfrissito-spray-370ml
2026-08-20,Rossmann,Ambi Pur,Mosás & háztartás,Ambi Pur Flowers & Spring fürdőszobai légfrisssítő - 1 db,1 db,1.0,db,8700216014489,2099.0,Nincs készleten 2 099 Ft 279 867 Ft/l,https://shop.rossmann.hu/termek/ambi-pur-flower-furdoszobai-legfrisssito-75-ml
2026-08-20,Rossmann,Ambi Pur,Mosás & háztartás,Ambi Pur Gold Orchid légfrissítő spray - 185 ml,185 ml,185.0,ml,8700216261623,1799.0,Nincs készleten 1 799 Ft 9 724 Ft/l,https://shop.rossmann.hu/termek/ambi-pur-gold-orchid-legfrissito-spray-185-ml
2026-08-20,Rossmann,Ambi Pur,Mosás & háztartás,Ambi Pur Morning Dew fürdőszobai légfrissítő - 1 db,1 db,1.0,db,8700216696647,2099.0,Nincs készleten 2 099 Ft 262 375 Ft/l,https://shop.rossmann.hu/termek/ambi-pur-morning-dew-furdoszobai-legfrissito-8-ml
2026-08-20,Rossmann,Ambi Pur,Mosás & háztartás,Ambi Pur Pink Hibiskus & Rose WC gél - 750 ml,750 ml,750.0,ml,8435495820802,1399.0,Nincs készleten 1 399 Ft 1 865 Ft/l,https://shop.rossmann.hu/termek/ambi-pur-pink-hibiskus-rose-wc-gel-750-ml
2026-08-20,Rossmann,Ambi Pur,Mosás & háztartás,Ambi Pur Spring Awakening fürdőszobai légfrissítő - 1 db,1 db,1.0,db,8700216014298,2099.0,Nincs készleten 2 099 Ft 279 867 Ft/l,https://shop.rossmann.hu/termek/ambi-pur-spring-awakening-furdoszobai-legfrissito-75-ml
2026-08-20,Rossmann,Ambi Pur,Mosás & háztartás,Ambi Pur Spring Awakening légfrissítő spray - 185 ml,185 ml,185.0,ml,8700216261395,1799.0,Nincs készleten 1 799 Ft 9 724 Ft/l,https://shop.rossmann.hu/termek/ambi-pur-spring-awakening-segfrissito-spray-185-ml
2026-08-20,Rossmann,Ambi Pur,Mosás & háztartás,Ambi Pur Spring Awakening légfrissítő spray - 370 ml,370 ml,370.0,ml,8700216284417,3099.0,Nincs készleten 3 099 Ft 8 376 Ft/l,https://shop.rossmann.hu/termek/ambi-pur-spring-awakening-legfrissito-spray-370-ml
2026-08-20,Rossmann,Ambi Pur,Mosás & háztartás,Ambi Pur 3Volution Spring Awakening elektromos légfrissítő utántöltő (2x20) - 40 ml,40 ml,40.0,ml,8001841922652,3599.0,Nincs készleten 3 599 Ft 89 975 Ft/l,https://shop.rossmann.hu/termek/ambi-pur-3vol-elektromos-utantolto-duo-spring-2x20-40-ml
2026-08-20,Rossmann,Ambi Pur,Mosás & háztartás,Ambi Pur Spring Awakening fürdőszobai légfrissítő - 1 db,1 db,1.0,db,8700216014366,3299.0,Nincs készleten 3 299 Ft 219 933 Ft/l,https://shop.rossmann.hu/termek/ambi-pur-spring-awak-furdoszobai-legfrissito-15-ml
2026-08-20,Rossmann,Ambi Pur,Mosás & háztartás,Ambi Pur Flowers and Spring fürdőszobai légfrissítő - 2 db,2 db,2.0,db,8700216014557,3299.0,Nincs készleten 3 299 Ft 219 933 Ft/l,https://shop.rossmann.hu/termek/ambi-pur-flower-furdoszobai-legfrissito-15-ml
2026-08-20,Rossmann,Ambi Pur,Mosás & háztartás,Ambi Pur Cotton Fresh fürdőszobai légfrissítő - 2 db,2 db,2.0,db,8700216014649,3299.0,Nincs készleten 3 299 Ft 219 933 Ft/l,https://shop.rossmann.hu/termek/ambi-pur-cotton-furdoszobai-legfrissito-15-ml
2026-08-20,Rossmann,Ambi Pur,Mosás & háztartás,Ambi Pur Flowers & Spring autóillatosító 2x2 ml - 4 ml,4 ml,4.0,ml,4084500996779,3199.0,Nincs készleten 3 199 Ft 799 750 Ft/l,https://shop.rossmann.hu/termek/ambi-pur-car-flower-spring-2x2-ml
2026-08-20,Rossmann,Ambi Pur,Mosás & háztartás,Ambi Pur 3Volution Morning Dew elektromos légfrissítő-utántöltő - 20 ml,20 ml,20.0,ml,8700216737128,2599.0,Nincs készleten 2 599 Ft 129 950 Ft/l,https://shop.rossmann.hu/termek/ambi-pur-3volution-morning-dew-elektromos-legfrissito-utantolto-20-ml
2026-08-20,Rossmann,Ambi Pur,Mosás & háztartás,Ambi Pur Flowers & Spring elektromos légfrissítő utántöltő - 40 ml,40 ml,40.0,ml,8700216834292,3599.0,Nincs készleten 3 599 Ft 89 975 Ft/l,https://shop.rossmann.hu/termek/ambi-pur-3volution-flowers-spring-elektromos-legfrissito-utantolto-40-ml
2026-08-20,Rossmann,Ambi Pur,Mosás & háztartás,Ambi Pur 3volution Cotton Flower elektromos légfrissítő - 20 ml,20 ml,20.0,ml,8006540265628,2599.0,Nincs készleten 2 599 Ft 129 950 Ft/l,https://shop.rossmann.hu/termek/ambi-pur-elektromos-legfrissito-cotton-flower-20-ml
2026-08-20,Rossmann,Ambi Pur,Mosás & háztartás,Ambi Pur Gold Orchid fürdőszobai légfrissítő - 8 ml,8 ml,8.0,ml,8006530307444,2099.0,Nincs készleten 2 099 Ft 262 375 Ft/l,https://shop.rossmann.hu/termek/ambi-pur-furdoszobai-legfrissito-folyamatos-szagsemlegesites-es-szagmegelozes-gold-orchid-1-x
2026-08-20,Rossmann,Ambi Pur,Mosás & háztartás,Ambi Pur Japanese Blossom fürdőszobai légfrissítő - 8 ml,8 ml,8.0,ml,8006530394178,2099.0,Nincs készleten 2 099 Ft 262 375 Ft/l,https://shop.rossmann.hu/termek/ambi-pur-furdoszobai-legfrissito-folyamatos-szagsemlegesites-es-szagmegelozes-japanese-blossom-1-x
2026-08-20,Rossmann,Ambi Pur,Mosás & háztartás,Ambi Pur Japanese Blossom légfrissítő spray - 185 ml,185 ml,185.0,ml,8006530394567,1799.0,Nincs készleten 1 799 Ft 9 724 Ft/l,https://shop.rossmann.hu/termek/ambi-pur-legfrissito-spray-japanese-blossom-185-ml
2026-08-20,Rossmann,Ambi Pur,Mosás & háztartás,Ambi Pur Mint & Jasmin WC gél - 750 ml,750 ml,750.0,ml,8435495820956,1449.0,Nincs készleten 1 449 Ft 1 932 Ft/l,https://shop.rossmann.hu/termek/ambi-pur-mint-jasmin-wc-gel-750-ml
2026-08-20,Rossmann,Ambi Pur,Mosás & háztartás,Ambi Pur White Flowers WC gél - 750 ml,750 ml,750.0,ml,8435495837329,1399.0,Nincs készleten 1 399 Ft 1 865 Ft/l,https://shop.rossmann.hu/termek/ambi-pur-white-flowers-wc-gel-750-ml
2026-08-20,Rossmann,Ambi Pur,Mosás & háztartás,Ambi Pur Wild Hibiskus aktív WC illatosító 2x45g - 90 g,90 g,90.0,g,8435495838623,1869.0,Nincs készleten 1 869 Ft 20 767 Ft/kg,https://shop.rossmann.hu/termek/ambi-pur-wild-hibiskus-aktiv-wc-illatosito-2x45g-90-g
2026-08-20,Rossmann,Always,Női higiénia & baba,Always Cotton Protection Long egészségügyi betét - 9 db,9 db,9.0,db,8006540231173,1300.0,Nincs készleten 1 300 Ft 144 Ft/db,https://shop.rossmann.hu/termek/always-cotton-protection-ultra-egeszsegugyi-betet-9-db
2026-08-20,Rossmann,Always,Női higiénia & baba,Always Infinity FlexProtect Normal egészségügyi betét - 12 db,12 db,12.0,db,4015400684428,1427.0,Nincs készleten 1 427 Ft 119 Ft/db,https://shop.rossmann.hu/termek/always-infinity-flexprotect-egeszsegugyi-betet-12-db
2026-08-20,Rossmann,Always,Női higiénia & baba,Always Platinum Normal Duo Pack egészségügyi betét - 16 db,16 db,16.0,db,8001090444912,1330.0,Nincs készleten 1 330 Ft 83 Ft/db,https://shop.rossmann.hu/termek/always-platinum-duo-pack-normal-egeszsegugyi-betet-16-db
2026-08-20,Rossmann,Always,Női higiénia & baba,Always Platinum Normal Quattro Pack egészségügyi betét - 30 db,30 db,30.0,db,8001841913803,2346.0,Nincs készleten 2 346 Ft 78 Ft/db,https://shop.rossmann.hu/termek/always-quattro-ultra-platinum-normal-egeszsegugyi-betet-30-db
2026-08-20,Rossmann,Always,Női higiénia & baba,Always Platinum Secure Night egészségügyi betét - 10 db,10 db,10.0,db,8001841449906,1330.0,Nincs készleten 1 330 Ft 133 Ft/db,https://shop.rossmann.hu/termek/always-egeszsegugyi-betet-platinum-extra-night-10-db
2026-08-20,Rossmann,Always,Női higiénia & baba,Always Platinum Secure Night egészségügyi betét - 20 db,20 db,20.0,db,8700216186797,2346.0,Nincs készleten 2 346 Ft 117 Ft/db,https://shop.rossmann.hu/termek/always-platinum-secure-night-egeszsegugyi-betet-20-db
2026-08-20,Rossmann,Always,Női higiénia & baba,Always Ultimate Night egészségügyi betét 6-os méret - 8 db,8 db,8.0,db,8700216213905,1330.0,Nincs készleten 1 330 Ft 166 Ft/db,https://shop.rossmann.hu/termek/always-ultimate-night-egeszsegugyi-betet-6-os-meret-szarnyas-x-8
2026-08-20,Rossmann,Always,Női higiénia & baba,Always Ultra Normal egészségügyi betét - 20 db,20 db,20.0,db,8700216171311,1345.0,Nincs készleten 1 345 Ft 67 Ft/db,https://shop.rossmann.hu/termek/always-ultra-duo-normal-plus-egeszsegugyi-betet-20-db
2026-08-20,Rossmann,Always,Női higiénia & baba,Always Ultra Secure Night Extra Mega Pack egészségügyi betét - 32 db,32 db,32.0,db,8700216450423,3341.0,Nincs készleten 3 341 Ft 104 Ft/db,https://shop.rossmann.hu/termek/always-ultra-secure-night-extra-egeszsegugyi-betet-32-db
2026-08-20,Rossmann,Always,Női higiénia & baba,Always Ultra Secure Night egészségügyi betét - 36 db,36 db,36.0,db,8700216450379,3341.0,Nincs készleten 3 341 Ft 93 Ft/db,https://shop.rossmann.hu/termek/always-ultra-secure-night-egeszsegugyi-betet-36-db
2026-08-20,Rossmann,Always,Női higiénia & baba,Always Ultra Super Mega Pack egészségügyi betét - 48 db,48 db,48.0,db,8700216450294,3341.0,Nincs készleten 3 341 Ft 70 Ft/db,https://shop.rossmann.hu/termek/always-ultra-long-egeszsegugyi-betet-48-db
2026-08-20,Rossmann,Always,Női higiénia & baba,Always Daily Protect Long Deo tisztasági betét - 64 db,64 db,64.0,db,8006540778197,1799.0,Nincs készleten 1 799 Ft 28 Ft/db,https://shop.rossmann.hu/termek/always-daily-protect-long-deo-tisztasagi-betet-64-db
2026-08-20,Rossmann,Always,Női higiénia & baba,Always Platinum Day & Night egészségügyi betét - 22 db,22 db,22.0,db,8001841913919,2346.0,Nincs készleten 2 346 Ft 107 Ft/db,https://shop.rossmann.hu/termek/always-quattro-ultra-platinum-night-egeszsegugyi-betet-22-db
2026-08-20,Rossmann,Always,Női higiénia & baba,Always Platinum Super egészségügyi betét - 14 db,14 db,14.0,db,8001090444998,1330.0,Nincs készleten 1 330 Ft 95 Ft/db,https://shop.rossmann.hu/termek/always-platinum-duo-pack-super-egeszsegugyi-betet-14-db
2026-08-20,Rossmann,Always,Női higiénia & baba,Always Ultra Secure Night Extra egészségügyi betét - 10 db,10 db,10.0,db,8006540093849,1330.0,Nincs készleten 1 330 Ft 133 Ft/db,https://shop.rossmann.hu/termek/always-ultra-duo-super-night-egeszsegugyi-betet-xp-light-10-db
2026-08-20,Rossmann,Always,Női higiénia & baba,Always Platinum Super Quattro Pack egészségügyi betét - 26 db,26 db,26.0,db,8001841913841,2346.0,Nincs készleten 2 346 Ft 90 Ft/db,https://shop.rossmann.hu/termek/always-quattro-ultra-platinum-super-egeszsegugyi-betet-26-db
2026-08-20,Rossmann,Always,Női higiénia & baba,Always Ultra Secure Night egészségügyi betét - 12 db,12 db,12.0,db,4015400612469,1330.0,Nincs készleten 1 330 Ft 111 Ft/db,https://shop.rossmann.hu/termek/always-ultra-betet-extra-night-12-db
2026-08-20,Rossmann,Always,Női higiénia & baba,Always Daily Protect Extra tisztasági betét - 40 db,40 db,40.0,db,8006540689011,1249.0,Nincs készleten 1 249 Ft 31 Ft/db,https://shop.rossmann.hu/termek/always-daily-protect-extra-tisztasagi-betet-40-db
2026-08-20,Rossmann,Always,Női higiénia & baba,Always Platinum Day & Night egészségügyi betét - 12 db,12 db,12.0,db,8001090445070,1330.0,Nincs készleten 1 330 Ft 111 Ft/db,https://shop.rossmann.hu/termek/always-platinum-duo-pack-ejszakai-egeszsegugyi-betet-12-db
2026-08-20,Rossmann,Always,Női higiénia & baba,Always Ultra Sensitive Super Duo Pack egészségügyi betét - 16 db,16 db,16.0,db,4015400214038,1151.0,Nincs készleten 1 151 Ft 72 Ft/db,https://shop.rossmann.hu/termek/always-ultra-sensitive-super-plus-egeszsegugyi-betet-16-db
2026-08-20,Rossmann,Always,Női higiénia & baba,Always Daily Protect Long tisztasági betét - 54 db,54 db,54.0,db,8006540769652,1799.0,Nincs készleten 1 799 Ft 33 Ft/db,https://shop.rossmann.hu/termek/always-daily-protect-long-tisztasagi-betet-54-db
2026-08-20,Rossmann,Always,Női higiénia & baba,Always Sensitive Normal Duo Pack egészségügyi betét - 20 db,20 db,20.0,db,4015400213932,1151.0,Nincs készleten 1 151 Ft 58 Ft/db,https://shop.rossmann.hu/termek/always-ultra-sensitive-normal-plus-egeszsegugyi-betet-20-db
2026-08-20,Rossmann,Always,Női higiénia & baba,Always Dailies Fresh & Protect Flexistyle tisztasági betét - 58 db,58 db,58.0,db,8001841230658,1499.0,Nincs készleten 1 499 Ft 26 Ft/db,https://shop.rossmann.hu/termek/always-dailies-flexistyle-normal-tisztasagi-betet-58-db
2026-08-20,Rossmann,Always,Női higiénia & baba,Always Infinity FlexProtect Night egészségügyi betét - 10 db,10 db,10.0,db,4015400684534,1427.0,Nincs készleten 1 427 Ft 143 Ft/db,https://shop.rossmann.hu/termek/always-egeszsegugyi-betet-infinity-night-10-db
2026-08-20,Rossmann,Always,Női higiénia & baba,Always Cotton Protection Night egészségügyi betét - 8 db,8 db,8.0,db,8006540678435,1300.0,Nincs készleten 1 300 Ft 163 Ft/db,https://shop.rossmann.hu/termek/always-cotton-protection-ultra-night-egeszsegugyi-betet-8-db
2026-08-20,Rossmann,Always,Női higiénia & baba,Always Cotton Protection Normal egészségügyi betét - 11 db,11 db,11.0,db,8006540231142,1300.0,Nincs készleten 1 300 Ft 118 Ft/db,https://shop.rossmann.hu/termek/always-cotton-protection-ultra-normal-egeszsegugyi-betet-11-db
2026-08-20,Rossmann,Always,Női higiénia & baba,Always Dailies Fresh & Protect Normal tisztasági betét - 58 db,58 db,58.0,db,4015400565574,1549.0,Nincs készleten 1 549 Ft 27 Ft/db,https://shop.rossmann.hu/termek/always-dailies-fresh-protect-normal-fresh-tisztasagi-betet-58-db
2026-08-20,Rossmann,Always,Női higiénia & baba,Always Dailies Normal Fresh Protect tisztasági betét - 60 db,60 db,60.0,db,4015400563747,1499.0,Nincs készleten 1 499 Ft 25 Ft/db,https://shop.rossmann.hu/termek/always-dailies-normal-fresh-protect-tisztasagi-betet-60-db
2026-08-20,Rossmann,Always,Női higiénia & baba,Always Dailies Normal Fresh & Protect tisztasági betét - 80 db,80 db,80.0,db,4015400746812,1799.0,Nincs készleten 1 799 Ft 22 Ft/db,https://shop.rossmann.hu/termek/always-dailies-normal-fresh-protect-tisztasagi-betet-80-db
2026-08-20,Rossmann,Always,Női higiénia & baba,Always Dailies Normal To Go tisztasági betét - 20 db,20 db,20.0,db,8001090361998,799.0,Nincs készleten 799 Ft 40 Ft/db,https://shop.rossmann.hu/termek/always-dailies-singles-to-go-tisztasagi-betet-20-db-1
2026-08-20,Rossmann,Always,Női higiénia & baba,Always Daily Fresh Normal tisztasági betét - 30 db,30 db,30.0,db,4015400743545,869.0,Nincs készleten 869 Ft 29 Ft/db,https://shop.rossmann.hu/termek/always-daily-fresh-normal-friss-illattal-30-db
2026-08-20,Rossmann,Always,Női higiénia & baba,Always Daily Fresh tisztasági betét - 76 db,76 db,76.0,db,8006540769973,1799.0,Nincs készleten 1 799 Ft 24 Ft/db,https://shop.rossmann.hu/termek/always-daily-fresh-normal-tisztasagi-betet-76-db-3
2026-08-20,Rossmann,Always,Női higiénia & baba,Always Daily Protect Long tisztasági betét - 48 db,48 db,48.0,db,8006540688939,1399.0,Nincs készleten 1 399 Ft 29 Ft/db,https://shop.rossmann.hu/termek/always-daily-protect-hosszu-tisztasagi-betet-48-db
2026-08-20,Rossmann,Always,Női higiénia & baba,Always Sensitive Ultra Night Duo Pack egészségügyi betét - 14 db,14 db,14.0,db,4015400552154,1151.0,Nincs készleten 1 151 Ft 82 Ft/db,https://shop.rossmann.hu/termek/always-egeszsegugyi-betet-sensitive-soft-like-cotton-14-db
2026-08-20,Rossmann,Always,Női higiénia & baba,Always Maxi Normal egészségügyi betét 1-es méret - 22 db,22 db,22.0,db,8006530147385,1024.0,Nincs készleten 1 024 Ft 47 Ft/db,https://shop.rossmann.hu/termek/always-maxi-normal-szarnyas-egeszsegugyi-betet-1-es-meret-22-db-betet
2026-08-20,Rossmann,Always,Női higiénia & baba,"Always Maxi Secure Night éjszakai egészségügyi betét, 4-es méret - 14 db",14 db,14.0,db,8006530147323,1024.0,Nincs készleten 1 024 Ft 73 Ft/db,https://shop.rossmann.hu/termek/always-maxi-secure-night-ejszakai-szarnyas-egeszsegugyi-betet-4-es-meret-14-db-betet
2026-08-20,Rossmann,Always,Női higiénia & baba,Always Platinum Secure Night Extra egészségügyi betét - 8 db,8 db,8.0,db,8700216186742,1330.0,Nincs készleten 1 330 Ft 166 Ft/db,https://shop.rossmann.hu/termek/always-platinum-egeszsegugyi-betet-secure-night-extra-5-os-meret-8-db
2026-08-20,Rossmann,Always,Női higiénia & baba,Always Ultra Super Extra egészségügyi betét - 40 db,40 db,40.0,db,8700216450287,3341.0,Nincs készleten 3 341 Ft 84 Ft/db,https://shop.rossmann.hu/termek/always-ultra-daynight-egeszsegugyi-betet-40-db
2026-08-20,Rossmann,Always,Női higiénia & baba,Always Ultra Day&Night Duo Pack egészségügyi betét - 14 db,14 db,14.0,db,8700216861052,1345.0,Nincs készleten 1 345 Ft 96 Ft/db,https://shop.rossmann.hu/termek/always-ultra-night-duo-egeszsegugyi-betet-14-db
2026-08-20,Rossmann,Always,Női higiénia & baba,Always Ultra Normal egészségügyi betét - 56 db,56 db,56.0,db,8700216450348,3341.0,Nincs készleten 3 341 Ft 60 Ft/db,https://shop.rossmann.hu/termek/always-ultra-normal-egeszsegugyi-betet-56-db
2026-08-20,Rossmann,Always,Női higiénia & baba,Always Ultra Micro Touch Normal Plus egészségügyi betét - 10 db,10 db,10.0,db,8700216861120,636.0,Nincs készleten 636 Ft 64 Ft/db,https://shop.rossmann.hu/termek/always-ultra-normal-plus-egeszsegugyi-betet-10-db
2026-08-20,Rossmann,Always,Női higiénia & baba,Always Ultra Super Duo Pack egészségügyi betét - 16 db,16 db,16.0,db,8700216861069,1345.0,Nincs készleten 1 345 Ft 84 Ft/db,https://shop.rossmann.hu/termek/always-ultra-super-plus-duo-egeszsegugyi-betet-16-db
2026-08-20,Rossmann,Always,Női higiénia & baba,Bourjois Always Fabulous korrektor /100 ivory - 1 db,1 db,1.0,db,3616303011321,3224.0,4 299 Ft 4 299 Ft/db,https://shop.rossmann.hu/termek/bouejois-always-fabulous-korrektor-100-1-db
2026-08-20,Rossmann,Always,Női higiénia & baba,Bourjois Always Fabulous korrektor /200 vanilla - 1 db,1 db,1.0,db,3616303011338,3224.0,4 299 Ft 4 299 Ft/db,https://shop.rossmann.hu/termek/bounjois-always-fabolous-korrektor-200-1-db
2026-08-20,Rossmann,Always,Női higiénia & baba,Bourjois Always Fabulous 24H alapozó /120 - 1 db,1 db,1.0,db,3614228413428,4349.0,5 799 Ft 5 799 Ft/db,https://shop.rossmann.hu/termek/bourjois-alapozo-always-fabulous-24h-120-1-db
2026-08-20,Rossmann,Always,Női higiénia & baba,Bourjois Always Fabulous 24H alapozó /125 ivory - 1 db,1 db,1.0,db,3614228413435,4349.0,5 799 Ft 5 799 Ft/db,https://shop.rossmann.hu/termek/bourjois-alapozo-always-fabulous-24h-125-1-db
2026-08-20,Rossmann,Always,Női higiénia & baba,Bourjois Always Fabulous 24H alapozó /200 - 1 db,1 db,1.0,db,3614228413442,4349.0,5 799 Ft 5 799 Ft/db,https://shop.rossmann.hu/termek/bourjois-alapozo-always-fabulous-24h-200-1-db
2026-08-20,Rossmann,Always,Női higiénia & baba,Bourjois Always Fabulous 24H alapozó /400 - 1 db,1 db,1.0,db,3614228413473,4349.0,5 799 Ft 5 799 Ft/db,https://shop.rossmann.hu/termek/bourjois-alapozo-always-fabulous-24h-400-1-db
2026-08-20,Rossmann,Always,Női higiénia & baba,Bourjois Always Fabulous 24H alapozó /105 - 1 db,1 db,1.0,db,3616302732722,4349.0,5 799 Ft 5 799 Ft/db,https://shop.rossmann.hu/termek/bourjois-always-fabulous-24h-alapozo-105-1-db
2026-08-20,Rossmann,Always,Női higiénia & baba,Bourjois Always Fabulous 24H alapozó /300 - 1 db,1 db,1.0,db,3616302732777,4349.0,5 799 Ft 5 799 Ft/db,https://shop.rossmann.hu/termek/bourjois-always-fabulous-24h-alapozo-300-1-db
2026-08-20,Rossmann,Always,Női higiénia & baba,Bourjois Always Fabulous 24H alapozó /425 miel - 1 db,1 db,1.0,db,3616302732753,4349.0,5 799 Ft 5 799 Ft/db,https://shop.rossmann.hu/termek/bourjois-always-fabulous-24h-alapozo-425-1-db
2026-08-20,Rossmann,Always,Női higiénia & baba,Bourjois Always Fabulous 24H alapozó /520 - 1 db,1 db,1.0,db,3614228412995,4349.0,5 799 Ft 5 799 Ft/db,https://shop.rossmann.hu/termek/bourjois-always-fabulous-24h-alapozo-520-1-db
2026-08-20,Rossmann,Always,Női higiénia & baba,Bourjois Always Fabulous korrektor /300 beige rose - 1 db,1 db,1.0,db,3616303011345,3224.0,4 299 Ft 4 299 Ft/db,https://shop.rossmann.hu/termek/bourjois-always-fabulous-korrektor-300-1-db
2026-08-20,Rossmann,Always,Női higiénia & baba,Bourjois Always Fabulous korrektor /400 beige dore - 1 db,1 db,1.0,db,3616303011352,3224.0,4 299 Ft 4 299 Ft/db,https://shop.rossmann.hu/termek/bourjois-always-fabulous-korrektor-400-1-db
2026-08-20,Rossmann,Always,Női higiénia & baba,NYX Professional Makeup Vivid Rich Mechanical szemceruza /always onyx - 1 db,1 db,1.0,db,0800897246020,2999.0,Nincs készleten 2 999 Ft 2 999 Ft/db,https://shop.rossmann.hu/termek/nyx-professional-makeup-vivid-rich-mechanical-szemceruza-always-onyx-1-db
2026-08-20,Rossmann,Tampax,Női higiénia & baba,Tampax Compak Super Plus tampon - 16 db,16 db,16.0,db,8001841300399,863.0,Nincs készleten 863 Ft 54 Ft/db,https://shop.rossmann.hu/termek/tampax-compak-super-plus-tampon-16-db
2026-08-20,Rossmann,Tampax,Női higiénia & baba,Tampax Compak Super tampon - 16 db,16 db,16.0,db,4015400219743,833.0,Nincs készleten 833 Ft 52 Ft/db,https://shop.rossmann.hu/termek/tampax-tampon-compak-super-16-db
2026-08-20,Rossmann,Tampax,Női higiénia & baba,Tampax Pearl Compak tampon - 16 db,16 db,16.0,db,8001841300573,1691.0,Nincs készleten 1 691 Ft 106 Ft/db,https://shop.rossmann.hu/termek/tampax-compak-pearl-super-tampon-16-db
2026-08-20,Rossmann,Tampax,Női higiénia & baba,Tampax Compak Regular tampon - 16 db,16 db,16.0,db,4015400219538,833.0,Nincs készleten 833 Ft 52 Ft/db,https://shop.rossmann.hu/termek/tampax-tampon-compak-regular-16-db
2026-08-20,Rossmann,Tampax,Női higiénia & baba,Tampax Pearl Compak tampon - 16 db,16 db,16.0,db,8001841300511,1691.0,Nincs készleten 1 691 Ft 106 Ft/db,https://shop.rossmann.hu/termek/tampax-compak-pearl-regular-tampon-16-db
2026-08-20,Rossmann,Tampax,Női higiénia & baba,Tampax Regular tampon - 18 db,18 db,18.0,db,8006540858509,863.0,Nincs készleten 863 Ft 48 Ft/db,https://shop.rossmann.hu/termek/tampax-regular-tampon-18-db
2026-08-20,Rossmann,Discreet,Női higiénia & baba,Discreet Multiform Waterlilly tisztasági betét - 100 db,100 db,100.0,db,8001090162274,1669.0,Nincs készleten 1 669 Ft 17 Ft/db,https://shop.rossmann.hu/termek/discreet-multiform-waterlilly-tisztasagi-betet-100-db
2026-08-20,Rossmann,Discreet,Női higiénia & baba,Discreet Normal tisztasági betét - 100 db,100 db,100.0,db,8001090162038,1669.0,Nincs készleten 1 669 Ft 17 Ft/db,https://shop.rossmann.hu/termek/discreet-illatmentes-tisztasagi-betet-100-db
2026-08-20,Rossmann,Discreet,Női higiénia & baba,Discreet Multiform Spring Breeze tisztasági betét - 60 db,60 db,60.0,db,8001090170316,1199.0,Nincs készleten 1 199 Ft 20 Ft/db,https://shop.rossmann.hu/termek/discreet-multiform-spring-breeze-tisztasagi-betetek-x60
2026-08-20,Rossmann,Discreet,Női higiénia & baba,Discreet Protective Waterlilly Plus tisztasági betét - 48 db,48 db,48.0,db,8700216425773,1699.0,Nincs készleten 1 699 Ft 20 Ft/db,https://shop.rossmann.hu/termek/discreet-protective-waterlilly-plus-tisztasagi-betetek-x84
2026-08-20,Rossmann,Discreet,Női higiénia & baba,Dailee Discreet Premium Slim Maxi Plus inkontinencia betét - 10 db,10 db,10.0,db,8595611628870,3199.0,Nincs készleten 3 199 Ft 320 Ft/db,https://shop.rossmann.hu/termek/dailee-discreet-premium-slim-maxi-plus-inkontinencia-betet-10-db
2026-08-20,Rossmann,Naturella,Női higiénia & baba,Naturella Camomile Normal tisztasági betét - 52 db,52 db,52.0,db,8001090604040,1199.0,Nincs készleten 1 199 Ft 23 Ft/db,https://shop.rossmann.hu/termek/naturella-camomile-normal-tisztasagi-betet-52-db
2026-08-20,Rossmann,Naturella,Női higiénia & baba,Naturella Normal Camomile tisztasági betét - 100 db,100 db,100.0,db,8001090603807,1699.0,Nincs készleten 1 699 Ft 17 Ft/db,https://shop.rossmann.hu/termek/naturella-normal-camomile-tisztasagi-betet-100-db
2026-08-20,Rossmann,Naturella,Női higiénia & baba,Naturella Normal Camomile tisztasági betét - 44 db,44 db,44.0,db,8006540100769,1199.0,Nincs készleten 1 199 Ft 27 Ft/db,https://shop.rossmann.hu/termek/naturella-tisztasagi-betet-regular-chamomile-44-db
2026-08-20,Rossmann,Naturella,Női higiénia & baba,Naturella Ultra Night egészségügyi betét - 14 db,14 db,14.0,db,8001090585394,884.0,Nincs készleten 884 Ft 63 Ft/db,https://shop.rossmann.hu/termek/naturella-ultra-night-egeszsegugyi-betet-14-db
2026-08-20,Rossmann,Naturella,Női higiénia & baba,Naturella Ultra Maxi Camomile egészségügyi betét - 16 db,16 db,16.0,db,8001090586032,884.0,Nincs készleten 884 Ft 55 Ft/db,https://shop.rossmann.hu/termek/naturella-ultra-maxi-camomile-egeszsegugyi-betet-16-db
2026-08-20,Rossmann,Naturella,Női higiénia & baba,Naturella Ultra Night egészségügyi betét - 28 db,28 db,28.0,db,8006540399521,1508.0,Nincs készleten 1 508 Ft 54 Ft/db,https://shop.rossmann.hu/termek/naturella-ultra-night-egeszsegugyi-betet-28-db
2026-08-20,Rossmann,Naturella,Női higiénia & baba,Naturella Ultra Normal Plus egészségügyi betét - 18 db,18 db,18.0,db,8006540098257,883.0,Nincs készleten 883 Ft 49 Ft/db,https://shop.rossmann.hu/termek/naturella-ultra-normal-plus-egeszsegugyi-betet-18-db
2026-08-20,Rossmann,Naturella,Női higiénia & baba,Naturella Ultra Normal Plus egészségügyi betét - 36 db,36 db,36.0,db,8006540981092,1508.0,Nincs készleten 1 508 Ft 42 Ft/db,https://shop.rossmann.hu/termek/naturella-ultra-normal-plus-egeszsegugyi-betet-36-db
2026-08-20,Rossmann,Naturella,Női higiénia & baba,Naturella Ultra Normal egészségügyi betét - 40 db,40 db,40.0,db,4015400197546,1508.0,Nincs készleten 1 508 Ft 38 Ft/db,https://shop.rossmann.hu/termek/naturella-ultra-normal-szarnyas-egeszsegugyi-betet-40-db
2026-08-20,Rossmann,Naturella,Női higiénia & baba,Naturella Ultra Normal egészségügyi betét - 20 db,20 db,20.0,db,8001090585592,884.0,Nincs készleten 884 Ft 44 Ft/db,https://shop.rossmann.hu/termek/naturella-ultra-normal-egeszsegugyi-betet-20-db-1
2026-08-20,Rossmann,Naturella,Női higiénia & baba,Naturella Classic Night Camomile egészségügyi betét - 7 db,7 db,7.0,db,4015400437543,438.0,Nincs készleten 438 Ft 63 Ft/db,https://shop.rossmann.hu/termek/naturella-classic-night-camomile-egeszsegugyi-betet-7-db
2026-08-20,Rossmann,Naturella,Női higiénia & baba,Naturella Normal Camomile tisztasági betét - 74 db,74 db,74.0,db,8006540100806,1699.0,Nincs készleten 1 699 Ft 23 Ft/db,https://shop.rossmann.hu/termek/naturella-normal-camomile-tisztasagi-betet-74-db
2026-08-20,Rossmann,Naturella,Női higiénia & baba,Naturella Ultra Night Plus egészségügyi betét - 12 db,12 db,12.0,db,8700216882347,884.0,Nincs készleten 884 Ft 74 Ft/db,https://shop.rossmann.hu/termek/naturella-ultra-night-plus-szarnyas-betet-5-os-meret-12-db
2026-08-20,Rossmann,Naturella,Női higiénia & baba,Naturella Ultra Night Plus egészségügyi betét - 24 db,24 db,24.0,db,8700216882378,1508.0,Nincs készleten 1 508 Ft 63 Ft/db,https://shop.rossmann.hu/termek/naturella-ultra-night-plus-szarnyas-betet-5-os-meret-24-db
2026-08-20,Rossmann,Naturella,Női higiénia & baba,Naturella Ultra egészségügyi betét - 32 db,32 db,32.0,db,8006540399569,1508.0,Nincs készleten 1 508 Ft 47 Ft/db,https://shop.rossmann.hu/termek/naturella-ultra-egeszsegugyi-betet-32-db
2026-08-20,Rossmann,Pampers,Női higiénia & baba,Ninjamas Pyjama bugyipelenka 27-43 kg /szívecskés - 9 db,43000 g,43000.0,g,8006540630648,2110.0,Nincs készleten 2 110 Ft 234 Ft/db,https://shop.rossmann.hu/termek/ninjamas-pyjama-pants-bugyipelenka-8-12-ev-27-43-kg-szivecskes-9-db
2026-08-20,Rossmann,Pampers,Női higiénia & baba,Ninjamas Pyjama bugyipelenka 27-43 kg /űrhajós - 9 db,43000 g,43000.0,g,8006540630617,2110.0,Nincs készleten 2 110 Ft 234 Ft/db,https://shop.rossmann.hu/termek/ninjamas-pyjama-pants-bugyipelenka-8-12-ev-27-43-kg-urhajos-9-db
2026-08-20,Rossmann,Pampers,Női higiénia & baba,"Pampers Active Baby Giant Pack pelenka 11-16 kg, méret: 5 - 64 db",16000 g,16000.0,g,8001090949974,8764.0,Nincs készleten 8 764 Ft 137 Ft/db,https://shop.rossmann.hu/termek/pampers-active-baby-dry-pelenka-5-junior-64-db
2026-08-20,Rossmann,Pampers,Női higiénia & baba,"Pampers Active Baby Giant Pack pelenka 13-18 kg, méret: 6 - 56 db",18000 g,18000.0,g,8001090950130,8764.0,Nincs készleten 8 764 Ft 157 Ft/db,https://shop.rossmann.hu/termek/pampers-active-baby-dry-pelenka-6-extra-large-56-db
2026-08-20,Rossmann,Pampers,Női higiénia & baba,"Pampers Active Baby Jumbo Pack bugyipelenka 17+kg, méret: 8 - 32 db",32 db,32.0,db,8006540499382,6699.0,Nincs készleten 6 699 Ft 209 Ft/db,https://shop.rossmann.hu/termek/pampers-pants-jumbo-pack-8-as-19-kg-32-db
2026-08-20,Rossmann,Pampers,Női higiénia & baba,"Pampers Active Baby Mega Pack bugyipelenka 13-19 kg, méret: 6 - 84 db",19000 g,19000.0,g,8006540069530,11699.0,Nincs készleten 11 699 Ft 139 Ft/db,https://shop.rossmann.hu/termek/pampers-pants-mega-pack-6-os-15-kg-84-db
2026-08-20,Rossmann,Pampers,Női higiénia & baba,"Pampers Active Baby Mega Pack bugyipelenka 15+ kg, méret: 7 - 74 db",74 db,74.0,db,8006540069622,11699.0,Nincs készleten 11 699 Ft 158 Ft/db,https://shop.rossmann.hu/termek/pampers-pants-mega-pack-7-es-17-kg-74-db
2026-08-20,Rossmann,Pampers,Női higiénia & baba,"Pampers Active Baby bugyipelenka /mancs őrjárat méret: 4, 9-15 kg - 72 db",15000 g,15000.0,g,8006540863572,9238.0,Nincs készleten 9 238 Ft 128 Ft/db,https://shop.rossmann.hu/termek/pampers-pants-mancs-orjarat-bugyipelenka-4-es-meret-9-15-kg-72-db
2026-08-20,Rossmann,Pampers,Női higiénia & baba,"Pampers Active Baby bugyipelenka 9-15 kg, méret: 4 - 176 db",15000 g,15000.0,g,8006540068557,18299.0,Nincs készleten 18 299 Ft 104 Ft/db,https://shop.rossmann.hu/termek/pampers-pants-monthly-pack-4-es-9-15-kg-176-db-1
2026-08-20,Rossmann,Pampers,Női higiénia & baba,"Pampers Active Baby pelenka 13-18 kg, méret: 6 - 96 db",18000 g,18000.0,g,8001090951892,14839.0,Nincs készleten 14 839 Ft 155 Ft/db,https://shop.rossmann.hu/termek/pampers-active-baby-mega-pack-6-os-13-18kg-96-db
2026-08-20,Rossmann,Pampers,Női higiénia & baba,"Pampers Active Baby pelenka 9-14kg, méret: 4 - 132 db",14000 g,14000.0,g,8001090951618,14839.0,Nincs készleten 14 839 Ft 112 Ft/db,https://shop.rossmann.hu/termek/pampers-active-baby-mega-pack-4-es-9-14kg-132-db
2026-08-20,Rossmann,Pampers,Női higiénia & baba,Pampers Fresh Clean nedves törlőkendő (4x52) - 208 db,208 db,208.0,db,8006530098441,3599.0,Nincs készleten 3 599 Ft 17 Ft/db,https://shop.rossmann.hu/termek/pampers-fresh-clean-torlokendo-4x52-208-db
2026-08-20,Rossmann,Pampers,Női higiénia & baba,Pampers Fresh Clean nedves törlőkendő (4x80) - 320 db,320 db,320.0,db,8001841078052,4999.0,Nincs készleten 4 999 Ft 16 Ft/db,https://shop.rossmann.hu/termek/pampers-torlokendo-fresh-clean-4x80-320-db
2026-08-20,Rossmann,Pampers,Női higiénia & baba,Pampers Fresh Clean nedves törlőkendő (6*80) - 480 db,480 db,480.0,db,8006540174746,6199.0,Nincs készleten 6 199 Ft 13 Ft/db,https://shop.rossmann.hu/termek/pampers-torlokendo-fresh-clean-6-80-480-db-1
2026-08-20,Rossmann,Pampers,Női higiénia & baba,Pampers Fresh Clean nedves törlőkendő - 1200 db,1200 db,1200.0,db,8001841078496,13699.0,Nincs készleten 13 699 Ft 11 Ft/db,https://shop.rossmann.hu/termek/pampers-fresh-clean-nedves-torlokendo-15-csomag-1200-db
2026-08-20,Rossmann,Pampers,Női higiénia & baba,Pampers Fresh Clean nedves törlőkendő - 52 db,52 db,52.0,db,8006530098366,919.0,Nincs készleten 919 Ft 18 Ft/db,https://shop.rossmann.hu/termek/pampers-fresh-clean-torlokendo-52-db
2026-08-20,Rossmann,Pampers,Női higiénia & baba,Pampers Fresh Clean nedves törlőkendő - 80 db,80 db,80.0,db,8001841077598,1369.0,Nincs készleten 1 369 Ft 17 Ft/db,https://shop.rossmann.hu/termek/pampers-fresh-clean-torlokendo-80-db
2026-08-20,Rossmann,Pampers,Női higiénia & baba,"Pampers Premium Care Mega Pack pelenka 4-es méret, 9-14 kg - 104 db",14000 g,14000.0,g,4015400465447,11699.0,Nincs készleten 11 699 Ft 112 Ft/db,https://shop.rossmann.hu/termek/pampers-premium-care-megabox-4-es-9-14-kg-104-db
2026-08-20,Rossmann,Pampers,Női higiénia & baba,"Pampers Premium Care pelenka 11-16 kg, méret: 5 - 44 db",16000 g,16000.0,g,4015400278870,6499.0,Nincs készleten 6 499 Ft 148 Ft/db,https://shop.rossmann.hu/termek/pampers-premium-care-junior-pelenka-44-db
2026-08-20,Rossmann,Pampers,Női higiénia & baba,"Pampers Premium Care pelenka 13+ kg, méret: 6 - 38 db",38 db,38.0,db,8001841105130,6499.0,Nincs készleten 6 499 Ft 171 Ft/db,https://shop.rossmann.hu/termek/pampers-premium-care-6-os-13-kg-38-db
2026-08-20,Rossmann,Pampers,Női higiénia & baba,Pampers Premium Care pelenka 15+kg/méret: 7 - 32 db,32 db,32.0,db,8700216423915,6499.0,Nincs készleten 6 499 Ft 203 Ft/db,https://shop.rossmann.hu/termek/pampers-premium-care-pelenka-7-es-meret-15kg-32-db
2026-08-20,Rossmann,Pampers,Női higiénia & baba,Pampers Premium Care pelenka 2-5 kg /méret: 1 - 156 db,5000 g,5000.0,g,8700216346757,13199.0,Nincs készleten 13 199 Ft 85 Ft/db,https://shop.rossmann.hu/termek/pampers-premium-care-pelenka-1-meret-2kg-5kg-156-db
2026-08-20,Rossmann,Pampers,Női higiénia & baba,Pampers Premium Care pelenka 4-8 kg/ méret: 2 - 136 db,8000 g,8000.0,g,8006540855812,12239.0,Nincs készleten 12 239 Ft 90 Ft/db,https://shop.rossmann.hu/termek/pampers-premium-care-pelenka-2-es-meret-4-8-kg-136-db
2026-08-20,Rossmann,Pampers,Női higiénia & baba,Pampers Premium Care pelenka 9-14 kg /méret: 4 - 174 db,14000 g,14000.0,g,8006540855935,18999.0,Nincs készleten 18 999 Ft 109 Ft/db,https://shop.rossmann.hu/termek/pampers-premium-care-pelenka-4-es-meret-9-14-kg-174-db
2026-08-20,Rossmann,Pampers,Női higiénia & baba,Pampers Fresh Clean nedves törlőkendő - 260 db,260 db,260.0,db,8006530117630,4349.0,Nincs készleten 4 349 Ft 17 Ft/db,https://shop.rossmann.hu/termek/a-pampers-fresh-clean-nedves-torlokendo-260-db
2026-08-20,Rossmann,Pampers,Női higiénia & baba,Pampers 99% Water törlőkendő - 60 db,60 db,60.0,db,8006530116558,1499.0,Nincs készleten 1 499 Ft 25 Ft/db,https://shop.rossmann.hu/termek/pampers-99-ban-vizalapu-baby-nedves-torlokendo-1-csomag-x-60-torlokendo-db-baba-nedves-torlokendo
2026-08-20,Rossmann,Pampers,Női higiénia & baba,Pampers Water nedves törlőkendő 12x60 db - 720 db,720 db,720.0,db,8006530116152,13599.0,Nincs készleten 13 599 Ft 19 Ft/db,https://shop.rossmann.hu/termek/pampers-99-ban-vizalapu-baby-nedves-torlokendo-12-csomag-x-60-torlokendo-db-baba-nedves-torlokendo
2026-08-20,Rossmann,Pampers,Női higiénia & baba,Pampers Water nedves törlőkendő 18x60 - 1080 db,1080 db,1080.0,db,8006530116374,16499.0,Nincs készleten 16 499 Ft 15 Ft/db,https://shop.rossmann.hu/termek/pampers-99-ban-vizalapu-baby-nedves-torlokendo-18-csomag-x-60-torlokendo-db-baba-nedves-torlokendo
2026-08-20,Rossmann,Pampers,Női higiénia & baba,Pampers 99% Water törlőkendő 3x60 db - 180 db,180 db,180.0,db,8006530116206,3699.0,Nincs készleten 3 699 Ft 21 Ft/db,https://shop.rossmann.hu/termek/pampers-99-ban-vizalapu-baby-nedves-torlokendo-3-csomag-x-60-torlokendo-db-baba-nedves-torlokendo
2026-08-20,Rossmann,Pampers,Női higiénia & baba,Pampers 99% Water törlőkendő 4x60 db - 240 db,240 db,240.0,db,8006530116305,4599.0,Nincs készleten 4 599 Ft 19 Ft/db,https://shop.rossmann.hu/termek/pampers-99-ban-vizalapu-baby-nedves-torlokendo-4-csomag-x-60-torlokendo-db-baba-nedves-torlokendo
2026-08-20,Rossmann,Pampers,Női higiénia & baba,Pampers Water nedves törlőkendő 6x60 db - 360 db,360 db,360.0,db,8006530116596,6699.0,Nincs készleten 6 699 Ft 19 Ft/db,https://shop.rossmann.hu/termek/pampers-99-ban-vizalapu-baby-nedves-torlokendo-6-csomag-x-60-torlokendo-db-baba-nedves-torlokendo
2026-08-20,Rossmann,Pampers,Női higiénia & baba,Pampers Water nedves törlőkendő 9x60 db - 540 db,540 db,540.0,db,8006530116459,9999.0,Nincs készleten 9 999 Ft 19 Ft/db,https://shop.rossmann.hu/termek/pampers-99-ban-vizalapu-baby-nedves-torlokendo-9-csomag-x-60-torlokendo-db-baba-nedves-torlokendo
2026-08-20,Rossmann,Pampers,Női higiénia & baba,"Pampers Pants Monthly Pack bugyipelenka 3-as méret, 6-11 kg - 180 db",11000 g,11000.0,g,8006530305716,16557.0,Nincs készleten 16 557 Ft 92 Ft/db,https://shop.rossmann.hu/termek/pampers-active-baby-bugyipelenka-meret-3-180-db-pelenka-6kg-11kg
2026-08-20,Rossmann,Pampers,Női higiénia & baba,"Pampers Pants Monthly Pack bugyipelenka 4-es méret, 9-15 kg - 156 db",15000 g,15000.0,g,8006530305662,16557.0,Nincs készleten 16 557 Ft 106 Ft/db,https://shop.rossmann.hu/termek/pampers-active-baby-bugyipelenka-meret-4-156-db-pelenka-9kg-15kg
2026-08-20,Rossmann,Pampers,Női higiénia & baba,"Pampers Pants Jumbo Pack bugyipelenka 4-es méret, 9-15 kg - 54 db",15000 g,15000.0,g,8006530316668,6699.0,Nincs készleten 6 699 Ft 124 Ft/db,https://shop.rossmann.hu/termek/pampers-active-baby-bugyipelenka-meret-4-54-db-pelenka-9kg-15kg
2026-08-20,Rossmann,Pampers,Női higiénia & baba,"Pampers Pants Monthly Pack bugyipelenka 5-ös méret, 11-17 kg - 136 db",17000 g,17000.0,g,8006530305679,16557.0,Nincs készleten 16 557 Ft 122 Ft/db,https://shop.rossmann.hu/termek/pampers-active-baby-bugyipelenka-meret-5-136-db-pelenka-11kg-17kg
2026-08-20,Rossmann,Pampers,Női higiénia & baba,"Pampers Pants Monthly Pack bugyipelenka 6-os méret, 13-19 kg - 120 db",19000 g,19000.0,g,8006530305617,16557.0,Nincs készleten 16 557 Ft 138 Ft/db,https://shop.rossmann.hu/termek/pampers-active-baby-bugyipelenka-meret-6-120-db-pelenka-13kg-19kg
2026-08-20,Rossmann,Pampers,Női higiénia & baba,Pampers Pants Jumbo Pack bugyipelenka 6-os méret 13-19 kg - 42 db,19000 g,19000.0,g,8006530316699,6699.0,Nincs készleten 6 699 Ft 160 Ft/db,https://shop.rossmann.hu/termek/pampers-active-baby-bugyipelenka-meret-6-44-db-pelenka-13kg-19kg
2026-08-20,Rossmann,Pampers,Női higiénia & baba,"Pampers Pants Monthly Pack bugyipelenka 7-es méret, 15+ kg - 108 db",108 db,108.0,db,8006530305747,16557.0,Nincs készleten 16 557 Ft 153 Ft/db,https://shop.rossmann.hu/termek/pampers-active-baby-bugyipelenka-meret-7-108-db-pelenka-15kg
2026-08-20,Rossmann,Pampers,Női higiénia & baba,"Pampers Pants Mega Pack+ bugyipelenka 8-as méret, 17+ kg - 64 db",64 db,64.0,db,8006530304627,11699.0,Nincs készleten 11 699 Ft 183 Ft/db,https://shop.rossmann.hu/termek/pampers-active-baby-bugyipelenka-meret-8-64-db-pelenka-17kg
2026-08-20,Rossmann,Pampers,Női higiénia & baba,"Pampers Pants Monthly Pack bugyipelenka 8-as méret, 17+ kg - 92 db",92 db,92.0,db,8006530305761,16557.0,Nincs készleten 16 557 Ft 180 Ft/db,https://shop.rossmann.hu/termek/pampers-active-baby-bugyipelenka-meret-8-92-db-pelenka-17kg
2026-08-20,Rossmann,Pampers,Női higiénia & baba,"Pampers Active Baby Giantpack pelenka 6-10 kg, méret: 3 - 90 db",10000 g,10000.0,g,8001090949455,8764.0,Nincs készleten 8 764 Ft 97 Ft/db,https://shop.rossmann.hu/termek/pampers-active-baby-dry-pelenka-3-midi-90-db
2026-08-20,Rossmann,Pampers,Női higiénia & baba,"Pampers Active Baby Giant Pack pelenka 9-14 kg, méret: 4 - 76 db",14000 g,14000.0,g,8001090949615,8764.0,Nincs készleten 8 764 Ft 115 Ft/db,https://shop.rossmann.hu/termek/pampers-active-baby-dry-pelenka-4-maxi-76-db
2026-08-20,Rossmann,Pampers,Női higiénia & baba,"Pampers Active Baby Giant Pack bugyipelenka 7-es méret, 15+ kg - 52 db",52 db,52.0,db,8006530230131,8764.0,Nincs készleten 8 764 Ft 169 Ft/db,https://shop.rossmann.hu/termek/pampers-active-baby-giant-pack-bugyipelenka-7-es-meret-15-kg-52-db
2026-08-20,Rossmann,Pampers,Női higiénia & baba,"Pampers Active Baby pelenka 6-10kg, méret: 3 - 152 db",10000 g,10000.0,g,8001090951533,14839.0,Nincs készleten 14 839 Ft 98 Ft/db,https://shop.rossmann.hu/termek/pampers-active-baby-mega-pack-3-as-6-10kg-152-db
2026-08-20,Rossmann,Pampers,Női higiénia & baba,"Pampers Active Baby pelenka 6-10 kg, méret: 3 - 208 db",10000 g,10000.0,g,8001090910745,16599.0,Nincs készleten 16 599 Ft 80 Ft/db,https://shop.rossmann.hu/termek/pampers-active-baby-monthly-pack-3-as-6-10-kg-208-db
2026-08-20,Rossmann,Pampers,Női higiénia & baba,"Pampers Active Baby pelenka 9-14 kg, méret: 4 - 180 db",14000 g,14000.0,g,8006540032725,16599.0,Nincs készleten 16 599 Ft 92 Ft/db,https://shop.rossmann.hu/termek/pampers-active-baby-monthly-pack-4-es-9-14-kg-180-db
2026-08-20,Rossmann,Pampers,Női higiénia & baba,"Pampers Active Baby pelenka 11-16 kg, méret: 5 - 150 db",16000 g,16000.0,g,8001090910981,16599.0,Nincs készleten 16 599 Ft 111 Ft/db,https://shop.rossmann.hu/termek/pampers-active-baby-monthly-pack-5-11-16-kg-150-db
2026-08-20,Rossmann,Pampers,Női higiénia & baba,"Pampers Active Baby pelenka 13-18 kg, méret: 6 - 128 db",18000 g,18000.0,g,8006540032688,16599.0,Nincs készleten 16 599 Ft 130 Ft/db,https://shop.rossmann.hu/termek/pampers-active-baby-monthly-pack-6-13-18-kg-128-db
2026-08-20,Rossmann,Pampers,Női higiénia & baba,Pampers Aqua Soft Touch törlőkendő - 60 db,60 db,60.0,db,8006530140171,1599.0,Nincs készleten 1 599 Ft 27 Ft/db,https://shop.rossmann.hu/termek/pampers-aqua-soft-touch-baby-nedves-torlokendo-1-csomag-x-60-torlokendo-db-baba-nedves-torlokendo
2026-08-20,Rossmann,Pampers,Női higiénia & baba,Pampers Aqua Soft Touch törlőkendő 12x48 db - 576 db,576 db,576.0,db,8006530140225,12999.0,Nincs készleten 12 999 Ft 23 Ft/db,https://shop.rossmann.hu/termek/pampers-aqua-soft-touch-baby-nedves-torlokendo-12-csomag-x-48-torlokendo-db-baba-nedves-torlokendo
2026-08-20,Rossmann,Pampers,Női higiénia & baba,Pampers Aqua Soft nedves törlőkendő 18x48 db - 864 db,864 db,864.0,db,8006530139977,18699.0,Nincs készleten 18 699 Ft 22 Ft/db,https://shop.rossmann.hu/termek/pampers-aqua-soft-touch-baby-nedves-torlokendo-15-csomag-x-48-torlokendo-db-baba-nedves-torlokendo
2026-08-20,Rossmann,Pampers,Női higiénia & baba,Pampers Aqua Soft nedves törlőkendő 15x60 db - 900 db,900 db,900.0,db,8006530140232,19999.0,Nincs készleten 19 999 Ft 22 Ft/db,https://shop.rossmann.hu/termek/pampers-aqua-soft-touch-baby-nedves-torlokendo-15-csomag-x-60-torlokendo-db-baba-nedves-torlokendo
2026-08-20,Rossmann,Pampers,Női higiénia & baba,Pampers Aqua Soft Touch nedves törlőkendő 3x60 db - 180 db,180 db,180.0,db,8006530139953,4599.0,Nincs készleten 4 599 Ft 26 Ft/db,https://shop.rossmann.hu/termek/pampers-aqua-soft-touch-baby-nedves-torlokendo-3-csomag-x-60-torlokendo-db-baba-nedves-torlokendo
2026-08-20,Rossmann,Pampers,Női higiénia & baba,Pampers Aqua Soft Touch nedves törlőkendő 4x60 db - 240 db,240 db,240.0,db,8006530140027,5699.0,Nincs készleten 5 699 Ft 24 Ft/db,https://shop.rossmann.hu/termek/pampers-aqua-soft-touch-baby-nedves-torlokendo-4-csomag-x-60-torlokendo-db-baba-nedves-torlokendo
2026-08-20,Rossmann,Pampers,Női higiénia & baba,Pampers Aqua Soft Touch nedves törlőkendő 6x60 db - 360 db,360 db,360.0,db,8006530140133,9699.0,Nincs készleten 9 699 Ft 27 Ft/db,https://shop.rossmann.hu/termek/pampers-aqua-soft-touch-baby-nedves-torlokendo-6-csomag-x-60-torlokendo-db-baba-nedves-torlokendo
2026-08-20,Rossmann,Pampers,Női higiénia & baba,Pampers Fresh Clean nedves törlőkendő 2x80 db - 160 db,160 db,160.0,db,8006530135269,2799.0,Nincs készleten 2 799 Ft 17 Ft/db,https://shop.rossmann.hu/termek/pampers-fresh-clean-baby-nedves-torlokendo-2-csomag-x-80-torlokendo-db-baba-nedves-torlokendo
2026-08-20,Rossmann,Pampers,Női higiénia & baba,Pampers Fresh Clean törlőkendő 3x80 db - 240 db,240 db,240.0,db,8006530134422,3999.0,Nincs készleten 3 999 Ft 17 Ft/db,https://shop.rossmann.hu/termek/pampers-fresh-clean-baby-nedves-torlokendo-3-csomag-x-80-torlokendo-db-baba-nedves-torlokendo
2026-08-20,Rossmann,Pampers,Női higiénia & baba,Pampers Harmonie Aqua nedves törlőkendő - 10 db,10 db,10.0,db,8006540811085,699.0,Nincs készleten 699 Ft 70 Ft/db,https://shop.rossmann.hu/termek/pampers-harmonie-aqua-nedves-torlokendo-muanyagmentes-10-db
2026-08-20,Rossmann,Pampers,Női higiénia & baba,Pampers Harmonie pelenka 9-15kg /méret: 4 - 24 db,15000 g,15000.0,g,8700216251686,4136.0,Nincs készleten 4 136 Ft 172 Ft/db,https://shop.rossmann.hu/termek/pampers-harmonie-bugyielenka-meret-4-9kg-15kg-24-db
2026-08-20,Rossmann,Pampers,Női higiénia & baba,Pampers Harmonie pelenka 2-5kg /méret: 1 - 35 db,5000 g,5000.0,g,8700216251792,3012.0,Nincs készleten 3 012 Ft 86 Ft/db,https://shop.rossmann.hu/termek/pampers-harmonie-bugyipelenka-meret-1-35-pelenka-2kg-5kg-35-db
2026-08-20,Rossmann,Pampers,Női higiénia & baba,Pampers Harmonie pelenka 6-10kg /méret: 3 - 28 db,10000 g,10000.0,g,8700216251716,4490.0,Nincs készleten 4 490 Ft 160 Ft/db,https://shop.rossmann.hu/termek/pampers-harmonie-bugyipelenka-meret-3-6kg-10kg-28-db
2026-08-20,Rossmann,Pampers,Női higiénia & baba,Pampers Harmonie pelenka 11-16kg /méret: 5 - 21 db,16000 g,16000.0,g,8700216251679,4490.0,Nincs készleten 4 490 Ft 214 Ft/db,https://shop.rossmann.hu/termek/pampers-harmonie-bugyipelenka-meret-5-11kg-16kg-21-db
2026-08-20,Rossmann,Pampers,Női higiénia & baba,"Pampers Harmonie bugyipelenka 15+ kg, méret: 6 - 19 db",19 db,19.0,db,8700216235648,4587.0,Nincs készleten 4 587 Ft 241 Ft/db,https://shop.rossmann.hu/termek/pampers-harmonie-pants-pelenka-6-os-15-kg-18-db
2026-08-20,Rossmann,Pampers,Női higiénia & baba,"Pampers Night Jumbo Pants bugyipelenka 4-es méret, 9-15 kg - 52 db",15000 g,15000.0,g,8006530320665,7499.0,Nincs készleten 7 499 Ft 144 Ft/db,https://shop.rossmann.hu/termek/pampers-night-bugyipelenka-meret-4-52-db-pelenka-9kg-15kg
2026-08-20,Rossmann,Pampers,Női higiénia & baba,"Pampers Night Jumbo Pants bugyipelenka 5-ös méret, 12-17 kg - 46 db",17000 g,17000.0,g,8006530320658,7499.0,Nincs készleten 7 499 Ft 163 Ft/db,https://shop.rossmann.hu/termek/pampers-night-bugyipelenka-meret-5-46-db-pelenka-11kg-17kg
2026-08-20,Rossmann,Pampers,Női higiénia & baba,"Pampers Night Jumbo Pants bugyipelenka 6-os méret, 15+ kg - 40 db",40 db,40.0,db,8006530320603,7499.0,Nincs készleten 7 499 Ft 187 Ft/db,https://shop.rossmann.hu/termek/pampers-night-bugyipelenka-meret-6-40-db-pelenka-13kg-19kg
2026-08-20,Rossmann,Pampers,Női higiénia & baba,"Pampers Night Pants éjszakai bugyipelenka 7-es méret, 15+ kg - 17 db",17 db,17.0,db,8006530320696,3729.0,Nincs készleten 3 729 Ft 219 Ft/db,https://shop.rossmann.hu/termek/pampers-night-bugyipelenka-meret-7-17-db-pelenka-15kg
2026-08-20,Rossmann,Pampers,Női higiénia & baba,"Pampers Night Jumbo Pants bugyipelenka 7-es méret, 15+ kg - 35 db",35 db,35.0,db,8006530320573,7499.0,Nincs készleten 7 499 Ft 214 Ft/db,https://shop.rossmann.hu/termek/pampers-night-bugyipelenka-meret-7-35-db-pelenka-15kg
2026-08-20,Rossmann,Pampers,Női higiénia & baba,"Pampers Night Pants éjszakai bugyipelenka 15+kg, méret: 6 - 19 db",19 db,19.0,db,8006540234761,3729.0,Nincs készleten 3 729 Ft 196 Ft/db,https://shop.rossmann.hu/termek/pampers-night-pants-6-os-15-kg-19-db
2026-08-20,Rossmann,Pampers,Női higiénia & baba,"Pampers Night Pants bugyipelenka 9-15 kg, méret: 4 - 25 db",15000 g,15000.0,g,8006540234709,3729.0,Nincs készleten 3 729 Ft 149 Ft/db,https://shop.rossmann.hu/termek/pampers-night-pants-bugyipelenka-4-es-9-45-kg-25-db
2026-08-20,Rossmann,Pampers,Női higiénia & baba,"Pampers Night Pants éjszakai bugyipelenka 12-17 kg, méret: 5 - 22 db",17000 g,17000.0,g,8006540234730,3729.0,Nincs készleten 3 729 Ft 170 Ft/db,https://shop.rossmann.hu/termek/pampers-night-pants-bugyipelenka-5-os-12-17-kg-22-db
2026-08-20,Rossmann,Pampers,Női higiénia & baba,"Pampers Active Baby Jumbo Pack bugyipelenka 6-11 kg, méret: 3 - 62 db",11000 g,11000.0,g,8006540069233,6699.0,Nincs készleten 6 699 Ft 108 Ft/db,https://shop.rossmann.hu/termek/pampers-pants-jumbo-pack-3-as-6-11-kg-62-db
2026-08-20,Rossmann,Pampers,Női higiénia & baba,"Pampers Active Baby Jumbo Pack bugyipelenka 15+kg, méret: 7 - 38 db",38 db,38.0,db,8006540069387,6699.0,Nincs készleten 6 699 Ft 176 Ft/db,https://shop.rossmann.hu/termek/pampers-pants-jumbo-pack-7-es-17-kg-38-db
2026-08-20,Rossmann,Pampers,Női higiénia & baba,"Pampers Active Baby Jumbo Pack bugyipelenka 12-17 kg, méret: 5- 48 db",17000 g,17000.0,g,8006540069325,6699.0,Nincs készleten 6 699 Ft 140 Ft/db,https://shop.rossmann.hu/termek/pampers-pants-jumbo-pack-pelenka-5-os-12-17kg-48-db
2026-08-20,Rossmann,Pampers,Női higiénia & baba,"Pampers Active Baby Mega Pack bugyipelenka 6-11 kg, méret: 3 - 128 db",11000 g,11000.0,g,8006540069417,11699.0,Nincs készleten 11 699 Ft 91 Ft/db,https://shop.rossmann.hu/termek/pampers-pants-mega-pack-3-as-6-11-kg-128-db
2026-08-20,Rossmann,Pampers,Női higiénia & baba,"Pampers Active Baby Mega Pack bugyipelenka 9-15 kg, méret: 4 - 108 db",15000 g,15000.0,g,8006540069448,11699.0,Nincs készleten 11 699 Ft 108 Ft/db,https://shop.rossmann.hu/termek/pampers-pants-mega-pack-4-es-9-15-kg-108-db
2026-08-20,Rossmann,Pampers,Női higiénia & baba,"Pampers Active Baby Mega Pack bugyipelenka 11-17 kg, méret: 5 - 96 db",17000 g,17000.0,g,8006540069509,11699.0,Nincs készleten 11 699 Ft 122 Ft/db,https://shop.rossmann.hu/termek/pampers-pants-mega-pack-5-os-12-17-kg-96-db-1
2026-08-20,Rossmann,Pampers,Női higiénia & baba,"Pampers Premium Care pelenka 2-5 kg, méret: 1 - 72 db",5000 g,5000.0,g,8006540858073,6299.0,Nincs készleten 6 299 Ft 87 Ft/db,https://shop.rossmann.hu/termek/pampers-premium-care-1-es-2-5-kg-72-db
2026-08-20,Rossmann,Pampers,Női higiénia & baba,"Pampers Premium Care pelenka 4-8 kg, méret: 2 - 68 db",8000 g,8000.0,g,8001841104874,6299.0,Nincs készleten 6 299 Ft 93 Ft/db,https://shop.rossmann.hu/termek/pampers-premium-care-2-es-3-6-kg-68-db
2026-08-20,Rossmann,Pampers,Női higiénia & baba,"Pampers Premium Care pelenka 9-14 kg, méret: 4 - 68 db",14000 g,14000.0,g,8001841104959,8299.0,Nincs készleten 8 299 Ft 122 Ft/db,https://shop.rossmann.hu/termek/pampers-premium-care-4-es-8-14-kg-68-db
2026-08-20,Rossmann,Pampers,Női higiénia & baba,"Pampers Premium Care pelenka 11-16 kg, méret: 5 - 58 db",16000 g,16000.0,g,8001841104997,8299.0,Nincs készleten 8 299 Ft 143 Ft/db,https://shop.rossmann.hu/termek/pampers-premium-care-5-os-11-16-kg-58-db
2026-08-20,Rossmann,Pampers,Női higiénia & baba,"Pampers Premium Care Pants Month Box bugyipelenka 3-as méret, 6-11 kg - 114 db",11000 g,11000.0,g,8006530320184,12324.0,Nincs készleten 12 324 Ft 108 Ft/db,https://shop.rossmann.hu/termek/pampers-premium-care-bugyipelenka-meret-3-114-db-pelenka-6kg-11kg
2026-08-20,Rossmann,Pampers,Női higiénia & baba,"Pampers Premium Care Pants Monthly Box bugyipelenka 4-es méret, 9-15 kg - 94 db",15000 g,15000.0,g,8006530320160,12324.0,Nincs készleten 12 324 Ft 131 Ft/db,https://shop.rossmann.hu/termek/pampers-premium-care-bugyipelenka-meret-4-94-db-pelenka-9kg-15kg
2026-08-20,Rossmann,Pampers,Női higiénia & baba,"Pampers Premium Care Pants bugyipelenka 5-ös méret, 11-17 kg - 50 db",17000 g,17000.0,g,8006530320085,8399.0,Nincs készleten 8 399 Ft 168 Ft/db,https://shop.rossmann.hu/termek/pampers-premium-care-bugyipelenka-meret-5-50-db-pelenka-11kg-17kg
2026-08-20,Rossmann,Pampers,Női higiénia & baba,Pampers Premium Care bugyipelenka 13-19 kg /méret: 6 - 93 db,19000 g,19000.0,g,8006540491010,15599.0,Nincs készleten 15 599 Ft 168 Ft/db,https://shop.rossmann.hu/termek/pampers-premium-care-bugyipelenka-meret-6-15kg-93-db
2026-08-20,Rossmann,Pampers,Női higiénia & baba,"Pampers Premium Care Pants Monthly Box bugyipelenka 5-ös méret, 11-17 kg - 80 db",17000 g,17000.0,g,8006530320153,12324.0,Nincs készleten 12 324 Ft 154 Ft/db,https://shop.rossmann.hu/termek/pampers-premium-care-bugyipelenka-meret-5-80-db-pelenka-11kg-17kg
2026-08-20,Rossmann,Pampers,Női higiénia & baba,"Pampers Premium Care Pants Monthly Box bugyipelenka 6-os méret, 13-19 kg - 72 db",19000 g,19000.0,g,8006530320139,12324.0,Nincs készleten 12 324 Ft 171 Ft/db,https://shop.rossmann.hu/termek/pampers-premium-care-bugyipelenka-meret-6-72-db-pelenka-13kg-19kg
2026-08-20,Rossmann,Pampers,Női higiénia & baba,"Pampers Premium Care bugyipelenka 7-es méret, 15+ kg - 62 db",62 db,62.0,db,8006530320245,12324.0,Nincs készleten 12 324 Ft 199 Ft/db,https://shop.rossmann.hu/termek/pampers-premium-care-bugyipelenka-meret-7-62-db-pelenka-15kg
2026-08-20,Rossmann,Pampers,Női higiénia & baba,"Pampers Premium Care nadrágpelenka 9-14 kg, méret: 4 - 52 db",14000 g,14000.0,g,4015400278818,6499.0,Nincs készleten 6 499 Ft 125 Ft/db,https://shop.rossmann.hu/termek/pampers-premium-care-maxi-pelenka-7-18-kg-52-db
2026-08-20,Rossmann,Pampers,Női higiénia & baba,"Pampers Premium Care Mega Box pelenka 3-as méret, 6-10 kg - 120 db",10000 g,10000.0,g,4015400465461,11699.0,Nincs készleten 11 699 Ft 97 Ft/db,https://shop.rossmann.hu/termek/pampers-premium-care-megabox-3-as-4-9-kg-120-db
2026-08-20,Rossmann,Pampers,Női higiénia & baba,"Pampers Premium Care Mega Box pelenka 11-16 kg, méret: 5 - 88 db",16000 g,16000.0,g,4015400541813,11699.0,Nincs készleten 11 699 Ft 133 Ft/db,https://shop.rossmann.hu/termek/pampers-premium-care-megabox-5-os-11-18-kg-88-db
2026-08-20,Rossmann,Pampers,Női higiénia & baba,"Pampers Premium Care nadrágpelenka 6-10 kg, méret: 3 - 60 db",10000 g,10000.0,g,4015400274780,6499.0,Nincs készleten 6 499 Ft 108 Ft/db,https://shop.rossmann.hu/termek/pampers-premium-care-midi-pelenka-4-9-kg-60-db
2026-08-20,Rossmann,Pampers,Női higiénia & baba,"Pampers Premium Care bugyipelenka 6-11 kg, méret: 3 - 70 db",11000 g,11000.0,g,8001090759955,8399.0,Nincs készleten 8 399 Ft 120 Ft/db,https://shop.rossmann.hu/termek/pampers-premium-care-pants-3-as-6-11-kg-70-db
2026-08-20,Rossmann,Pampers,Női higiénia & baba,Pampers Premium Care nadrágelenka 6-os méret 13kg-18kg - 50 db,18000 g,18000.0,g,8700216865029,8299.0,Nincs készleten 8 299 Ft 166 Ft/db,https://shop.rossmann.hu/termek/pampers-premium-care-nadragelenka-6-os-meret-13kg-18kg-50-db
2026-08-20,Rossmann,Pampers,Női higiénia & baba,"Pampers Premium Care bugyipelenka 9-15 kg, méret: 4 - 58 db",15000 g,15000.0,g,8001090759993,8399.0,Nincs készleten 8 399 Ft 145 Ft/db,https://shop.rossmann.hu/termek/pampers-premium-care-pants-4-es-9-15-kg-58-db
2026-08-20,Rossmann,Pampers,Női higiénia & baba,Pampers Premium Care Pants bugyipelenka 6-os méret 13-19 kg - 46 db,19000 g,19000.0,g,8006530320054,8399.0,Nincs készleten 8 399 Ft 183 Ft/db,https://shop.rossmann.hu/termek/pampers-premium-care-pants-bugyipelenka-6-os-meret-13-19-kg-46-db
2026-08-20,Rossmann,Pampers,Női higiénia & baba,Pampers Premium Care Pants bugyipelenka 7-es méret 15+ kg - 40 db,40 db,40.0,db,8006530320221,8399.0,Nincs készleten 8 399 Ft 210 Ft/db,https://shop.rossmann.hu/termek/pampers-premium-care-pants-bugyipelenka-7-es-meret-15-kg-40-db
2026-08-20,Rossmann,Pampers,Női higiénia & baba,"Pampers Premium Care pelenka 4-8 kg, méret: 2 - 88 db",8000 g,8000.0,g,8006540857717,8899.0,Nincs készleten 8 899 Ft 101 Ft/db,https://shop.rossmann.hu/termek/pampers-premium-care-pelenka-2-es-meret-4kg-8kg-88-db
2026-08-20,Rossmann,Pampers,Női higiénia & baba,Pampers Premium Care Monthly Pack bugyipelenka 2-es méret 4-8 kg - 204 db,8000 g,8000.0,g,8006530223669,17072.0,Nincs készleten 17 072 Ft 84 Ft/db,https://shop.rossmann.hu/termek/pampers-premium-care-pelenka-meret-2-204-db-4kg-8kg
2026-08-20,Rossmann,Pampers,Női higiénia & baba,"Pampers Premium Care pelenka 6-10 kg, méret: 3 - 78 db",10000 g,10000.0,g,8006540857755,8299.0,Nincs készleten 8 299 Ft 106 Ft/db,https://shop.rossmann.hu/termek/pampers-premium-care-pelenka-3-as-meret-6kg-10kg-78-db
2026-08-20,Rossmann,Pampers,Női higiénia & baba,"Pampers Premium Care bugyipelenka 3-as méret, 6-10 kg - 180 db",10000 g,10000.0,g,8006530223720,17072.0,Nincs készleten 17 072 Ft 95 Ft/db,https://shop.rossmann.hu/termek/pampers-premium-care-pelenka-meret-3-180-db-6kg-10kg
2026-08-20,Rossmann,Pampers,Női higiénia & baba,"Pampers Premium Care Monthly Pack bugyipelenka 4-es méret, 9-14 kg - 156 db",14000 g,14000.0,g,8006530223591,17072.0,Nincs készleten 17 072 Ft 109 Ft/db,https://shop.rossmann.hu/termek/pampers-premium-care-pelenka-meret-4-156-db-9kg-14kg
2026-08-20,Rossmann,Pampers,Női higiénia & baba,"Pampers Premium Care Monthly Pack bugyipelenka 5-ös méret, 11-16 kg - 132 db",16000 g,16000.0,g,8006530223478,17072.0,Nincs készleten 17 072 Ft 129 Ft/db,https://shop.rossmann.hu/termek/pampers-premium-care-pelenka-meret-5-132-db-11kg-16kg
2026-08-20,Rossmann,Pampers,Női higiénia & baba,"Pampers Premium Care Month Pack bugyipelenka 6-os méret, 13-18 kg - 116 db",18000 g,18000.0,g,8006530223744,17072.0,Nincs készleten 17 072 Ft 147 Ft/db,https://shop.rossmann.hu/termek/pampers-premium-care-pelenka-meret-6-116-db-13kg-18kg
2026-08-20,Rossmann,Pampers,Női higiénia & baba,"Pampers Premium Care Megabox bugyipelenka 6-os méret, 13-18 kg - 76 db",18000 g,18000.0,g,8006530260176,11699.0,Nincs készleten 11 699 Ft 154 Ft/db,https://shop.rossmann.hu/termek/pampers-premium-care-pelenka-meret-6-76-db-13kg-18kg
2026-08-20,Rossmann,Pampers,Női higiénia & baba,"Pampers Premium Care Megabox bugyipelenka 7-es méret, 15+ kg - 64 db",64 db,64.0,db,8006530260145,11699.0,Nincs készleten 11 699 Ft 183 Ft/db,https://shop.rossmann.hu/termek/pampers-premium-care-pelenka-meret-7-64-db-15kg
2026-08-20,Rossmann,Pampers,Női higiénia & baba,Pampers Premium Care Monthly Pack 7-es 15+kg - 99db,99 db,99.0,db,8006530223584,17072.0,Nincs készleten 17 072 Ft 172 Ft/db,https://shop.rossmann.hu/termek/pampers-premium-care-pelenka-meret-7-99-db-15kg
2026-08-20,Rossmann,Pampers,Női higiénia & baba,"Pampers Premium Care pelenka 0-ás méret, 1-2,5 kg - 30 db",2500 g,2500.0,g,4015400536857,2376.0,Nincs készleten 2 376 Ft 79 Ft/db,https://shop.rossmann.hu/termek/pampers-premium-care-ujszulott-30-db
2026-08-20,Rossmann,Pampers,Női higiénia & baba,Pampers Sensitive nedves törlőkendő 2x80 - 160 db,160 db,160.0,db,8006530135252,2799.0,Nincs készleten 2 799 Ft 17 Ft/db,https://shop.rossmann.hu/termek/pampers-sensitive-baby-nedves-torlokendo-2-csomag-x-80-torlokendo-160-db-baba-nedves-torlokendo
2026-08-20,Rossmann,Pampers,Női higiénia & baba,Pampers Sensitive XXL nedves törlőkendő 12x80 db - 960 db,960 db,960.0,db,8006530134668,11399.0,Nincs készleten 11 399 Ft 12 Ft/db,https://shop.rossmann.hu/termek/pampers-sensitive-baby-nedves-torlokendo-12-csomag-x-80-torlokendo-960-db-baba-nedves-torlokendo
2026-08-20,Rossmann,Pampers,Női higiénia & baba,Pampers Sensitive XXL nedves törlőkendő 3x80 db - 240 db,240 db,240.0,db,8006530134521,3999.0,Nincs készleten 3 999 Ft 17 Ft/db,https://shop.rossmann.hu/termek/pampers-sensitive-baby-nedves-torlokendo-3-csomag-x-80-torlokendo-240-db-baba-nedves-torlokendo
2026-08-20,Rossmann,Pampers,Női higiénia & baba,Pampers Sensitive XXL nedves törlőkendő 9x80 db - 720 db,720 db,720.0,db,8006530134750,8729.0,Nincs készleten 8 729 Ft 12 Ft/db,https://shop.rossmann.hu/termek/pampers-sensitive-baby-nedves-torlokendo-9-csomag-x-80-torlokendo-720-db-baba-nedves-torlokendo
2026-08-20,Rossmann,Pampers,Női higiénia & baba,Pampers Sensitive nedves törlőkendő (15x80 db) - 1200 db,1200 db,1200.0,db,8001841063188,13699.0,Nincs készleten 13 699 Ft 11 Ft/db,https://shop.rossmann.hu/termek/pampers-sensitive-torlokendo-15x80-1200-db
2026-08-20,Rossmann,Pampers,Női higiénia & baba,Pampers Sensitive nedves törlőkendő (4x52) - 208 db,208 db,208.0,db,8700216783491,3599.0,Nincs készleten 3 599 Ft 17 Ft/db,https://shop.rossmann.hu/termek/pampers-sensitive-torlokendo-4x52-208-db
2026-08-20,Rossmann,Pampers,Női higiénia & baba,Pampers Sensitive nedves törlőkendő - 52 db,52 db,52.0,db,8006540523056,899.0,Nincs készleten 899 Ft 17 Ft/db,https://shop.rossmann.hu/termek/pampers-sensitive-torlokendo-52-db-3
2026-08-20,Rossmann,Pampers,Női higiénia & baba,Pampers Sensitive nedves törlőkendő - 80 db,80 db,80.0,db,8001841041421,1369.0,Nincs készleten 1 369 Ft 17 Ft/db,https://shop.rossmann.hu/termek/pampers-sensitive-torlokendo-80-db
2026-08-20,Rossmann,Pampers,Női higiénia & baba,Pampers Sensitive nedves törlőkendő (4x80) - 320 db,320 db,320.0,db,8001841062754,4999.0,Nincs készleten 4 999 Ft 16 Ft/db,https://shop.rossmann.hu/termek/pampers-torlokendo-sensitive-4x80-320-db
2026-08-20,Rossmann,Pampers,Női higiénia & baba,Pampers Sensitive nedves törlőkendő (6*80) - 480 db,480 db,480.0,db,8006540174531,6199.0,Nincs készleten 6 199 Ft 13 Ft/db,https://shop.rossmann.hu/termek/pampers-torlokendo-sensitive-6-80-480-db-1
2026-08-20,dm,Head & Shoulders,Hajápolás,"Sampon hajhullás és korpásodás ellen, 400 ml",400 ml,400.0,ml,8006540833605,2149.0,,https://www.dm.hu/p/d/2026973/head-shoulders-sampon-hajhullas-es-korpasodas-ellen
2026-08-20,dm,Head & Shoulders,Hajápolás,"Sampon korpásodás ellen, Citrus Fresh, 250 ml",250 ml,250.0,ml,8006540063286,1299.0,,https://www.dm.hu/p/d/2032460/head-shoulders-sampon-korpasodas-ellen-citrus-fresh
2026-08-20,dm,Head & Shoulders,Hajápolás,"Sampon korpásodás ellen Citrus Fresh, XXL, 800 ml",800 ml,800.0,ml,8700216156172,3739.0,,https://www.dm.hu/p/d/2032461/head-shoulders-sampon-korpasodas-ellen-citrus-fresh-xxl
2026-08-20,dm,Head & Shoulders,Hajápolás,"Sampon korpásodás ellen Classic Clean XXL, 800 ml",800 ml,800.0,ml,8700216156134,3739.0,,https://www.dm.hu/p/d/2032462/head-shoulders-sampon-korpasodas-ellen-classic-clean-xxl
2026-08-20,dm,Head & Shoulders,Hajápolás,"Sampon korpásodás ellen, Menthol Fresh, nagy kiszerelés, 400 ml",400 ml,400.0,ml,5011321336094,2149.0,,https://www.dm.hu/p/d/2032476/head-shoulders-sampon-korpasodas-ellen-menthol-fresh-nagy-kiszereles
2026-08-20,dm,Head & Shoulders,Hajápolás,"Sampon korpásodás ellen Apple Fresh, nagy kiszerelés, 400 ml",400 ml,400.0,ml,5410076659456,2149.0,,https://www.dm.hu/p/d/2032479/head-shoulders-sampon-korpasodas-ellen-apple-fresh-nagy-kiszereles
2026-08-20,dm,Head & Shoulders,Hajápolás,"Sampon korpásodás ellen Menthol Fresh XXL, 800 ml",800 ml,800.0,ml,8700216156196,3739.0,,https://www.dm.hu/p/d/2032513/head-shoulders-sampon-korpasodas-ellen-menthol-fresh-xxl
2026-08-20,dm,Head & Shoulders,Hajápolás,"Sampon korpásodás ellen Citrus Fresh, nagy kiszerelés, 400 ml",400 ml,400.0,ml,5011321336032,2149.0,,https://www.dm.hu/p/d/2036398/head-shoulders-sampon-korpasodas-ellen-citrus-fresh-nagy-kiszereles
2026-08-20,dm,Head & Shoulders,Hajápolás,"Sampon korpásodás ellen Deep hydration, 400 ml",400 ml,400.0,ml,8001841406688,2149.0,,https://www.dm.hu/p/d/2115035/head-shoulders-sampon-korpasodas-ellen-deep-hydration
2026-08-20,dm,Head & Shoulders,Hajápolás,"Sampon Korpásodás ellen Classic Clean, 400 ml",400 ml,400.0,ml,5011321336049,2149.0,,https://www.dm.hu/p/d/2127665/head-shoulders-sampon-korpasodas-ellen-classic-clean
2026-08-20,dm,Head & Shoulders,Hajápolás,"Sampon korpásodás ellen, Classic Clean, 250 ml",250 ml,250.0,ml,8006540063330,1299.0,,https://www.dm.hu/p/d/2137430/head-shoulders-sampon-korpasodas-ellen-classic-clean
2026-08-20,dm,Head & Shoulders,Hajápolás,"Sampon korpásodás ellen Apple Fresh, 250 ml",250 ml,250.0,ml,8006540063248,1299.0,,https://www.dm.hu/p/d/2137462/head-shoulders-sampon-korpasodas-ellen-apple-fresh
2026-08-20,dm,Head & Shoulders,Hajápolás,"Sampon korpásodás ellen Classic Clean 2in1, 330 ml",330 ml,330.0,ml,8700216157919,1259.0,,https://www.dm.hu/p/d/2277961/head-shoulders-sampon-korpasodas-ellen-classic-clean-2in1
2026-08-20,dm,Head & Shoulders,Hajápolás,"Sampon korpásodás ellen Apple Fresh 2in1, 330 ml",330 ml,330.0,ml,8700216304689,1259.0,,https://www.dm.hu/p/d/2277962/head-shoulders-sampon-korpasodas-ellen-apple-fresh-2in1
2026-08-20,dm,Head & Shoulders,Hajápolás,"Sampon korpásodás ellen Menthol Fresh 2in1, 330 ml",330 ml,330.0,ml,8700216304825,1259.0,,https://www.dm.hu/p/d/2277963/head-shoulders-sampon-korpasodas-ellen-menthol-fresh-2in1
2026-08-20,dm,Head & Shoulders,Hajápolás,"Sampon korpásodás ellen Smooth&Silky 2in1, 330 ml",330 ml,330.0,ml,8700216304856,1259.0,,https://www.dm.hu/p/d/2277964/head-shoulders-sampon-korpasodas-ellen-smooth-silky-2in1
2026-08-20,dm,Head & Shoulders,Hajápolás,"Sampon korpásodás ellen, Menthol Fresh, 250 ml",250 ml,250.0,ml,8006540063385,1299.0,,https://www.dm.hu/p/d/2277965/head-shoulders-sampon-korpasodas-ellen-menthol-fresh
2026-08-20,dm,Head & Shoulders,Hajápolás,"Sampon korpásodás ellen Citrus Fresh, 500 ml",500 ml,500.0,ml,8700216305303,1629.0,,https://www.dm.hu/p/d/2717902/head-shoulders-sampon-korpasodas-ellen-citrus-fresh
2026-08-20,dm,Head & Shoulders,Hajápolás,"Sampon korpásodás ellen Classic Clean, 500 ml",500 ml,500.0,ml,8700216157933,1629.0,,https://www.dm.hu/p/d/2717905/head-shoulders-sampon-korpasodas-ellen-classic-clean
2026-08-20,dm,Head & Shoulders,Hajápolás,"Sampon korpásodás ellen Apple Fresh, XXL, 800 ml",800 ml,800.0,ml,8700216306782,3739.0,,https://www.dm.hu/p/d/2717907/head-shoulders-sampon-korpasodas-ellen-apple-fresh-xxl
2026-08-20,dm,Head & Shoulders,Hajápolás,"Sampon korpásodás ellen Menthol Fresh, 500 ml",500 ml,500.0,ml,8700216158114,1629.0,,https://www.dm.hu/p/d/2951398/head-shoulders-sampon-korpasodas-ellen-menthol-fresh
2026-08-20,dm,Head & Shoulders,Hajápolás,"Sampon korpásodás ellen Deep Hydration, 500 ml",500 ml,500.0,ml,8700216305327,1629.0,,https://www.dm.hu/p/d/2951399/head-shoulders-sampon-korpasodas-ellen-deep-hydration
2026-08-20,dm,Head & Shoulders,Hajápolás,"Sampon korpásodás ellen Apple Fresh, 500 ml",500 ml,500.0,ml,8700216305259,1629.0,,https://www.dm.hu/p/d/2951400/head-shoulders-sampon-korpasodas-ellen-apple-fresh
2026-08-20,dm,Head & Shoulders,Hajápolás,"Sampon Korpásodás ellen Citrus Fresh 2in1, 330 ml",330 ml,330.0,ml,8700216304733,1259.0,,https://www.dm.hu/p/d/2951401/head-shoulders-sampon-korpasodas-ellen-citrus-fresh-2in1
2026-08-20,dm,Old Spice,Borotválkozás & testápolás,"Férfi sampon Ultra Old Spice, 800 ml",800 ml,800.0,ml,8700216658317,3739.0,,https://www.dm.hu/p/d/3045625/head-shoulders-ferfi-sampon-ultra-old-spice
2026-08-20,dm,Head & Shoulders,Hajápolás,"Sampon korpásodás ellen Clarify and Shine, 400 ml",400 ml,400.0,ml,8700216658461,2149.0,,https://www.dm.hu/p/d/3049661/head-shoulders-sampon-korpasodas-ellen-clarify-and-shine
2026-08-20,dm,Head & Shoulders,Hajápolás,"Sampon és balzsam 2in1 korpásodás ellen Classic Clean, 400 ml",400 ml,400.0,ml,8700216304917,2149.0,,https://www.dm.hu/p/d/3124781/head-shoulders-sampon-es-balzsam-2in1-korpasodas-ellen-classic-clean
2026-08-20,dm,Head & Shoulders,Hajápolás,"Sampon és balzsam 2 in 1 korpásodás ellen Citrus Fresh, 400 ml",400 ml,400.0,ml,8006530305372,2149.0,,https://www.dm.hu/p/d/3124788/head-shoulders-sampon-es-balzsam-2-in-1-korpasodas-ellen-citrus-fresh
2026-08-20,dm,Head & Shoulders,Hajápolás,"Sampon korpásodás ellen Thick & Strong, 400 ml",400 ml,400.0,ml,8006530171182,2149.0,,https://www.dm.hu/p/d/3124846/head-shoulders-sampon-korpasodas-ellen-thick-strong
2026-08-20,dm,Head & Shoulders,Hajápolás,"Sampon és balzsam 2in1 korpásodás ellen, Menthol Fresh, 400 ml",400 ml,400.0,ml,8700216305419,2149.0,,https://www.dm.hu/p/d/3124862/head-shoulders-sampon-es-balzsam-2in1-korpasodas-ellen-menthol-fresh
2026-08-20,dm,Head & Shoulders,Hajápolás,"Sampon és balzsam 2 in 1 korpásodás ellen Smooth & Silky, 400 ml",400 ml,400.0,ml,8006530305259,2149.0,,https://www.dm.hu/p/d/3124872/head-shoulders-sampon-es-balzsam-2-in-1-korpasodas-ellen-smooth-silky
2026-08-20,dm,Pantene,Hajápolás,"Keratinos hajpakolás Intensive Repair, gyenge és károsodott hajra, 300 ml",300 ml,300.0,ml,8006540608494,2499.0,,https://www.dm.hu/p/d/2009082/pantene-pro-v-keratinos-hajpakolas-intensive-repair-gyenge-es-karosodott-hajra
2026-08-20,dm,Pantene,Hajápolás,"Hajlakk Ultra Strong Hold, 250 ml",250 ml,250.0,ml,8006540650776,2199.0,,https://www.dm.hu/p/d/2026980/pantene-pro-v-hajlakk-ultra-strong-hold
2026-08-20,dm,Pantene,Hajápolás,"Hajhab Perfect Volume, 200 ml",200 ml,200.0,ml,8006540346815,2199.0,,https://www.dm.hu/p/d/2026981/pantene-pro-v-hajhab-perfect-volume
2026-08-20,dm,Pantene,Hajápolás,"Sampon Hydra Glow, száraz hajra, 250 ml",250 ml,250.0,ml,8700216323512,739.0,,https://www.dm.hu/p/d/2031849/pantene-pro-v-sampon-hydra-glow-szaraz-hajra
2026-08-20,dm,Pantene,Hajápolás,"Hidratáló hajpakolás Deep Hydration, száraz, károsodott hajra, 300 MM",,,,8700216173346,2099.0,,https://www.dm.hu/p/d/2033331/pantene-pro-v-hidratalo-hajpakolas-deep-hydration-szaraz-karosodott-hajra
2026-08-20,dm,Pantene,Hajápolás,"Hajápoló olaj, Keratin Protect, 100 ml",100 ml,100.0,ml,8006540124758,2399.0,,https://www.dm.hu/p/d/2073061/pantene-pro-v-hajapolo-olaj-keratin-protect
2026-08-20,dm,Pantene,Hajápolás,"Hajápoló olaj, Argan Infused, 100 ml",100 ml,100.0,ml,8006540124833,2399.0,,https://www.dm.hu/p/d/2089717/pantene-pro-v-hajapolo-olaj-argan-infused
2026-08-20,dm,Pantene,Hajápolás,"Sampon Intensive Repair, igénybevett hajra, nagy kiszerelés, 1 l",1000 ml,1000.0,ml,8001841617817,3175.0,,https://www.dm.hu/p/d/2125200/pantene-pro-v-sampon-intensive-repair-igenybevett-hajra-nagy-kiszereles
2026-08-20,dm,Pantene,Hajápolás,"Sampon Extra Volume, XXL, vékonyszálú hajú, 1 000 ml",0 ml,0.0,ml,8006540381830,3175.0,,https://www.dm.hu/p/d/2129095/pantene-pro-v-sampon-extra-volume-xxl-vekonyszalu-haju
2026-08-20,dm,Pantene,Hajápolás,"Balzsam Hydra Glow, száraz hajra, 160 MM",,,,8700216191609,999.0,,https://www.dm.hu/p/d/2277968/pantene-pro-v-balzsam-hydra-glow-szaraz-hajra
2026-08-20,dm,Pantene,Hajápolás,"Balzsam Infinitely Long, töredezett hajvégekre, 275 ml",275 ml,275.0,ml,8700216508957,1499.0,,https://www.dm.hu/p/d/2725033/pantene-pro-v-balzsam-infinitely-long-toredezett-hajvegekre
2026-08-20,dm,Pantene,Hajápolás,"Balzsam Intensive Repair, 275 ml",275 ml,275.0,ml,8700216422338,1499.0,,https://www.dm.hu/p/d/2725036/pantene-pro-v-balzsam-intensive-repair
2026-08-20,dm,Pantene,Hajápolás,"Balzsam Intensive Repair, 800 ml",800 ml,800.0,ml,8700216467391,3999.0,,https://www.dm.hu/p/d/2725037/pantene-pro-v-balzsam-intensive-repair
2026-08-20,dm,Pantene,Hajápolás,"Balzsma Aqualight, zsírosodásra hajlamos hajra, 275 ml",275 ml,275.0,ml,8700216509015,1499.0,,https://www.dm.hu/p/d/2725039/pantene-pro-v-balzsma-aqualight-zsirosodasra-hajlamos-hajra
2026-08-20,dm,Pantene,Hajápolás,"Sampon 3in1 Intensive Repair, 325 ml",325 ml,325.0,ml,8700216509022,1165.0,,https://www.dm.hu/p/d/2969971/pantene-pro-v-sampon-3in1-intensive-repair
2026-08-20,dm,Pantene,Hajápolás,"Sampon Intensive Repair, gyenge, sérült hajra, 625 ml",625 ml,625.0,ml,8700216509084,2069.0,,https://www.dm.hu/p/d/2970501/pantene-pro-v-sampon-intensive-repair-gyenge-serult-hajra
2026-08-20,dm,Pantene,Hajápolás,"Sampon Aqualight, vékonyszálú, zsírosodásra hajlamos hajra, 625 ml",625 ml,625.0,ml,8700216509299,2069.0,,https://www.dm.hu/p/d/2970544/pantene-pro-v-sampon-aqualight-vekonyszalu-zsirosodasra-hajlamos-hajra
2026-08-20,dm,Pantene,Hajápolás,"Sampon Infinitely Long, töredezett hajvégekre, 625 ml",625 ml,625.0,ml,8700216509312,2069.0,,https://www.dm.hu/p/d/2970557/pantene-pro-v-sampon-infinitely-long-toredezett-hajvegekre
2026-08-20,dm,Pantene,Hajápolás,"Regeneráló sampon Intensive Repair, 250 ml",250 ml,250.0,ml,8700216779463,605.0,,https://www.dm.hu/p/d/3058035/pantene-pro-v-regeneralo-sampon-intensive-repair
2026-08-20,dm,Pantene,Hajápolás,"Sampon és hajpakolás Intensive Repair, gyenge és sérült hajra, 700 ml",700 ml,700.0,ml,8700216883412,3299.0,,https://www.dm.hu/p/d/3059941/pantene-pro-v-sampon-es-hajpakolas-intensive-repair-gyenge-es-serult-hajra
2026-08-20,dm,Pantene,Hajápolás,"Hajpakolás Keratin Protect Smooth & Silky, 300 ml",300 ml,300.0,ml,8700216823555,2499.0,,https://www.dm.hu/p/d/3059950/pantene-pro-v-hajpakolas-keratin-protect-smooth-silky
2026-08-20,dm,Pantene,Hajápolás,"Balzsam Smooth & Silky, szálkás és megfakult hajra, 275 ml",275 ml,275.0,ml,8700216821124,1499.0,,https://www.dm.hu/p/d/3059956/pantene-pro-v-balzsam-smooth-silky-szalkas-es-megfakult-hajra
2026-08-20,dm,Pantene,Hajápolás,"Mélykondicionáló balzsam 3 Minute Miracle Smooth & Silky, 220 ml",220 ml,220.0,ml,8700216823609,1299.0,,https://www.dm.hu/p/d/3059964/pantene-pro-v-melykondicionalo-balzsam-3-minute-miracle-smooth-silky
2026-08-20,dm,Pantene,Hajápolás,"Sampon Smooth & Silky, szálkás és megfakult hajra, 400 ml",400 ml,400.0,ml,8700216821254,1329.0,,https://www.dm.hu/p/d/3059974/pantene-pro-v-sampon-smooth-silky-szalkas-es-megfakult-hajra
2026-08-20,dm,Pantene,Hajápolás,"Sampon és balzsam duopack Infinitely Long, 675 ml",675 ml,675.0,ml,8700216874229,2499.0,,https://www.dm.hu/p/d/3060768/pantene-pro-v-sampon-es-balzsam-duopack-infinitely-long
2026-08-20,dm,Pantene,Hajápolás,"Sampon és balzsam duopack Intensive Repair, 675 ml",675 ml,675.0,ml,8700216808675,2499.0,,https://www.dm.hu/p/d/3060924/pantene-pro-v-sampon-es-balzsam-duopack-intensive-repair
2026-08-20,dm,Pantene,Hajápolás,"Hajpermet Sunkiss Glow, 200 ml",200 ml,200.0,ml,8006530050999,2999.0,,https://www.dm.hu/p/d/3069612/pantene-pro-v-hajpermet-sunkiss-glow
2026-08-20,dm,Pantene,Hajápolás,"Hajbalzsam Hydration Recharge, normál és száraz hajra, 275 ml",275 ml,275.0,ml,8700216938839,1499.0,,https://www.dm.hu/p/d/3101851/pantene-pro-v-hajbalzsam-hydration-recharge-normal-es-szaraz-hajra
2026-08-20,dm,Pantene,Hajápolás,"Sampon Hydration Recharge, normál és száraz hajra, 400 ml",400 ml,400.0,ml,8700216938808,1329.0,,https://www.dm.hu/p/d/3101916/pantene-pro-v-sampon-hydration-recharge-normal-es-szaraz-hajra
2026-08-20,dm,Pantene,Hajápolás,"Hajpakolás Hydration Recharge Keratin Protect, rendkívül száraz hajra, 300 ml",300 ml,300.0,ml,8700216938761,2499.0,,https://www.dm.hu/p/d/3101926/pantene-pro-v-hajpakolas-hydration-recharge-keratin-protect-rendkivul-szaraz-hajra
2026-08-20,dm,Pantene,Hajápolás,"Hajápoló krém Hydration Recharge Heat & Glow, száraz, károsodott hajra, 135 ml",135 ml,135.0,ml,8006530007740,2749.0,,https://www.dm.hu/p/d/3101927/pantene-pro-v-hajapolo-krem-hydration-recharge-heat-glow-szaraz-karosodott-hajra
2026-08-20,dm,Pantene,Hajápolás,"Sampon Hydration Recharge, normál és száraz hajra, nagy kiszerelés, 1 l",1000 ml,1000.0,ml,8700216939195,3175.0,,https://www.dm.hu/p/d/3101928/pantene-pro-v-sampon-hydration-recharge-normal-es-szaraz-hajra-nagy-kiszereles
2026-08-20,dm,Pantene,Hajápolás,"Kerationos hajápoló olaj Love, Robert Indiana Artist Edition, 100 ml",100 ml,100.0,ml,8006530274661,2399.0,,https://www.dm.hu/p/d/3117875/pantene-pro-v-kerationos-hajapolo-olaj-love-robert-indiana-artist-edition
2026-08-20,dm,Pantene,Hajápolás,"Kerations balzsam Love, Robert Indiana Artist Edition, 220 ml",220 ml,220.0,ml,8006530275088,1999.0,,https://www.dm.hu/p/d/3117876/pantene-pro-v-kerations-balzsam-love-robert-indiana-artist-edition
2026-08-20,dm,Pantene,Hajápolás,"Keratinos sampon Love, Robert Indiana Artist Edition, 250 ml",250 ml,250.0,ml,8006530274722,885.0,,https://www.dm.hu/p/d/3117877/pantene-pro-v-keratinos-sampon-love-robert-indiana-artist-edition
2026-08-20,dm,Pantene,Hajápolás,"Keratinos hajpakolás Love, Robert Indiana Artist Edition, 300 ml",300 ml,300.0,ml,8006530274869,2499.0,,https://www.dm.hu/p/d/3117904/pantene-pro-v-keratinos-hajpakolas-love-robert-indiana-artist-edition
2026-08-20,dm,Pantene,Hajápolás,"Hajhullás elleni hajpakolás Grow Abundant, 300 ml",300 ml,300.0,ml,8006530058988,4599.0,,https://www.dm.hu/p/d/3121239/pantene-pro-v-hajhullas-elleni-hajpakolas-grow-abundant
2026-08-20,dm,Pantene,Hajápolás,"Hajhullás elleni sampon Grow Abundant, 290 ml",290 ml,290.0,ml,8006530060110,2229.0,,https://www.dm.hu/p/d/3121351/pantene-pro-v-hajhullas-elleni-sampon-grow-abundant
2026-08-20,dm,Pantene,Hajápolás,"Hajhullás elleni balzsam Grow Abundant, 250 ml",250 ml,250.0,ml,8006530059169,3599.0,,https://www.dm.hu/p/d/3121374/pantene-pro-v-hajhullas-elleni-balzsam-grow-abundant
2026-08-20,dm,Pantene,Hajápolás,"Hajregeneráló pakolás Molecular Bond, 90 ml",90 ml,90.0,ml,8700216637299,3199.0,,https://www.dm.hu/p/d/3124925/pantene-pro-v-hajregeneralo-pakolas-molecular-bond
2026-08-20,dm,Pantene,Hajápolás,"Hajhullás elleni szérum Grow Abundant, 60 ml",60 ml,60.0,ml,8006530088909,6599.0,,https://www.dm.hu/p/d/3124926/pantene-pro-v-hajhullas-elleni-szerum-grow-abundant
2026-08-20,dm,Pantene,Hajápolás,"Nem kiöblítendő hajspray, 75 ml",75 ml,75.0,ml,8006530443722,1599.0,,https://www.dm.hu/p/d/3145167/pantene-pro-v-nem-kioblitendo-hajspray
2026-08-20,dm,Aussie,Hajápolás,"Sampon SOS, száraz, igénybevett hajra, 300 ml",300 ml,300.0,ml,8700216421300,1815.0,,https://www.dm.hu/p/d/2724759/aussie-sampon-sos-szaraz-igenybevett-hajra
2026-08-20,dm,Aussie,Hajápolás,"Balzsam SOS 1 Minute Miracle All In One Repair, száraz, károsodott hajra, 250 ml",250 ml,250.0,ml,8700216437264,2699.0,,https://www.dm.hu/p/d/2724761/aussie-balzsam-sos-1-minute-miracle-all-in-one-repair-szaraz-karosodott-hajra
2026-08-20,dm,Aussie,Hajápolás,"Hajpakolás SOS Repair & Revive, rendkívül száraz, sérült hajra, 500 ml",500 ml,500.0,ml,8700216441063,3699.0,,https://www.dm.hu/p/d/2724763/aussie-hajpakolas-sos-repair-revive-rendkivul-szaraz-serult-hajra
2026-08-20,dm,Aussie,Hajápolás,"Hajápoló olaj SOS, 100 ml",100 ml,100.0,ml,8006540004876,2699.0,,https://www.dm.hu/p/d/2724820/aussie-hajapolo-olaj-sos
2026-08-20,dm,Aussie,Hajápolás,"SOS hajszérum Hydration, száraz hajra, 160 ml",160 ml,160.0,ml,8700216441094,2699.0,,https://www.dm.hu/p/d/2724845/aussie-sos-hajszerum-hydration-szaraz-hajra
2026-08-20,dm,Aussie,Hajápolás,"Hajbalzsam Deep Hydration, nagyon száraz hajra, 200 ml",200 ml,200.0,ml,8700216923781,2699.0,,https://www.dm.hu/p/d/3100857/aussie-hajbalzsam-deep-hydration-nagyon-szaraz-hajra
2026-08-20,dm,Aussie,Hajápolás,"Hajszérum Oh My Gloss, száraz hajra, 160 ml",160 ml,160.0,ml,8700216923125,2699.0,,https://www.dm.hu/p/d/3100881/aussie-hajszerum-oh-my-gloss-szaraz-hajra
2026-08-20,dm,Aussie,Hajápolás,"Sampon Deep Hydration, nagyon száraz hajra, 300 ml",300 ml,300.0,ml,8700216923446,1815.0,,https://www.dm.hu/p/d/3100884/aussie-sampon-deep-hydration-nagyon-szaraz-hajra
2026-08-20,dm,Aussie,Hajápolás,"Hajmaszk Deep Hydration, száraz, töredezett hajra, 500 ml",500 ml,500.0,ml,8700216890106,3699.0,,https://www.dm.hu/p/d/3100886/aussie-hajmaszk-deep-hydration-szaraz-toredezett-hajra
2026-08-20,dm,Aussie,Hajápolás,"Sampon Oh My Gloss, száraz hajra, 300 ml",300 ml,300.0,ml,8700216923132,1815.0,,https://www.dm.hu/p/d/3100896/aussie-sampon-oh-my-gloss-szaraz-hajra
2026-08-20,dm,Aussie,Hajápolás,"Balzsam Oh My Gloss, 200 ml",200 ml,200.0,ml,8700216923057,2699.0,,https://www.dm.hu/p/d/3102066/aussie-balzsam-oh-my-gloss
2026-08-20,dm,Aussie,Hajápolás,"Hajápoló olaj Reconstructor, 100 ml",100 ml,100.0,ml,8700216923521,2699.0,,https://www.dm.hu/p/d/3102082/aussie-hajapolo-olaj-reconstructor
2026-08-20,dm,Gillette,Borotválkozás & testápolás,"Borotvabetét Fusion5, 4 db",4 db,4.0,db,7702018866984,6739.0,,https://www.dm.hu/p/d/1414820/gillette-borotvabetet-fusion5
2026-08-20,dm,Gillette,Borotválkozás & testápolás,"Spa Breeze női borotvabetét, 4 db",4 db,4.0,db,7702018966783,5629.0,,https://www.dm.hu/p/d/1585994/gillette-venus-spa-breeze-noi-borotvabetet
2026-08-20,dm,Gillette,Borotválkozás & testápolás,"Férfi borotvabetét, Fusion5, 12 db",12 db,12.0,db,8006540986141,13899.0,,https://www.dm.hu/p/d/1690039/gillette-ferfi-borotvabetet-fusion5
2026-08-20,dm,Gillette,Borotválkozás & testápolás,"Series borotvazselé, érzékeny bőrre, 200 ml",200 ml,200.0,ml,7702018982011,1135.0,,https://www.dm.hu/p/d/1866617/gillette-series-borotvazsele-erzekeny-borre
2026-08-20,dm,Gillette,Borotválkozás & testápolás,"Mach3 borotva, 1 db",1 db,1.0,db,7702018020676,3999.0,,https://www.dm.hu/p/d/1868630/gillette-mach3-borotva
2026-08-20,dm,Gillette,Borotválkozás & testápolás,"Fusion5 borotvakészülék 2 betéttel, 1 db",1 db,1.0,db,7702018866946,5999.0,,https://www.dm.hu/p/d/2023909/gillette-fusion5-borotvakeszulek-2-betettel
2026-08-20,dm,Gillette,Borotválkozás & testápolás,"Fusion power borotvabetét, 4 db",4 db,4.0,db,7702018867219,7629.0,,https://www.dm.hu/p/d/2023912/gillette-fusion-power-borotvabetet
2026-08-20,dm,Gillette,Borotválkozás & testápolás,"Borotvazselé, Fusion sensitive, 200 ml",200 ml,200.0,ml,7702018617098,1515.0,,https://www.dm.hu/p/d/2023913/gillette-borotvazsele-fusion-sensitive
2026-08-20,dm,Gillette,Borotválkozás & testápolás,"Series Borotvazselé, Revitalising, 200 ml",200 ml,200.0,ml,7702018619658,1135.0,,https://www.dm.hu/p/d/2026791/gillette-series-borotvazsele-revitalising
2026-08-20,dm,Gillette,Borotválkozás & testápolás,"After shave krém, fényvédővel, SPF15, 50 ml",50 ml,50.0,ml,8001090303929,1449.0,,https://www.dm.hu/p/d/2026897/gillette-after-shave-krem-fenyvedovel-spf15
2026-08-20,dm,Gillette,Borotválkozás & testápolás,"Pro Borotvazselé Sensitive, 200 ml",200 ml,200.0,ml,7702018604005,519.0,,https://www.dm.hu/p/d/2027516/gillette-pro-borotvazsele-sensitive
2026-08-20,dm,Gillette,Borotválkozás & testápolás,"Női borotva készülék, 1 db",1 db,1.0,db,8006540816769,4999.0,,https://www.dm.hu/p/d/2029999/gillette-venus-noi-borotva-keszulek
2026-08-20,dm,Gillette,Borotválkozás & testápolás,"Női borotvapenge bikini, 3 db",3 db,3.0,db,8006540816837,4959.0,,https://www.dm.hu/p/d/2030002/gillette-venus-noi-borotvapenge-bikini
2026-08-20,dm,Gillette,Borotválkozás & testápolás,"Borotvabetét, Fusion5, 16 db",16 db,16.0,db,8001090819536,17055.0,,https://www.dm.hu/p/d/2030792/gillette-borotvabetet-fusion5
2026-08-20,dm,Gillette,Borotválkozás & testápolás,"Series Borotvahab Sensitive Soothing, 200 ml",200 ml,200.0,ml,8001090870926,199.0,,https://www.dm.hu/p/d/2031299/gillette-series-borotvahab-sensitive-soothing
2026-08-20,dm,Gillette,Borotválkozás & testápolás,"Borotvakészülék női 1 betéttel sugarberry, 1 db",1 db,1.0,db,8700216130516,3599.0,,https://www.dm.hu/p/d/2032929/gillette-venus-borotvakeszulek-noi-1-betettel-sugarberry
2026-08-20,dm,Gillette,Borotválkozás & testápolás,"Eldobható borotva Blue3 Plus Comfort, 4 db",4 db,4.0,db,7702018489787,1409.0,,https://www.dm.hu/p/d/2033228/gillette-eldobhato-borotva-blue3-plus-comfort
2026-08-20,dm,Gillette Venus,Borotválkozás & testápolás,"Női borotvabetét Venus ComfortGlide Breeze, 4 db",4 db,4.0,db,7702018886364,5865.0,,https://www.dm.hu/p/d/2036965/gillette-venus-noi-borotvabetet-venus-comfortglide-breeze
2026-08-20,dm,Gillette,Borotválkozás & testápolás,"Női borotvakészülék + 2 db betét ComfortGlide Breeze, 1 db",1 db,1.0,db,7702018886166,5199.0,,https://www.dm.hu/p/d/2036966/gillette-venus-noi-borotvakeszulek-2-db-betet-comfortglide-breeze
2026-08-20,dm,Gillette,Borotválkozás & testápolás,"Mach3 borotvabetét, 8 db",8 db,8.0,db,3014260239640,7505.0,,https://www.dm.hu/p/d/2041448/gillette-mach3-borotvabetet
2026-08-20,dm,Gillette,Borotválkozás & testápolás,"Embrace Borotvabetét, 4 db",4 db,4.0,db,7702018955527,6789.0,,https://www.dm.hu/p/d/2042944/gillette-venus-embrace-borotvabetet
2026-08-20,dm,Gillette,Borotválkozás & testápolás,"Férfi izzadásgátló gél, Arctic Ice, 70 ml",70 ml,70.0,ml,8006530030502,1419.0,,https://www.dm.hu/p/d/2043320/gillette-ferfi-izzadasgatlo-gel-arctic-ice
2026-08-20,dm,Gillette,Borotválkozás & testápolás,"Férfi izzadásgátló gél, Cool wave, 70 ml",70 ml,70.0,ml,8006530030564,1419.0,,https://www.dm.hu/p/d/2043322/gillette-ferfi-izzadasgatlo-gel-cool-wave
2026-08-20,dm,Gillette,Borotválkozás & testápolás,"Fusion5 borotvabetét, 8 db",8 db,8.0,db,7702018867059,11219.0,,https://www.dm.hu/p/d/2050305/gillette-fusion5-borotvabetet
2026-08-20,dm,Gillette,Borotválkozás & testápolás,"Női borotvakészülék Extra Smooth + betét, 1 db",1 db,1.0,db,7702018323012,4999.0,,https://www.dm.hu/p/d/2056274/gillette-venus-noi-borotvakeszulek-extra-smooth-betet
2026-08-20,dm,Gillette,Borotválkozás & testápolás,"Blue3 férfi eldobható borotva, 8 db",8 db,8.0,db,7702018489978,2519.0,,https://www.dm.hu/p/d/2058605/gillette-blue3-ferfi-eldobhato-borotva
2026-08-20,dm,Gillette,Borotválkozás & testápolás,"ProGlide manual borotvabetét, 4 db",4 db,4.0,db,7702018085514,7805.0,,https://www.dm.hu/p/d/2060825/gillette-proglide-manual-borotvabetet
2026-08-20,dm,Gillette,Borotválkozás & testápolás,"ProGlide power borotvabetét, 4 db",4 db,4.0,db,7702018085576,8469.0,,https://www.dm.hu/p/d/2060826/gillette-proglide-power-borotvabetet
2026-08-20,dm,Gillette,Borotválkozás & testápolás,"ProGlide manual borotva betét, 8 db",8 db,8.0,db,7702018085545,13185.0,,https://www.dm.hu/p/d/2060827/gillette-proglide-manual-borotva-betet
2026-08-20,dm,Gillette,Borotválkozás & testápolás,"Borotvazselé Proglide Hydrating, 200 ml",200 ml,200.0,ml,7702018465156,1515.0,,https://www.dm.hu/p/d/2060837/gillette-borotvazsele-proglide-hydrating
2026-08-20,dm,Gillette,Borotválkozás & testápolás,"Férfi borotvabetét, Mach3, 12 db",12 db,12.0,db,8006530028875,9285.0,,https://www.dm.hu/p/d/2065868/gillette-ferfi-borotvabetet-mach3
2026-08-20,dm,Gillette,Borotválkozás & testápolás,"Blue3 férfi eldobható borotva, 12 db",12 db,12.0,db,8700216148092,3229.0,,https://www.dm.hu/p/d/2066065/gillette-blue3-ferfi-eldobhato-borotva
2026-08-20,dm,Gillette,Borotválkozás & testápolás,"After shave, Sea Mist, 100 ml",100 ml,100.0,ml,7702018620265,3399.0,,https://www.dm.hu/p/d/2075685/gillette-after-shave-sea-mist
2026-08-20,dm,Gillette,Borotválkozás & testápolás,"Férfi blue II plus eldobható borotva, 14 db",14 db,14.0,db,7702018466979,2149.0,,https://www.dm.hu/p/d/2076243/gillette-ferfi-blue-ii-plus-eldobhato-borotva
2026-08-20,dm,Gillette,Borotválkozás & testápolás,"Eldobható borotva, Blue3 Sensitive, 3 db",3 db,3.0,db,7702018490080,1409.0,,https://www.dm.hu/p/d/2080436/gillette-eldobhato-borotva-blue3-sensitive
2026-08-20,dm,Gillette,Borotválkozás & testápolás,"Borotvanyél + 2db borotvapenge Fusion ProGlide FlexBall, 1 db",1 db,1.0,db,7702018390816,5999.0,,https://www.dm.hu/p/d/2084188/gillette-borotvanyel-2db-borotvapenge-fusion-proglide-flexball
2026-08-20,dm,Gillette,Borotválkozás & testápolás,"Borotvabetét Mach3 Turbo, 8 db",8 db,8.0,db,7702018416400,2299.0,,https://www.dm.hu/p/d/2087568/gillette-borotvabetet-mach3-turbo
2026-08-20,dm,Gillette,Borotválkozás & testápolás,"Blue II plus férfi eldobható borotva, 5 db",5 db,5.0,db,3014260283254,1249.0,,https://www.dm.hu/p/d/2097870/gillette-blue-ii-plus-ferfi-eldobhato-borotva
2026-08-20,dm,Gillette,Borotválkozás & testápolás,"Spa Breeze női borotvakészülék + betét, 1 db",1 db,1.0,db,7702018322862,5199.0,,https://www.dm.hu/p/d/2105006/gillette-venus-spa-breeze-noi-borotvakeszulek-betet
2026-08-20,dm,Gillette,Borotválkozás & testápolás,"Sensitive női eldobható borotva, 3 db",3 db,3.0,db,7702018491544,1409.0,,https://www.dm.hu/p/d/2105007/gillette-venus-sensitive-noi-eldobhato-borotva
2026-08-20,dm,Gillette,Borotválkozás & testápolás,"Plus 3 női eldobható borotva, 6 db",6 db,6.0,db,7702018426201,1645.0,,https://www.dm.hu/p/d/2105011/gillette-venus-plus-3-noi-eldobhato-borotva
2026-08-20,dm,Gillette,Borotválkozás & testápolás,"Smooth női borotvanyél + 5 db betét, 1 db",1 db,1.0,db,7702018363490,6599.0,,https://www.dm.hu/p/d/2111376/gillette-venus-smooth-noi-borotvanyel-5-db-betet
2026-08-20,dm,Gillette,Borotválkozás & testápolás,"Női borotva készülék Deluxe Smooth Sensitive RoseGold, 1 db",1 db,1.0,db,7702018609994,7999.0,,https://www.dm.hu/p/d/2118860/gillette-venus-noi-borotva-keszulek-deluxe-smooth-sensitive-rosegold
2026-08-20,dm,Gillette,Borotválkozás & testápolás,"Borotva, 5 db betéttel, 1 db",1 db,1.0,db,7702018590148,6999.0,,https://www.dm.hu/p/d/2123635/king-c-gillette-borotva-5-db-betettel
2026-08-20,dm,Gillette,Borotválkozás & testápolás,"Borotva betét, 10 db",10 db,10.0,db,7702018590179,599.0,,https://www.dm.hu/p/d/2123637/king-c-gillette-borotva-betet
2026-08-20,dm,Gillette,Borotválkozás & testápolás,"Simply női eldobható borotva, 12 db",12 db,12.0,db,7702018070732,2529.0,,https://www.dm.hu/p/d/2124724/gillette-venus-simply-noi-eldobhato-borotva
2026-08-20,dm,Gillette,Borotválkozás & testápolás,"Női borotvabetét Smooth Sensitive, 4 db",4 db,4.0,db,7702018575381,3249.0,,https://www.dm.hu/p/d/2124726/gillette-venus-noi-borotvabetet-smooth-sensitive
2026-08-20,dm,Gillette,Borotválkozás & testápolás,"Mach3 borotva 5db betéttel, 1 db",1 db,1.0,db,7702018610181,5999.0,,https://www.dm.hu/p/d/2125341/gillette-mach3-borotva-5db-betettel
2026-08-20,dm,Gillette,Borotválkozás & testápolás,"Mach3 borotvabetét, 5 db",5 db,5.0,db,7702018552313,5599.0,,https://www.dm.hu/p/d/2125342/gillette-mach3-borotvabetet
2026-08-20,dm,Gillette,Borotválkozás & testápolás,"Mach3 borotvabetét, 16 db",16 db,16.0,db,7702018582907,11459.0,,https://www.dm.hu/p/d/2125343/gillette-mach3-borotvabetet
2026-08-20,dm,Gillette,Borotválkozás & testápolás,"Borotvabetét Mach3 Turbo, 5 db",5 db,5.0,db,7702018552344,1899.0,,https://www.dm.hu/p/d/2125346/gillette-borotvabetet-mach3-turbo
2026-08-20,dm,Gillette,Borotválkozás & testápolás,"Eldobható női borotva Simply Venus3, 4 db",4 db,4.0,db,8700216143608,939.0,,https://www.dm.hu/p/d/2283610/gillette-venus-eldobhato-noi-borotva-simply-venus3
2026-08-20,dm,Gillette,Borotválkozás & testápolás,"Series Artic Ice, After Shave Splash, 100 ml",100 ml,100.0,ml,7702018620180,3399.0,,https://www.dm.hu/p/d/2327413/gillette-series-artic-ice-after-shave-splash
2026-08-20,dm,Gillette,Borotválkozás & testápolás,"Eldobható borotva dragonfruit, 6 db",6 db,6.0,db,7702018615063,1679.0,,https://www.dm.hu/p/d/2428102/gillette-venus-eldobhato-borotva-dragonfruit
2026-08-20,dm,Gillette,Borotválkozás & testápolás,"Borotvazselé Mach3 Extra Comfort, 240 ml",240 ml,240.0,ml,7702018405015,1375.0,,https://www.dm.hu/p/d/2441184/gillette-borotvazsele-mach3-extra-comfort
2026-08-20,dm,Gillette,Borotválkozás & testápolás,"Series Borotvazselé Cooling, 200 ml",200 ml,200.0,ml,7702018457786,1139.0,,https://www.dm.hu/p/d/2441185/gillette-series-borotvazsele-cooling
2026-08-20,dm,Gillette,Borotválkozás & testápolás,"Eldobható női borotva, tropical, 3 db",3 db,3.0,db,7702018426263,1489.0,,https://www.dm.hu/p/d/2481889/gillette-venus-eldobhato-noi-borotva-tropical
2026-08-20,dm,Gillette,Borotválkozás & testápolás,"Fusion borotva készülék 5db betéttel + állvánnyal, 1 db",1 db,1.0,db,8700216356794,10999.0,,https://www.dm.hu/p/d/2486674/gillette-fusion-borotva-keszulek-5db-betettel-allvannyal
2026-08-20,dm,Gillette,Borotválkozás & testápolás,"Mach3 borotva készülék 6 db betéttel + állvánnyal, 1 db",1 db,1.0,db,8700216399807,2299.0,,https://www.dm.hu/p/d/2486727/gillette-mach3-borotva-keszulek-6-db-betettel-allvannyal
2026-08-20,dm,Gillette,Borotválkozás & testápolás,"ProGlide borotva készülék 4 db betéttel és állvánnyal, 1 db",1 db,1.0,db,8700216357227,10999.0,,https://www.dm.hu/p/d/2486755/gillette-proglide-borotva-keszulek-4-db-betettel-es-allvannyal
2026-08-20,dm,Gillette,Borotválkozás & testápolás,"Eldobható borotva Blue 3, 6 db",6 db,6.0,db,7702018490134,1955.0,,https://www.dm.hu/p/d/2625554/gillette-eldobhato-borotva-blue-3
2026-08-20,dm,Gillette,Borotválkozás & testápolás,"Férfi izzadásgátló gél, Power Rush, 70 ml",70 ml,70.0,ml,8006530030342,1419.0,,https://www.dm.hu/p/d/2628189/gillette-ferfi-izzadasgatlo-gel-power-rush
2026-08-20,dm,Gillette,Borotválkozás & testápolás,"After shave balzsam, Sensitive, 100 ml",100 ml,100.0,ml,8700216467346,2899.0,,https://www.dm.hu/p/d/2695139/gillette-after-shave-balzsam-sensitive
2026-08-20,dm,Gillette,Borotválkozás & testápolás,"Blue3 Plus férfi eldobható borotva, 4 db",4 db,4.0,db,8700216423489,1409.0,,https://www.dm.hu/p/d/2718277/gillette-blue3-plus-ferfi-eldobhato-borotva
2026-08-20,dm,Gillette,Borotválkozás & testápolás,"Férfi izzadásgátló gél, Champion Gold, 70 ml",70 ml,70.0,ml,8006530030045,1419.0,,https://www.dm.hu/p/d/2951686/gillette-ferfi-izzadasgatlo-gel-champion-gold
2026-08-20,dm,Gillette,Borotválkozás & testápolás,"Női eldobható borotva tropical, 6 db",6 db,6.0,db,8700216274746,1969.0,,https://www.dm.hu/p/d/2952013/gillette-venus-noi-eldobhato-borotva-tropical
2026-08-20,dm,Gillette,Borotválkozás & testápolás,"Borotvabetét breeze, 10 db",10 db,10.0,db,8006540854747,10559.0,,https://www.dm.hu/p/d/2952149/gillette-venus-borotvabetet-breeze
2026-08-20,dm,Gillette,Borotválkozás & testápolás,"Borotva + betét breeze, 6 db",6 db,6.0,db,8006540854860,10999.0,,https://www.dm.hu/p/d/2952150/gillette-venus-borotva-betet-breeze
2026-08-20,dm,Gillette,Borotválkozás & testápolás,"Series borotvazselé Sensitive, 400 ml",400 ml,400.0,ml,8700216591850,2215.0,,https://www.dm.hu/p/d/2971718/gillette-series-borotvazsele-sensitive
2026-08-20,dm,Gillette,Borotválkozás & testápolás,"King C. PRO szakállvágó, 1 db",1 db,1.0,db,8700216659659,21999.0,,https://www.dm.hu/p/d/2974153/king-c-gillette-king-c-pro-szakallvago
2026-08-20,dm,Gillette,Borotválkozás & testápolás,"Borotválkozás előtti krém, 177 ml",177 ml,177.0,ml,8700216600132,599.0,,https://www.dm.hu/p/d/2974160/gillette-intimate-borotvalkozas-elotti-krem
2026-08-20,dm,Gillette,Borotválkozás & testápolás,"Kipattogás elleni stift, 48 g",48 g,48.0,g,8700216600002,999.0,,https://www.dm.hu/p/d/2974171/gillette-intimate-kipattogas-elleni-stift
2026-08-20,dm,Gillette,Borotválkozás & testápolás,"Szőrtelenítő trimmer, 1 db",1 db,1.0,db,8700216631204,10999.0,,https://www.dm.hu/p/d/2974184/gillette-intimate-szortelenito-trimmer
2026-08-20,dm,Gillette,Borotválkozás & testápolás,"Szőrtelenítő trimmer i3, 1 db",1 db,1.0,db,8700216631211,4699.0,,https://www.dm.hu/p/d/2974194/gillette-intimate-szortelenito-trimmer-i3
2026-08-20,dm,Gillette,Borotválkozás & testápolás,"Borotvahab érzékeny bőrre, 400 ml",400 ml,400.0,ml,8700216497039,1145.0,,https://www.dm.hu/p/d/2974853/gillette-borotvahab-erzekeny-borre
2026-08-20,dm,Gillette,Borotválkozás & testápolás,"Blue3 férfi eldobható borotva, 12 db",12 db,12.0,db,8006540808771,2579.0,,https://www.dm.hu/p/d/2975220/gillette-blue3-ferfi-eldobhato-borotva
2026-08-20,dm,Gillette,Borotválkozás & testápolás,"Blue3 férfi eldobható borotva, 8 db",8 db,8.0,db,8006540808764,2015.0,,https://www.dm.hu/p/d/2977378/gillette-blue3-ferfi-eldobhato-borotva
2026-08-20,dm,Gillette,Borotválkozás & testápolás,"Férfi izzadásgátló gél, Sport Triumph, 70 ml",70 ml,70.0,ml,8006530030458,1419.0,,https://www.dm.hu/p/d/3008495/gillette-ferfi-izzadasgatlo-gel-sport-triumph
2026-08-20,dm,Gillette,Borotválkozás & testápolás,"Sensor 3+ borotva Sensitive, 8db betéttel, 1 db",1 db,1.0,db,8700216639477,1079.0,,https://www.dm.hu/p/d/3058482/gillette-sensor-3-borotva-sensitive-8db-betettel
2026-08-20,dm,Gillette,Borotválkozás & testápolás,"Sensor 3+ borotva betét, Sensitive, 8 db",8 db,8.0,db,8700216743099,1299.0,,https://www.dm.hu/p/d/3058493/gillette-sensor-3-borotva-betet-sensitive
2026-08-20,dm,Gillette,Borotválkozás & testápolás,"Sensor 3+ borotva 8 db betéttel, Special Edition, 1 db",1 db,1.0,db,8700216639606,3799.0,,https://www.dm.hu/p/d/3058494/gillette-sensor-3-borotva-8-db-betettel-special-edition
2026-08-20,dm,Gillette,Borotválkozás & testápolás,"Smooth Miami Női eldobható borotva, 6 db",6 db,6.0,db,8700216756907,1969.0,,https://www.dm.hu/p/d/3062308/gillette-venus-smooth-miami-noi-eldobhato-borotva
2026-08-20,dm,Gillette,Borotválkozás & testápolás,"ComfortGlide Miami Női borotva sugarberry illattal, 1 db",1 db,1.0,db,8700216674195,4899.0,,https://www.dm.hu/p/d/3062395/gillette-venus-comfortglide-miami-noi-borotva-sugarberry-illattal
2026-08-20,dm,Gillette,Borotválkozás & testápolás,"Smooth Miami Női eldobható borotva, 3 db",3 db,3.0,db,8700216756884,1509.0,,https://www.dm.hu/p/d/3062413/gillette-venus-smooth-miami-noi-eldobhato-borotva
2026-08-20,dm,Gillette,Borotválkozás & testápolás,"ComfortGlide Miami női borotvabetét sugarberry illattal, 3 db",3 db,3.0,db,8700216674164,6029.0,,https://www.dm.hu/p/d/3065339/gillette-venus-comfortglide-miami-noi-borotvabetet-sugarberry-illattal
2026-08-20,dm,Gillette,Borotválkozás & testápolás,"ComfortGlide Breeze borotva + 4 borotvabetét, 4 db",4 db,4.0,db,8700216895538,7999.0,,https://www.dm.hu/p/d/3065803/gillette-venus-comfortglide-breeze-borotva-4-borotvabetet
2026-08-20,dm,Gillette,Borotválkozás & testápolás,"3 Colors Női eldobható borotva, 4 db",4 db,4.0,db,8700216506991,849.0,,https://www.dm.hu/p/d/3065822/gillette-venus-3-colors-noi-eldobhato-borotva
2026-08-20,dm,Gillette,Borotválkozás & testápolás,"Borotva ComfortGlow Argan Oil +3 borotvafej, 1 db",1 db,1.0,db,8006530183796,8999.0,,https://www.dm.hu/p/d/3120149/gillette-venus-borotva-comfortglow-argan-oil-3-borotvafej
2026-08-20,dm,Gillette,Borotválkozás & testápolás,"Labs borotva, 1 db betéttel, 1 db",1 db,1.0,db,8006530112406,5999.0,,https://www.dm.hu/p/d/3124396/gillette-labs-borotva-1-db-betettel
2026-08-20,dm,Gillette,Borotválkozás & testápolás,"Labs Borotvabetét, 4 db",4 db,4.0,db,8006530277846,7995.0,,https://www.dm.hu/p/d/3124588/gillette-labs-borotvabetet
2026-08-20,dm,Gillette,Borotválkozás & testápolás,"Labs Borotvakészülék, 3 db betéttel, 1 db",1 db,1.0,db,8006530112529,10999.0,,https://www.dm.hu/p/d/3124594/gillette-labs-borotvakeszulek-3-db-betettel
2026-08-20,dm,Gillette,Borotválkozás & testápolás,"Labs Borotvagél, 198 ml",198 ml,198.0,ml,8006530215138,1879.0,,https://www.dm.hu/p/d/3124606/gillette-labs-borotvagel
2026-08-20,dm,Gillette,Borotválkozás & testápolás,"Labs Borotvabetét, 8 db",8 db,8.0,db,8006530277907,14019.0,,https://www.dm.hu/p/d/3124752/gillette-labs-borotvabetet
2026-08-20,dm,Gillette,Borotválkozás & testápolás,"Férfi borotvahab, 250 ml",250 ml,250.0,ml,8006530159142,1009.0,,https://www.dm.hu/p/d/3124753/gillette-ferfi-borotvahab
2026-08-20,dm,Gillette,Borotválkozás & testápolás,"Férfi borotvahab, Sensitive, 250 ml",250 ml,250.0,ml,8006530154710,1009.0,,https://www.dm.hu/p/d/3124754/gillette-ferfi-borotvahab-sensitive
2026-08-20,dm,Gillette,Borotválkozás & testápolás,"Férfi borotvahab, 400 ml",400 ml,400.0,ml,8006530162982,1199.0,,https://www.dm.hu/p/d/3124755/gillette-ferfi-borotvahab
2026-08-20,dm,Gillette,Borotválkozás & testápolás,"Borotvabetét argánolajjal ComfortGlow, 6 db",6 db,6.0,db,8006530183963,10749.0,,https://www.dm.hu/p/d/3126485/gillette-venus-borotvabetet-arganolajjal-comfortglow
2026-08-20,dm,Gillette,Borotválkozás & testápolás,"Borotvabetét Smooth, 8 db",8 db,8.0,db,8700216969031,6789.0,,https://www.dm.hu/p/d/3126492/gillette-venus-borotvabetet-smooth
2026-08-20,dm,Gillette,Borotválkozás & testápolás,"Borotvabetét ComfortGlide Breeze + pengevédő, 6 db",6 db,6.0,db,8700216969314,7895.0,,https://www.dm.hu/p/d/3126494/gillette-venus-borotvabetet-comfortglide-breeze-pengevedo
2026-08-20,dm,Gillette,Borotválkozás & testápolás,"Női borotva Pro Comfortglide Sugarberry, 1 db",1 db,1.0,db,8700216970020,8999.0,,https://www.dm.hu/p/d/3126496/gillette-venus-noi-borotva-pro-comfortglide-sugarberry
2026-08-20,dm,Gillette,Borotválkozás & testápolás,"Borotvabetét Pro ComfortGlide Sugarberry, 6 db",6 db,6.0,db,8700216969253,10749.0,,https://www.dm.hu/p/d/3126497/gillette-venus-borotvabetet-pro-comfortglide-sugarberry
2026-08-20,dm,Gillette,Borotválkozás & testápolás,"Eldobható női borotva Extra Comfort Sensitive, 6 db",6 db,6.0,db,8006530108256,1999.0,,https://www.dm.hu/p/d/3133769/gillette-venus-eldobhato-noi-borotva-extra-comfort-sensitive
2026-08-20,dm,Gillette,Borotválkozás & testápolás,"Női borotvabetét Pro Smooth Sensitive érzékeny bőrre, 3 db",3 db,3.0,db,8700216968928,6439.0,,https://www.dm.hu/p/d/3133772/gillette-venus-noi-borotvabetet-pro-smooth-sensitive-erzekeny-borre
2026-08-20,dm,Gillette Venus,Borotválkozás & testápolás,"Női eldobható borotva Venus Comfort Colours, 8 db",8 db,8.0,db,8006530129954,2029.0,,https://www.dm.hu/p/d/3133784/gillette-venus-noi-eldobhato-borotva-venus-comfort-colours
2026-08-20,dm,Braun,Borotválkozás & testápolás,"Epilátor Silk·épil 7, 1 db",1 db,1.0,db,8700216963367,37999.0,,https://www.dm.hu/p/d/1714559/braun-epilator-silk-epil-7
2026-08-20,dm,Braun,Borotválkozás & testápolás,"Brows Lady Shaver FG1100 Box - mini trimmer, szemöldökformázó, 1 db",1 db,1.0,db,4210201423645,12999.0,,https://www.dm.hu/p/d/1722814/braun-brows-lady-shaver-fg1100-box-mini-trimmer-szemoldokformazo
2026-08-20,dm,Braun,Borotválkozás & testápolás,"Elektromos borotva, Series 3, 1 db",1 db,1.0,db,4210201163305,26999.0,,https://www.dm.hu/p/d/1899588/braun-elektromos-borotva-series-3
2026-08-20,dm,Braun,Borotválkozás & testápolás,"Epilátor női SE3-276, 1 db",1 db,1.0,db,4210201423461,15399.0,,https://www.dm.hu/p/d/2164560/braun-epilator-noi-se3-276
2026-08-20,dm,Braun,Borotválkozás & testápolás,"Multifunkciós elektromos borotva és szakállvágó, XT5, 1 db",1 db,1.0,db,8001090794987,21999.0,,https://www.dm.hu/p/d/2446495/braun-multifunkcios-elektromos-borotva-es-szakallvago-xt5
2026-08-20,dm,Braun,Borotválkozás & testápolás,"Villanófényes szőrtelenítő PL1124, 1 db",1 db,1.0,db,4210201439141,104999.0,,https://www.dm.hu/p/d/2952147/braun-villanofenyes-szortelenito-pl1124
2026-08-20,dm,Braun,Borotválkozás & testápolás,"Elektromos borotva, XT3, 1 db",1 db,1.0,db,8001090941015,4999.0,,https://www.dm.hu/p/d/3078968/braun-elektromos-borotva-xt3
2026-08-20,dm,Braun,Borotválkozás & testápolás,"Multifunkciós elektromos borotva és szakállvágó, AIO3500, 1 db",1 db,1.0,db,8700216429337,15999.0,,https://www.dm.hu/p/d/3079022/braun-multifunkcios-elektromos-borotva-es-szakallvago-aio3500
2026-08-20,dm,Braun,Borotválkozás & testápolás,"Multifunkciós elektromos borotva és szakállvágó és testszőrzet ápoló, AIO55400, 1 db",1 db,1.0,db,8700216429504,25999.0,,https://www.dm.hu/p/d/3079023/braun-multifunkcios-elektromos-borotva-es-szakallvago-es-testszorzet-apolo-aio55400
2026-08-20,dm,Braun,Borotválkozás & testápolás,"Elektromos szakállvágó BT3500, 1 db",1 db,1.0,db,8700216428262,17999.0,,https://www.dm.hu/p/d/3079024/braun-elektromos-szakallvago-bt3500
2026-08-20,dm,Braun,Borotválkozás & testápolás,"Epilátor Silk·épil 5 SE5-011, 1 db",1 db,1.0,db,8700216963015,27999.0,,https://www.dm.hu/p/d/3121852/braun-epilator-silk-epil-5-se5-011
2026-08-20,dm,Braun,Borotválkozás & testápolás,"Elektromos szakállvágó BT5520, 1 db",1 db,1.0,db,8700216428422,23999.0,,https://www.dm.hu/p/d/3124711/braun-elektromos-szakallvago-bt5520
2026-08-20,dm,Braun,Borotválkozás & testápolás,"Vezetékes epilátor Silk·épil 3 3-000, rózsaszín, 1 db",1 db,1.0,db,8700216962988,17999.0,,https://www.dm.hu/p/d/3132468/braun-vezetekes-epilator-silk-epil-3-3-000-rozsaszin
2026-08-20,dm,Braun,Borotválkozás & testápolás,"Vezetékes epilátor Silk·épil 3 SE3-033, 1 db",1 db,1.0,db,8700216962940,21999.0,,https://www.dm.hu/p/d/3137226/braun-vezetekes-epilator-silk-epil-3-se3-033
2026-08-20,dm,Braun,Borotválkozás & testápolás,"Epilátor Silk-épil SES9-000, 1 db",1 db,1.0,db,8700216963404,51999.0,,https://www.dm.hu/p/d/3139483/braun-epilator-silk-epil-ses9-000
2026-08-20,dm,Braun,Borotválkozás & testápolás,"Villanófényes szőrtelenítő SilkExpert P5 IPL Flash PL5210, 1 db",1 db,1.0,db,8700216937481,169000.0,,https://www.dm.hu/p/d/3139488/braun-villanofenyes-szortelenito-silkexpert-p5-ipl-flash-pl5210
2026-08-20,dm,Braun,Borotválkozás & testápolás,"Villanófényes szőrtelenítő SilkExpert Mini PL1100, 1 db",1 db,1.0,db,8006530145558,99999.0,,https://www.dm.hu/p/d/3139502/braun-villanofenyes-szortelenito-silkexpert-mini-pl1100
2026-08-20,dm,Old Spice,Borotválkozás & testápolás,"Tusfürdő 3in1 Whitewater, nagy kiszerelés, 400 ml",400 ml,400.0,ml,8700216856812,1315.0,,https://www.dm.hu/p/d/1314382/old-spice-tusfurdo-3in1-whitewater-nagy-kiszereles
2026-08-20,dm,Old Spice,Borotválkozás & testápolás,"After shave lotion Original, 100 ml",100 ml,100.0,ml,5011321772335,3399.0,,https://www.dm.hu/p/d/1398456/old-spice-after-shave-lotion-original
2026-08-20,dm,Old Spice,Borotválkozás & testápolás,"Férfi After shave, Captain, 100 ml",100 ml,100.0,ml,8001090978752,3399.0,,https://www.dm.hu/p/d/1460682/old-spice-ferfi-after-shave-captain
2026-08-20,dm,Old Spice,Borotválkozás & testápolás,"Tusfürdő 3in1 Whitewater, Extra XL, 1 l",1000 ml,1000.0,ml,8006540818862,2999.0,,https://www.dm.hu/p/d/1917555/old-spice-tusfurdo-3in1-whitewater-extra-xl
2026-08-20,dm,Old Spice,Borotválkozás & testápolás,"Tusfürdő Captain, 1 l",1000 ml,1000.0,ml,8006540818824,2999.0,,https://www.dm.hu/p/d/1917558/old-spice-tusfurdo-captain
2026-08-20,dm,Old Spice,Borotválkozás & testápolás,"Izzadásgátló zselés stift Whitewater, 70 ml",70 ml,70.0,ml,5000174917710,1675.0,,https://www.dm.hu/p/d/2021544/old-spice-izzadasgatlo-zseles-stift-whitewater
2026-08-20,dm,Old Spice,Borotválkozás & testápolás,"Tusfürdő Oasis, 400 ml",400 ml,400.0,ml,8006540838761,1315.0,,https://www.dm.hu/p/d/2027695/old-spice-tusfurdo-oasis
2026-08-20,dm,Old Spice,Borotválkozás & testápolás,"Deo stift Oasis, 50 ml",50 ml,50.0,ml,8006540839362,1299.0,,https://www.dm.hu/p/d/2027696/old-spice-deo-stift-oasis
2026-08-20,dm,Old Spice,Borotválkozás & testápolás,"Deo spray Oasis, 150 ml",150 ml,150.0,ml,8006540785874,1299.0,,https://www.dm.hu/p/d/2027697/old-spice-deo-spray-oasis
2026-08-20,dm,Old Spice,Borotválkozás & testápolás,"Deo stift Rockstar, 50 ml",50 ml,50.0,ml,8700216203906,1299.0,,https://www.dm.hu/p/d/2033100/old-spice-deo-stift-rockstar
2026-08-20,dm,Old Spice,Borotválkozás & testápolás,"Tusfürdő Rockstar, 400 ml",400 ml,400.0,ml,8700216232746,1315.0,,https://www.dm.hu/p/d/2033101/old-spice-tusfurdo-rockstar
2026-08-20,dm,Old Spice,Borotválkozás & testápolás,"Deo spray Rockstar, 150 ml",150 ml,150.0,ml,8700216169820,1299.0,,https://www.dm.hu/p/d/2033105/old-spice-deo-spray-rockstar
2026-08-20,dm,Old Spice,Borotválkozás & testápolás,"Deo stift Wolfthorn, 50 ml",50 ml,50.0,ml,8700216162173,1299.0,,https://www.dm.hu/p/d/2068920/old-spice-deo-stift-wolfthorn
2026-08-20,dm,Old Spice,Borotválkozás & testápolás,"After shave Whitewater, 100 ml",100 ml,100.0,ml,5000174440256,3399.0,,https://www.dm.hu/p/d/2081244/old-spice-after-shave-whitewater
2026-08-20,dm,Old Spice,Borotválkozás & testápolás,"Deo stift Whitewater, 50 ml",50 ml,50.0,ml,8700216162180,1299.0,,https://www.dm.hu/p/d/2083578/old-spice-deo-stift-whitewater
2026-08-20,dm,Old Spice,Borotválkozás & testápolás,"Deo stift Original, 50 ml",50 ml,50.0,ml,4084500490543,1299.0,,https://www.dm.hu/p/d/2083589/old-spice-deo-stift-original
2026-08-20,dm,Old Spice,Borotválkozás & testápolás,"Deo spray Whitewater, 125 ml",125 ml,125.0,ml,4084500479821,1299.0,,https://www.dm.hu/p/d/2106495/old-spice-deo-spray-whitewater
2026-08-20,dm,Old Spice,Borotválkozás & testápolás,"Deo stift Captain, 50 ml",50 ml,50.0,ml,8700216203982,1299.0,,https://www.dm.hu/p/d/2110818/old-spice-deo-stift-captain
2026-08-20,dm,Old Spice,Borotválkozás & testápolás,"Izzadásgátló zselés stift Captain, 70 ml",70 ml,70.0,ml,8001090999153,1675.0,,https://www.dm.hu/p/d/2110820/old-spice-izzadasgatlo-zseles-stift-captain
2026-08-20,dm,Old Spice,Borotválkozás & testápolás,"Deo spray Captain, 150 ml",150 ml,150.0,ml,8001090962867,1299.0,,https://www.dm.hu/p/d/2110826/old-spice-deo-spray-captain
2026-08-20,dm,Old Spice,Borotválkozás & testápolás,"Deo spray Deep sea, 150 ml",150 ml,150.0,ml,8001841282473,649.0,,https://www.dm.hu/p/d/2118695/old-spice-deo-spray-deep-sea
2026-08-20,dm,Old Spice,Borotválkozás & testápolás,"Deo stift Deep sea, 50 ml",50 ml,50.0,ml,8001841283906,1299.0,,https://www.dm.hu/p/d/2118697/old-spice-deo-stift-deep-sea
2026-08-20,dm,Old Spice,Borotválkozás & testápolás,"Deo stift Whitewater, 2x50 ml, 100 ml",100 ml,100.0,ml,8006530049023,2219.0,,https://www.dm.hu/p/d/2119694/old-spice-deo-stift-whitewater-2x50-ml
2026-08-20,dm,Old Spice,Borotválkozás & testápolás,"Deo spray Whitewater 2x150ml, 300 ml",300 ml,300.0,ml,8001841670720,649.0,,https://www.dm.hu/p/d/2119695/old-spice-deo-spray-whitewater-2x150ml
2026-08-20,dm,Old Spice,Borotválkozás & testápolás,"Tusfürdő Tigerclaw, 3 in 1, 400 ml",400 ml,400.0,ml,8006540456484,299.0,,https://www.dm.hu/p/d/2129208/old-spice-tusfurdo-tigerclaw-3-in-1
2026-08-20,dm,Old Spice,Borotválkozás & testápolás,"Deo stift Nightpanther, 50 ml",50 ml,50.0,ml,8700216884617,1299.0,,https://www.dm.hu/p/d/2129212/old-spice-deo-stift-nightpanther
2026-08-20,dm,Old Spice,Borotválkozás & testápolás,"Deo Stift Tigerclaw, 50 ml",50 ml,50.0,ml,8700216884686,1299.0,,https://www.dm.hu/p/d/2129214/old-spice-deo-stift-tigerclaw
2026-08-20,dm,Old Spice,Borotválkozás & testápolás,"Deo stift Bearglove, 50 ml",50 ml,50.0,ml,8700216884662,1299.0,,https://www.dm.hu/p/d/2191389/old-spice-deo-stift-bearglove
2026-08-20,dm,Old Spice,Borotválkozás & testápolás,"Férfi deo stift, Whitewater, 85 ml",85 ml,85.0,ml,8700216357814,1899.0,,https://www.dm.hu/p/d/2252279/old-spice-ferfi-deo-stift-whitewater
2026-08-20,dm,Old Spice,Borotválkozás & testápolás,"Férfi deo stift, Captain, 85 ml",85 ml,85.0,ml,8700216879866,1899.0,,https://www.dm.hu/p/d/2252292/old-spice-ferfi-deo-stift-captain
2026-08-20,dm,Old Spice,Borotválkozás & testápolás,"Deo spray Bear Glove, 150 ml",150 ml,150.0,ml,4015600860332,1299.0,,https://www.dm.hu/p/d/2277276/old-spice-deo-spray-bear-glove
2026-08-20,dm,Old Spice,Borotválkozás & testápolás,"Tusfürdő Bearglove, 400 ml",400 ml,400.0,ml,8001090533869,1315.0,,https://www.dm.hu/p/d/2291332/old-spice-tusfurdo-bearglove
2026-08-20,dm,Old Spice,Borotválkozás & testápolás,"Deo spray, Whitewater, XXL, 250 ml",250 ml,250.0,ml,8700216875677,1905.0,,https://www.dm.hu/p/d/2440780/old-spice-deo-spray-whitewater-xxl
2026-08-20,dm,Old Spice,Borotválkozás & testápolás,"Deo spray, Captain, XXL, 250 ml",250 ml,250.0,ml,8700216875714,1905.0,,https://www.dm.hu/p/d/2445434/old-spice-deo-spray-captain-xxl
2026-08-20,dm,Old Spice,Borotválkozás & testápolás,"Deo stift Astronaut, 50 ml",50 ml,50.0,ml,8006540592939,319.0,,https://www.dm.hu/p/d/2709021/old-spice-deo-stift-astronaut
2026-08-20,dm,Old Spice,Borotválkozás & testápolás,"Tusfürdő Deep Sea, XL, 1 000 ml",0 ml,0.0,ml,8700216452755,2999.0,,https://www.dm.hu/p/d/2974743/old-spice-tusfurdo-deep-sea-xl
2026-08-20,dm,Old Spice,Borotválkozás & testápolás,"Tusfürdő 3in1 Wolfthorn, Extra XL, 1 000 ml",0 ml,0.0,ml,8700216452588,2999.0,,https://www.dm.hu/p/d/2974759/old-spice-tusfurdo-3in1-wolfthorn-extra-xl
2026-08-20,dm,Old Spice,Borotválkozás & testápolás,"Deo stift Oasis, 2X50ml, 100 ml",100 ml,100.0,ml,8700216810982,2219.0,,https://www.dm.hu/p/d/2977379/old-spice-deo-stift-oasis-2x50ml
2026-08-20,dm,Old Spice,Borotválkozás & testápolás,"Tusfürdő, Epic Legend, 400 ml",400 ml,400.0,ml,8700216611046,1315.0,,https://www.dm.hu/p/d/3050106/old-spice-tusfurdo-epic-legend
2026-08-20,dm,Old Spice,Borotválkozás & testápolás,"Deo stift, Sport Power, 50 ml",50 ml,50.0,ml,8700216658867,649.0,,https://www.dm.hu/p/d/3058484/old-spice-deo-stift-sport-power
2026-08-20,dm,Old Spice,Borotválkozás & testápolás,"Deo stift, Night Power, 50 ml",50 ml,50.0,ml,8700216659093,649.0,,https://www.dm.hu/p/d/3058485/old-spice-deo-stift-night-power
2026-08-20,dm,Old Spice,Borotválkozás & testápolás,"Férfi deo spray, Power Start, 150 ml",150 ml,150.0,ml,8700216639262,379.0,,https://www.dm.hu/p/d/3058486/old-spice-ferfi-deo-spray-power-start
2026-08-20,dm,Old Spice,Borotválkozás & testápolás,"Férfi deo spray, Sport Power, 150 ml",150 ml,150.0,ml,8700216639279,379.0,,https://www.dm.hu/p/d/3058487/old-spice-ferfi-deo-spray-sport-power
2026-08-20,dm,Old Spice,Borotválkozás & testápolás,"Férfi deo spray, Night Power, 150 ml",150 ml,150.0,ml,8700216639309,379.0,,https://www.dm.hu/p/d/3058488/old-spice-ferfi-deo-spray-night-power
2026-08-20,dm,Old Spice,Borotválkozás & testápolás,"Deo stift Epic Legend, 50 ml",50 ml,50.0,ml,8700216607360,1299.0,,https://www.dm.hu/p/d/3058489/old-spice-deo-stift-epic-legend
2026-08-20,dm,Old Spice,Borotválkozás & testápolás,"Férfi deo spray, Epic Legend, 150 ml",150 ml,150.0,ml,8700216606035,1299.0,,https://www.dm.hu/p/d/3058490/old-spice-ferfi-deo-spray-epic-legend
2026-08-20,dm,Old Spice,Borotválkozás & testápolás,"Tusfürdő Oasis, 2x400 ml, 800 ml",800 ml,800.0,ml,8700216811071,2339.0,,https://www.dm.hu/p/d/3058491/old-spice-tusfurdo-oasis-2x400-ml
2026-08-20,dm,Old Spice,Borotválkozás & testápolás,"Tusfürdő, Bearglove, 1 000 ml",0 ml,0.0,ml,8700216610933,2999.0,,https://www.dm.hu/p/d/3058492/old-spice-tusfurdo-bearglove
2026-08-20,dm,Old Spice,Borotválkozás & testápolás,"Férfi tusfürdő, Captain, 2x400 ml, 800 ml",800 ml,800.0,ml,8700216961967,2339.0,,https://www.dm.hu/p/d/3068188/old-spice-ferfi-tusfurdo-captain-2x400-ml
2026-08-20,dm,Old Spice,Borotválkozás & testápolás,"Férfi tusfürdő, Whitewater, 2x400ml, 800 ml",800 ml,800.0,ml,8700216980319,2339.0,,https://www.dm.hu/p/d/3068197/old-spice-ferfi-tusfurdo-whitewater-2x400ml
2026-08-20,dm,Old Spice,Borotválkozás & testápolás,"Férfi deo stift, Captain, 2x50ml, 100 ml",100 ml,100.0,ml,8700216961998,2219.0,,https://www.dm.hu/p/d/3068214/old-spice-ferfi-deo-stift-captain-2x50ml
2026-08-20,dm,Old Spice,Borotválkozás & testápolás,"Férfi tusfürdő, Cold spice, 400 ml",400 ml,400.0,ml,8006530139311,1315.0,,https://www.dm.hu/p/d/3124100/old-spice-ferfi-tusfurdo-cold-spice
2026-08-20,dm,Old Spice,Borotválkozás & testápolás,"Férfi deo stift, Bearglove, 85 ml",85 ml,85.0,ml,8700216752466,1899.0,,https://www.dm.hu/p/d/3124756/old-spice-ferfi-deo-stift-bearglove
2026-08-20,dm,Old Spice,Borotválkozás & testápolás,"Férfi deo spray, Bearglove, 250 ml",250 ml,250.0,ml,8700216752497,1905.0,,https://www.dm.hu/p/d/3124757/old-spice-ferfi-deo-spray-bearglove
2026-08-20,dm,Old Spice,Borotválkozás & testápolás,"Férfi tusfürdő, Rockstar, 1 000 ml",0 ml,0.0,ml,8006530074001,2999.0,,https://www.dm.hu/p/d/3124758/old-spice-ferfi-tusfurdo-rockstar
2026-08-20,dm,Old Spice,Borotválkozás & testápolás,"Férfi deo gél, Cold spice, 70 ml",70 ml,70.0,ml,8006530155557,1675.0,,https://www.dm.hu/p/d/3124759/old-spice-ferfi-deo-gel-cold-spice
2026-08-20,dm,Old Spice,Borotválkozás & testápolás,"Férfi deo spray, Cold spice, 150 ml",150 ml,150.0,ml,8006530101608,1299.0,,https://www.dm.hu/p/d/3124760/old-spice-ferfi-deo-spray-cold-spice
2026-08-20,dm,Old Spice,Borotválkozás & testápolás,"Férfi tusfürdő, Cold spice, 1 000 ml",0 ml,0.0,ml,8006530139021,2999.0,,https://www.dm.hu/p/d/3124761/old-spice-ferfi-tusfurdo-cold-spice
2026-08-20,dm,Old Spice,Borotválkozás & testápolás,"Férfi izzadásgátló gél, Whitewater, 70 ml",70 ml,70.0,ml,8006530030014,1675.0,,https://www.dm.hu/p/d/3125371/old-spice-ferfi-izzadasgatlo-gel-whitewater
2026-08-20,dm,Old Spice,Borotválkozás & testápolás,"Férfi izzadásgátló gél, Captain, 70 ml",70 ml,70.0,ml,8006530030397,1675.0,,https://www.dm.hu/p/d/3125378/old-spice-ferfi-izzadasgatlo-gel-captain
2026-08-20,dm,Oral-B,Szájápolás,"Fogselyem Superfloss, 50 db",50 db,50.0,db,8700216538961,1549.0,,https://www.dm.hu/p/d/1672365/oral-b-fogselyem-superfloss
2026-08-20,dm,Oral-B,Szájápolás,"Elekt fogkefe iO5 quite white, 1 db",1 db,1.0,db,4210201415343,39999.0,,https://www.dm.hu/p/d/2022906/oral-b-elekt-fogkefe-io5-quite-white
2026-08-20,dm,Oral-B,Szájápolás,"Elektromos fogkefe Vitality Pro Protect X Clean, fekete, 1 db",1 db,1.0,db,4210201427124,13499.0,,https://www.dm.hu/p/d/2022914/oral-b-elektromos-fogkefe-vitality-pro-protect-x-clean-fekete
2026-08-20,dm,Oral-B,Szájápolás,"Fogkrém Pro-Expert Protection, 75 ml",75 ml,75.0,ml,8700216106863,499.0,,https://www.dm.hu/p/d/2030368/oral-b-fogkrem-pro-expert-protection
2026-08-20,dm,Oral-B,Szájápolás,"Fogkrém Pro-Expert Healthy Whitening, 75 ml",75 ml,75.0,ml,8700216106788,499.0,,https://www.dm.hu/p/d/2030369/oral-b-fogkrem-pro-expert-healthy-whitening
2026-08-20,dm,Oral-B,Szájápolás,"Fogkrém Pro-Expert Sensitive, 75 ml",75 ml,75.0,ml,8700216106818,499.0,,https://www.dm.hu/p/d/2030370/oral-b-fogkrem-pro-expert-sensitive
2026-08-20,dm,Oral-B,Szájápolás,"Fogkrém Pro Expert Advanced, 75 ml",75 ml,75.0,ml,8700216106702,649.0,,https://www.dm.hu/p/d/2030372/oral-b-fogkrem-pro-expert-advanced
2026-08-20,dm,Oral-B,Szájápolás,"Elektromos fogkefe IO9 white, 1 db",1 db,1.0,db,4210201449614,104999.0,,https://www.dm.hu/p/d/2030513/oral-b-elektromos-fogkefe-io9-white
2026-08-20,dm,Oral-B,Szájápolás,"Elektromos fogkefe IO3 Ice Blue, 1 db",1 db,1.0,db,8006540731321,30999.0,,https://www.dm.hu/p/d/2030514/oral-b-elektromos-fogkefe-io3-ice-blue
2026-08-20,dm,Oral-B,Szájápolás,"Fogkefe pótfej Kids Jégvarázs, 4 db",4 db,4.0,db,4210201385233,7799.0,,https://www.dm.hu/p/d/2030714/oral-b-fogkefe-potfej-kids-jegvarazs
2026-08-20,dm,Oral-B,Szájápolás,"Elektromos fogkefe Pro series 1 kék, 1 db",1 db,1.0,db,8001090916464,16999.0,,https://www.dm.hu/p/d/2030715/oral-b-elektromos-fogkefe-pro-series-1-kek
2026-08-20,dm,Oral-B,Szájápolás,"Fogkefe pótfej Pro Sensitive Clean, 8 db",8 db,8.0,db,8006540848036,11999.0,,https://www.dm.hu/p/d/2031444/oral-b-fogkefe-potfej-pro-sensitive-clean
2026-08-20,dm,Oral-B,Szájápolás,"Pótfej elektromos fogkeféhez Sensitive Clean, 4 db",4 db,4.0,db,8006540847961,6499.0,,https://www.dm.hu/p/d/2031445/oral-b-potfej-elektromos-fogkefehez-sensitive-clean
2026-08-20,dm,Oral-B,Szájápolás,"fogkefe pótfej Pro Cross Action, 8 db",8 db,8.0,db,8006540847855,11999.0,,https://www.dm.hu/p/d/2031446/oral-b-fogkefe-potfej-pro-cross-action
2026-08-20,dm,Oral-B,Szájápolás,"Fogkefe pótfej Pro Cross Action, 4 db",4 db,4.0,db,8006540847770,7499.0,,https://www.dm.hu/p/d/2031447/oral-b-fogkefe-potfej-pro-cross-action
2026-08-20,dm,Oral-B,Szájápolás,"Fogkefe pótfej Pro Precision Clean XXL Pack, 8 db",8 db,8.0,db,8006540847459,11499.0,,https://www.dm.hu/p/d/2031448/oral-b-fogkefe-potfej-pro-precision-clean-xxl-pack
2026-08-20,dm,Oral-B,Szájápolás,"Fogkefe pótfej Pro Kids 3 éves kortól Spiderman, 4 db",4 db,4.0,db,8006540805237,7799.0,,https://www.dm.hu/p/d/2031449/oral-b-fogkefe-potfej-pro-kids-3-eves-kortol-spiderman
2026-08-20,dm,Oral-B,Szájápolás,"Fogkrém Pro-expert duo pack, 150 ml",150 ml,150.0,ml,8700216384643,819.0,,https://www.dm.hu/p/d/2032693/oral-b-fogkrem-pro-expert-duo-pack
2026-08-20,dm,Oral-B,Szájápolás,"Fogkefe Black Allrorunder (többféle), 3 db",3 db,3.0,db,3014260101503,729.0,,https://www.dm.hu/p/d/2220339/oral-b-fogkefe-black-allrorunder-tobbfele
2026-08-20,dm,Oral-B,Szájápolás,"Elektromos fogkefe gyermekeknek, Pro Kids 3+ Frozen, tokkal, 1 db",1 db,1.0,db,8006540773338,16999.0,,https://www.dm.hu/p/d/2276668/oral-b-elektromos-fogkefe-gyermekeknek-pro-kids-3-frozen-tokkal
2026-08-20,dm,Oral-B,Szájápolás,"Fogkefe 3-Effect medium (többféle), 2 db",2 db,2.0,db,3014260022839,575.0,,https://www.dm.hu/p/d/2376804/oral-b-fogkefe-3-effect-medium-tobbfele
2026-08-20,dm,Oral-B,Szájápolás,"Elektromos fogkefe Vitality Pro Protect x Clean, lila, 1 db",1 db,1.0,db,4210201427025,13499.0,,https://www.dm.hu/p/d/2440948/oral-b-elektromos-fogkefe-vitality-pro-protect-x-clean-lila
2026-08-20,dm,Oral-B,Szájápolás,"Elektromos fogkefe iO6 Black Lava, 1 db",1 db,1.0,db,4210201409199,58999.0,,https://www.dm.hu/p/d/2443359/oral-b-elektromos-fogkefe-io6-black-lava
2026-08-20,dm,Oral-B,Szájápolás,"Elektromos fogkefe Prp Series 1 Duo Edition, 2 db",2 db,2.0,db,8006540789193,29999.0,,https://www.dm.hu/p/d/2445746/oral-b-elektromos-fogkefe-prp-series-1-duo-edition
2026-08-20,dm,Oral-B,Szájápolás,"Pótfej elektromos fogkeféhez 3d white, 4 db",4 db,4.0,db,4210201358725,6499.0,,https://www.dm.hu/p/d/2472285/oral-b-potfej-elektromos-fogkefehez-3d-white
2026-08-20,dm,Oral-B,Szájápolás,"Elektromos fogkefe Pro Series 1 utazótokkal, 1 db",1 db,1.0,db,8001090914316,18499.0,,https://www.dm.hu/p/d/2714342/oral-b-elektromos-fogkefe-pro-series-1-utazotokkal
2026-08-20,dm,Oral-B,Szájápolás,"Fogkefe pótfej Pro Cross Action, 6 db",6 db,6.0,db,8006540847879,10499.0,,https://www.dm.hu/p/d/2717780/oral-b-fogkefe-potfej-pro-cross-action
2026-08-20,dm,Oral-B,Szájápolás,"Pótfej elektromos fogkeféhez Pulsonic Clean, 4 db",4 db,4.0,db,4210201299851,7299.0,,https://www.dm.hu/p/d/2833973/oral-b-potfej-elektromos-fogkefehez-pulsonic-clean
2026-08-20,dm,Oral-B,Szájápolás,"Fogkefe colors xxxl (többféle), 4 db",4 db,4.0,db,8001090675521,665.0,,https://www.dm.hu/p/d/2949865/oral-b-fogkefe-colors-xxxl-tobbfele
2026-08-20,dm,Oral-B,Szájápolás,"Pótfej elektromos fogkeféhez Pro Cross Action White, 2 db",2 db,2.0,db,8006540847725,2149.0,,https://www.dm.hu/p/d/2951391/oral-b-potfej-elektromos-fogkefehez-pro-cross-action-white
2026-08-20,dm,Oral-B,Szájápolás,"Pótfej elektromos fogkeféhez Sensitive Clean, 2 db",2 db,2.0,db,8006540847923,4299.0,,https://www.dm.hu/p/d/2951392/oral-b-potfej-elektromos-fogkefehez-sensitive-clean
2026-08-20,dm,Oral-B,Szájápolás,"Fogkefe pótfej Pro Kids 3 éves kortól Spiderman, 2 db",2 db,2.0,db,8006540805008,1999.0,,https://www.dm.hu/p/d/2951418/oral-b-fogkefe-potfej-pro-kids-3-eves-kortol-spiderman
2026-08-20,dm,Oral-B,Szájápolás,"Fogkrém junior 6-12 éves gyerekeknek, 75 ml",75 ml,75.0,ml,8700216089654,775.0,,https://www.dm.hu/p/d/2969752/oral-b-fogkrem-junior-6-12-eves-gyerekeknek
2026-08-20,dm,Oral-B,Szájápolás,"Fogkrém Pro Kids 6 éves korig, 50 ml",50 ml,50.0,ml,8700216089715,299.0,,https://www.dm.hu/p/d/2969753/oral-b-fogkrem-pro-kids-6-eves-korig
2026-08-20,dm,Oral-B,Szájápolás,"ProKids elektromos fogkefe Lion king matricákkal, 1 db",1 db,1.0,db,8700216297172,16999.0,,https://www.dm.hu/p/d/2969774/oral-b-prokids-elektromos-fogkefe-lion-king-matricakkal
2026-08-20,dm,Oral-B,Szájápolás,"Fogselyem Proexpert Deep Clean, 1 db",1 db,1.0,db,8700216365604,1049.0,,https://www.dm.hu/p/d/2970605/oral-b-fogselyem-proexpert-deep-clean
2026-08-20,dm,Oral-B,Szájápolás,"Elektromos fogkefe iO3 Black utazótokkal, 1 db",1 db,1.0,db,8700216868709,35999.0,,https://www.dm.hu/p/d/2974508/oral-b-elektromos-fogkefe-io3-black-utazotokkal
2026-08-20,dm,Oral-B,Szájápolás,"Fogkefe pótfej elektrmos fogkeféhez Lion King mintával, 8 db",8 db,8.0,db,8700216302227,9449.0,,https://www.dm.hu/p/d/2974527/oral-b-fogkefe-potfej-elektrmos-fogkefehez-lion-king-mintaval
2026-08-20,dm,Oral-B,Szájápolás,"Fogkrém Pro expert advanced gum, 75 ml",75 ml,75.0,ml,8700216413046,649.0,,https://www.dm.hu/p/d/2974547/oral-b-fogkrem-pro-expert-advanced-gum
2026-08-20,dm,Oral-B,Szájápolás,"Pótfej iO elektromos fogkeféhez, GentleCare fekete színben, 4 db",4 db,4.0,db,8700216199346,14499.0,,https://www.dm.hu/p/d/3060385/oral-b-potfej-io-elektromos-fogkefehez-gentlecare-fekete-szinben
2026-08-20,dm,Oral-B,Szájápolás,"Pótfej iO elektromos fogkeféhez, GentleCare fehér színben, 4 db",4 db,4.0,db,8700216199438,14499.0,,https://www.dm.hu/p/d/3060386/oral-b-potfej-io-elektromos-fogkefehez-gentlecare-feher-szinben
2026-08-20,dm,Oral-B,Szájápolás,"Elektromos fogkefe iO 2 Series Calm Pink, 1 db",1 db,1.0,db,8700216611831,24999.0,,https://www.dm.hu/p/d/3060387/oral-b-elektromos-fogkefe-io-2-series-calm-pink
2026-08-20,dm,Oral-B,Szájápolás,"Pótfej iO elektromos fogkeféhez, Ultimate Clean, 4 db",4 db,4.0,db,8700216199513,14499.0,,https://www.dm.hu/p/d/3060394/oral-b-potfej-io-elektromos-fogkefehez-ultimate-clean
2026-08-20,dm,Oral-B,Szájápolás,"Elektromos fogkefe iO Series 2 Forest Green, 1 db",1 db,1.0,db,8700216611848,24999.0,,https://www.dm.hu/p/d/3063474/oral-b-elektromos-fogkefe-io-series-2-forest-green
2026-08-20,dm,Oral-B,Szájápolás,"Pótfej iO elektromos fogkeféhez, fekete Ultimate Clean, 4 db",4 db,4.0,db,8700216199483,14499.0,,https://www.dm.hu/p/d/3063685/oral-b-potfej-io-elektromos-fogkefehez-fekete-ultimate-clean
2026-08-20,dm,Oral-B,Szájápolás,"Fogkefe kids 0+ extra soft, 1 db",1 db,1.0,db,8700216749497,725.0,,https://www.dm.hu/p/d/3063703/oral-b-fogkefe-kids-0-extra-soft
2026-08-20,dm,Oral-B,Szájápolás,"Fogkefe Pro-Expert Advanced, többféle, 2 db",2 db,2.0,db,8700216445481,1329.0,,https://www.dm.hu/p/d/3064157/oral-b-fogkefe-pro-expert-advanced-tobbfele
2026-08-20,dm,Oral-B,Szájápolás,"Fogkefe Sensitive Clinical duopack, többféle, 2 db",2 db,2.0,db,8700216567923,1465.0,,https://www.dm.hu/p/d/3064158/oral-b-fogkefe-sensitive-clinical-duopack-tobbfele
2026-08-20,dm,Oral-B,Szájápolás,"Elektromos fogkefe iO Series 2 Black utazó tokkal, 1 db",1 db,1.0,db,8700216611923,27999.0,,https://www.dm.hu/p/d/3064196/oral-b-elektromos-fogkefe-io-series-2-black-utazo-tokkal
2026-08-20,dm,Oral-B,Szájápolás,"Pro-3DW Fogkefe Medium, többféle, 2 db",2 db,2.0,db,8700216459761,1179.0,,https://www.dm.hu/p/d/3064203/oral-b-pro-3dw-fogkefe-medium-tobbfele
2026-08-20,dm,Oral-B,Szájápolás,"Fogkefe Junior 6+ Color Changing, Többféle, 1 db",1 db,1.0,db,8700216749466,725.0,,https://www.dm.hu/p/d/3064529/oral-b-fogkefe-junior-6-color-changing-tobbfele
2026-08-20,dm,Oral-B,Szájápolás,"Fogkefe Sensitive Clinical, 1 db",1 db,1.0,db,8700216449397,499.0,,https://www.dm.hu/p/d/3064552/oral-b-fogkefe-sensitive-clinical
2026-08-20,dm,Oral-B,Szájápolás,"Pótfej elektromos fogkeféhez, Lion King, 4 db",4 db,4.0,db,8700216302074,7779.0,,https://www.dm.hu/p/d/3064578/oral-b-potfej-elektromos-fogkefehez-lion-king
2026-08-20,dm,Oral-B,Szájápolás,"Pótfej iO elektromos fogkeféhez, Radient White, 4 db",4 db,4.0,db,8700216199254,14499.0,,https://www.dm.hu/p/d/3064859/oral-b-potfej-io-elektromos-fogkefehez-radient-white
2026-08-20,dm,Oral-B,Szájápolás,"Elektromos fogkefe iO6 Pink, 1 db",1 db,1.0,db,8700216011419,58999.0,,https://www.dm.hu/p/d/3064878/oral-b-elektromos-fogkefe-io6-pink
2026-08-20,dm,Oral-B,Szájápolás,"Pótfej iO elektromos fogkeféhez Interdental Clean, 2 db",2 db,2.0,db,8700216375399,8999.0,,https://www.dm.hu/p/d/3064894/oral-b-potfej-io-elektromos-fogkefehez-interdental-clean
2026-08-20,dm,Oral-B,Szájápolás,"Fogkefe Pro-Sensitive Advanced, 2 db",2 db,2.0,db,8700216567916,1265.0,,https://www.dm.hu/p/d/3069141/oral-b-fogkefe-pro-sensitive-advanced
2026-08-20,dm,Oral-B,Szájápolás,"Fogkefe pro 3d white medium, 1 db",1 db,1.0,db,8700216459334,999.0,,https://www.dm.hu/p/d/3069395/oral-b-fogkefe-pro-3d-white-medium
2026-08-20,dm,Oral-B,Szájápolás,"Elektromos fogkefe iO Series 2 duo, 2 db",2 db,2.0,db,8700216611909,49999.0,,https://www.dm.hu/p/d/3070604/oral-b-elektromos-fogkefe-io-series-2-duo
2026-08-20,dm,Oral-B,Szájápolás,"Fogkrém Pro 3D White Bright Brillance, 75 ml",75 ml,75.0,ml,8700216922807,1535.0,,https://www.dm.hu/p/d/3097812/oral-b-fogkrem-pro-3d-white-bright-brillance
2026-08-20,dm,Oral-B,Szájápolás,"Fogkrém Pro 3D White R adiant White, 75 ml",75 ml,75.0,ml,8700216922838,1535.0,,https://www.dm.hu/p/d/3097814/oral-b-fogkrem-pro-3d-white-r-adiant-white
2026-08-20,dm,Oral-B,Szájápolás,"Elektromos fogkefe iO9 fekete színben utazótokkal és kistáskával, 1 db",1 db,1.0,db,8700216868563,104999.0,,https://www.dm.hu/p/d/3106684/oral-b-elektromos-fogkefe-io9-fekete-szinben-utazotokkal-es-kistaskaval
2026-08-20,dm,Oral-B,Szájápolás,"Elekrtomos fogkefe iO kids Stitch utazó tokkal, 1 db",1 db,1.0,db,8700216932479,28999.0,,https://www.dm.hu/p/d/3108339/oral-b-elekrtomos-fogkefe-io-kids-stitch-utazo-tokkal
2026-08-20,dm,Oral-B,Szájápolás,"Pótfej elektromos fogkeféhez Stitch, 4 db",4 db,4.0,db,8700216930710,15499.0,,https://www.dm.hu/p/d/3108345/oral-b-potfej-elektromos-fogkefehez-stitch
2026-08-20,dm,Oral-B,Szájápolás,"Pótfej iO elektromos fogkeféhez, Kids Spiderman",,,,8700216930260,15499.0,,https://www.dm.hu/p/d/3126826/oral-b-potfej-io-elektromos-fogkefehez-kids-spiderman
2026-08-20,dm,Oral-B,Szájápolás,"Elektromos fogkefe iO kids Spider tokkal, 1 db",1 db,1.0,db,8700216932370,28999.0,,https://www.dm.hu/p/d/3127088/oral-b-elektromos-fogkefe-io-kids-spider-tokkal
2026-08-20,dm,Oral-B,Szájápolás,"Fogkrém pro-exp Gentle whitening Crystals duopack, 150 ml",150 ml,150.0,ml,8006530444187,1209.0,,https://www.dm.hu/p/d/3131359/oral-b-fogkrem-pro-exp-gentle-whitening-crystals-duopack
2026-08-20,dm,Oral-B,Szájápolás,"Fogkrém Advanced Enamel Strengthening duopack, 150 ml",150 ml,150.0,ml,8006530444248,1645.0,,https://www.dm.hu/p/d/3131444/oral-b-fogkrem-advanced-enamel-strengthening-duopack
2026-08-20,dm,Oral-B,Szájápolás,"Fogkrém Pro-Expert Sensitive Calm Sensation duopack, 150 ml",150 ml,150.0,ml,8006530444224,1209.0,,https://www.dm.hu/p/d/3131445/oral-b-fogkrem-pro-expert-sensitive-calm-sensation-duopack
2026-08-20,dm,Oral-B,Szájápolás,"Fogkrém kids lion king 6+ gyerekeknek, 60 ml",60 ml,60.0,ml,8006530024402,739.0,,https://www.dm.hu/p/d/3131464/oral-b-fogkrem-kids-lion-king-6-gyerekeknek
2026-08-20,dm,Oral-B,Szájápolás,"Viaszolt fogselyem Essential, 1 db",1 db,1.0,db,8006530045667,1499.0,,https://www.dm.hu/p/d/3131492/oral-b-viaszolt-fogselyem-essential
2026-08-20,dm,Oral-B,Szájápolás,"Fogkrém pro-exp gGntle whitening Crystals, 75 ml",75 ml,75.0,ml,8006530090537,779.0,,https://www.dm.hu/p/d/3131846/oral-b-fogkrem-pro-exp-ggntle-whitening-crystals
2026-08-20,dm,Oral-B,Szájápolás,"Fogkrém Pro-expert Refreshing Clean, 75 ml",75 ml,75.0,ml,8006530090674,779.0,,https://www.dm.hu/p/d/3131848/oral-b-fogkrem-pro-expert-refreshing-clean
2026-08-20,dm,Oral-B,Szájápolás,"Fogkrém Advanced sensitivity protection, 75 ml",75 ml,75.0,ml,8006530091039,1149.0,,https://www.dm.hu/p/d/3131855/oral-b-fogkrem-advanced-sensitivity-protection
2026-08-20,dm,Oral-B,Szájápolás,"Fogkrém Advanced Healthy Whitening, 75 ml",75 ml,75.0,ml,8006530090971,1149.0,,https://www.dm.hu/p/d/3131869/oral-b-fogkrem-advanced-healthy-whitening
2026-08-20,dm,Oral-B,Szájápolás,"Fogkrém Complete Ultimate Fresh, 75 ml",75 ml,75.0,ml,8006530254854,709.0,,https://www.dm.hu/p/d/3131878/oral-b-fogkrem-complete-ultimate-fresh
2026-08-20,dm,Oral-B,Szájápolás,"Fogkrém Pro-Expert Sensitive Calm Sensation, 75 ml",75 ml,75.0,ml,8006530090773,779.0,,https://www.dm.hu/p/d/3131892/oral-b-fogkrem-pro-expert-sensitive-calm-sensation
2026-08-20,dm,Oral-B,Szájápolás,Elektromos fogkefe iO3 quite white,,,,8006530054119,30999.0,,https://www.dm.hu/p/d/3131994/oral-b-elektromos-fogkefe-io3-quite-white
2026-08-20,dm,Oral-B,Szájápolás,"Viaszolt fogselyem Essential Duopack, 2 db",2 db,2.0,db,8006530045995,2499.0,,https://www.dm.hu/p/d/3132214/oral-b-viaszolt-fogselyem-essential-duopack
2026-08-20,dm,Blend-a-med,Szájápolás,"Fogkrém Complete Protect, 100 ml",100 ml,100.0,ml,8001090716279,465.0,,https://www.dm.hu/p/d/2498808/blend-a-med-fogkrem-complete-protect
2026-08-20,dm,Blend-a-med,Szájápolás,"Fogkrém Complete Proctect fresh, 150 ml",150 ml,150.0,ml,8006540391402,665.0,,https://www.dm.hu/p/d/2945741/blend-a-med-fogkrem-complete-proctect-fresh
2026-08-20,dm,Blend-a-med,Szájápolás,"Fogkrém 3d white classic duopack, 150 ml",150 ml,150.0,ml,8700216950497,665.0,,https://www.dm.hu/p/d/3069607/blend-a-med-fogkrem-3d-white-classic-duopack
2026-08-20,dm,Blend-a-dent,Szájápolás,"Műfogsorrögzítő Plus Unbeatable Bite, 40 g",40 g,40.0,g,8700216598736,1949.0,,https://www.dm.hu/p/d/2264376/blend-a-dent-mufogsorrogzito-plus-unbeatable-bite
2026-08-20,dm,Blend-a-dent,Szájápolás,"Műfogsorrögzítő krém Complete Extra Stark Original, 47 g",47 g,47.0,g,8001841900483,1849.0,,https://www.dm.hu/p/d/2278892/blend-a-dent-mufogsorrogzito-krem-complete-extra-stark-original
2026-08-20,dm,Blend-a-dent,Szájápolás,"Műfogsorrögzítő krém extra erős, 47 g",47 g,47.0,g,8001841900575,1849.0,,https://www.dm.hu/p/d/2279917/blend-a-dent-mufogsorrogzito-krem-extra-eros
2026-08-20,dm,Blend-a-dent,Szájápolás,"Műfogsorrögzítő Plus Unbeatable Bite, duopack, 80 g",80 g,80.0,g,8006530000031,2799.0,,https://www.dm.hu/p/d/2444869/blend-a-dent-mufogsorrogzito-plus-unbeatable-bite-duopack
2026-08-20,dm,Blend-a-dent,Szájápolás,"Műfogsorrögzítő krém, 94 g",94 g,94.0,g,8006540300053,2899.0,,https://www.dm.hu/p/d/2835026/blend-a-dent-mufogsorrogzito-krem
2026-08-20,dm,Blend-a-dent,Szájápolás,"Műfogsorrögzítő krém friss, mentolos ízesítéssel, 40 g",40 g,40.0,g,8700216596398,2199.0,,https://www.dm.hu/p/d/3063823/blend-a-dent-mufogsorrogzito-krem-friss-mentolos-izesitessel
2026-08-20,dm,Ariel,Mosás & háztartás,"Mosópor színes ruhákhoz 80 mosás, 4,4 kg",4400 g,4400.0,g,8006540940693,6999.0,,https://www.dm.hu/p/d/2444694/ariel-mosopor-szines-ruhakhoz-80-mosas
2026-08-20,dm,Ariel,Mosás & háztartás,"Mosópor Alpin Fresh, 4,4 kg",4400 g,4400.0,g,8006540940150,6999.0,,https://www.dm.hu/p/d/2444695/ariel-mosopor-alpin-fresh
2026-08-20,dm,Ariel,Mosás & háztartás,"Mosókapszula Allin1 Extra Stain Removal, 19 db",19 db,19.0,db,8700216765800,2299.0,,https://www.dm.hu/p/d/3062788/ariel-mosokapszula-allin1-extra-stain-removal
2026-08-20,dm,Ariel,Mosás & háztartás,"Mosógél Fresh Air, 25 mosás",25 mosás,25.0,mosás,8700216691956,2239.0,,https://www.dm.hu/p/d/3063347/ariel-mosogel-fresh-air
2026-08-20,dm,Ariel,Mosás & háztartás,"Mosókapszula színes ruhákhoz, 22 db",22 db,22.0,db,8700216765336,3369.0,,https://www.dm.hu/p/d/3063407/ariel-mosokapszula-szines-ruhakhoz
2026-08-20,dm,Ariel,Mosás & háztartás,"Mosókapszula Allin1 Mountain Spring, 22 db",22 db,22.0,db,8700216765466,2299.0,,https://www.dm.hu/p/d/3063416/ariel-mosokapszula-allin1-mountain-spring
2026-08-20,dm,Ariel,Mosás & háztartás,"Mosógél Mountain Spring, 50 mosás",50 mosás,50.0,mosás,8700216691147,5489.0,,https://www.dm.hu/p/d/3063418/ariel-mosogel-mountain-spring
2026-08-20,dm,Ariel,Mosás & háztartás,"Mosógél színes ruhákhoz XL, 50 mosás",50 mosás,50.0,mosás,8700216691475,5489.0,,https://www.dm.hu/p/d/3063438/ariel-mosogel-szines-ruhakhoz-xl
2026-08-20,dm,Ariel,Mosás & háztartás,"Mosógél Sensitive, 25 mosás",25 mosás,25.0,mosás,8700216691697,2239.0,,https://www.dm.hu/p/d/3063439/ariel-mosogel-sensitive
2026-08-20,dm,Ariel,Mosás & háztartás,"Mosógél + Extra folteltávolító hatással, 40 mosás",40 mosás,40.0,mosás,8700216691093,5489.0,,https://www.dm.hu/p/d/3064810/ariel-mosogel-extra-folteltavolito-hatassal
2026-08-20,dm,Ariel,Mosás & háztartás,"Illatgyöngy Scent of Ariel XL Pack, 495 g",495 g,495.0,g,8700216704694,5999.0,,https://www.dm.hu/p/d/3065104/lenor-illatgyongy-scent-of-ariel-xl-pack
2026-08-20,dm,Ariel,Mosás & háztartás,"Mosópor színes ruhákhoz XL Economy, 50 mosás",50 mosás,50.0,mosás,8700216733267,5059.0,,https://www.dm.hu/p/d/3065471/ariel-mosopor-szines-ruhakhoz-xl-economy
2026-08-20,dm,Ariel,Mosás & háztartás,"Mosógél Mountain Spring Mega Economy, 4,05 l",4050 ml,4050.0,ml,8006530146326,6999.0,,https://www.dm.hu/p/d/3126030/ariel-mosogel-mountain-spring-mega-economy
2026-08-20,dm,Ariel,Mosás & háztartás,"Mosókapszula Gold Orchid, 38 db",38 db,38.0,db,8006530203036,5659.0,,https://www.dm.hu/p/d/3129817/ariel-mosokapszula-gold-orchid
2026-08-20,dm,Ariel,Mosás & háztartás,"Mosógél Gold Orchid, 35 mosás",35 mosás,35.0,mosás,8006530182003,4429.0,,https://www.dm.hu/p/d/3129878/ariel-mosogel-gold-orchid
2026-08-20,dm,Ariel,Mosás & háztartás,"Ultra Oxi Effect mosópor, 35 mosás",35 mosás,35.0,mosás,8006530125055,4465.0,,https://www.dm.hu/p/d/3129915/ariel-ultra-oxi-effect-mosopor
2026-08-20,dm,Ariel,Mosás & háztartás,"Mosógél Spring Awakening, 35 mosás",35 mosás,35.0,mosás,8006530182522,3999.0,,https://www.dm.hu/p/d/3130122/ariel-mosogel-spring-awakening
2026-08-20,dm,Ariel,Mosás & háztartás,"Mosógél Japan Blossom, 40 mosás",40 mosás,40.0,mosás,8006530345446,4429.0,,https://www.dm.hu/p/d/3136073/ariel-mosogel-japan-blossom
2026-08-20,dm,Ariel,Mosás & háztartás,"Mosókapszula Japan Blossom Mega Economy Pack, 60 db",60 db,60.0,db,8006530380805,8205.0,,https://www.dm.hu/p/d/3138472/ariel-mosokapszula-japan-blossom-mega-economy-pack
2026-08-20,dm,Ariel,Mosás & háztartás,"Mosókapszula Japan Blossom, 30 db",30 db,30.0,db,8006530380782,4485.0,,https://www.dm.hu/p/d/3139929/ariel-mosokapszula-japan-blossom
2026-08-20,dm,Lenor,Mosás & háztartás,"Car légfrissítő készülék Lenor April Fresh With Lenor, 2 ml",2 ml,2.0,ml,8001090871619,1899.0,,https://www.dm.hu/p/d/2102516/ambi-pur-car-legfrissito-keszulek-lenor-april-fresh-with-lenor
2026-08-20,dm,Lenor,Mosás & háztartás,"3Volution légfrissítő készülék és utántöltő Lenor Spring, 1 db",1 db,1.0,db,8006540528921,3699.0,,https://www.dm.hu/p/d/2126831/ambi-pur-3volution-legfrissito-keszulek-es-utantolto-lenor-spring
2026-08-20,dm,Lenor,Mosás & háztartás,"Légfrissítő utántöltő 3 Volution Lenor Spring Awakening, 20 ml",20 ml,20.0,ml,8001841227955,2399.0,,https://www.dm.hu/p/d/2432923/ambi-pur-legfrissito-utantolto-3-volution-lenor-spring-awakening
2026-08-20,dm,Lenor,Mosás & háztartás,"Fürdőszobai illatosító Lenor Spring Awakening, 7,5 ml",7.5 ml,7.5,ml,8700216014298,1999.0,,https://www.dm.hu/p/d/2949532/ambi-pur-furdoszobai-illatosito-lenor-spring-awakening
2026-08-20,dm,Lenor,Mosás & háztartás,"Fürdőszobai illatosító duo 2x7,5ml Lenor Spring, 15 ml",15 ml,15.0,ml,8700216014366,2999.0,,https://www.dm.hu/p/d/2950916/ambi-pur-furdoszobai-illatosito-duo-2x7-5ml-lenor-spring
2026-08-20,dm,Lenor,Mosás & háztartás,"Illatgyöngy Cotton Fresh XL Pack, 495 g",495 g,495.0,g,8006530183185,5999.0,,https://www.dm.hu/p/d/3049853/lenor-illatgyongy-cotton-fresh-xl-pack
2026-08-20,dm,Lenor,Mosás & háztartás,"Öblítőkoncentrátum Fresh Air, Fresh Wind, 76 mosás",76 mosás,76.0,mosás,8700216723077,2799.0,,https://www.dm.hu/p/d/3063393/lenor-oblitokoncentratum-fresh-air-fresh-wind
2026-08-20,dm,Lenor,Mosás & háztartás,"Illatgyöngy Spring Awakening, 270 g",270 g,270.0,g,8700216708388,1499.0,,https://www.dm.hu/p/d/3063398/lenor-illatgyongy-spring-awakening
2026-08-20,dm,Lenor,Mosás & háztartás,"Illatgyöngy Gold Orchid & Vanilla, 270 g",270 g,270.0,g,8700216708500,1499.0,,https://www.dm.hu/p/d/3063459/lenor-illatgyongy-gold-orchid-vanilla
2026-08-20,dm,Lenor,Mosás & háztartás,"Öblítő Sensitive Cotton Fresh, 47 mosás",47 mosás,47.0,mosás,8700216724524,1199.0,,https://www.dm.hu/p/d/3063475/lenor-oblito-sensitive-cotton-fresh
2026-08-20,dm,Lenor,Mosás & háztartás,"Öblítőkoncentrátum Fresh Air, Sensitive, 76 mosás",76 mosás,76.0,mosás,8700216723183,2799.0,,https://www.dm.hu/p/d/3064294/lenor-oblitokoncentratum-fresh-air-sensitive
2026-08-20,dm,Lenor,Mosás & háztartás,"Illatgyöngy Fresh XL Pack, 495 g",495 g,495.0,g,8700216704724,5999.0,,https://www.dm.hu/p/d/3065048/lenor-illatgyongy-fresh-xl-pack
2026-08-20,dm,Lenor,Mosás & háztartás,"Öblítő Gold Orchid, 59 mosás",59 mosás,59.0,mosás,8700216724081,2199.0,,https://www.dm.hu/p/d/3065064/lenor-oblito-gold-orchid
2026-08-20,dm,Lenor,Mosás & háztartás,"Öblítőkoncentrátum Fresh Air, Pink Blossom, 76 mosás",76 mosás,76.0,mosás,8700216809832,2799.0,,https://www.dm.hu/p/d/3065088/lenor-oblitokoncentratum-fresh-air-pink-blossom
2026-08-20,dm,Lenor,Mosás & háztartás,"Öblítőkoncentrátum Fresh Air, Tropical Sunset, 76 mosás",76 mosás,76.0,mosás,8700216723039,2799.0,,https://www.dm.hu/p/d/3065157/lenor-oblitokoncentratum-fresh-air-tropical-sunset
2026-08-20,dm,Lenor,Mosás & háztartás,"Öblítő Floral Bouquet, 59 mosás",59 mosás,59.0,mosás,8700216726900,2199.0,,https://www.dm.hu/p/d/3067012/lenor-oblito-floral-bouquet
2026-08-20,dm,Lenor,Mosás & háztartás,"Öblítő Cherry Blossom, 59 mosás",59 mosás,59.0,mosás,8700216723602,2199.0,,https://www.dm.hu/p/d/3067614/lenor-oblito-cherry-blossom
2026-08-20,dm,Lenor,Mosás & háztartás,"Öblítő Sensitive XL Pack, 59 mosás",59 mosás,59.0,mosás,8700216723824,1759.0,,https://www.dm.hu/p/d/3080374/lenor-oblito-sensitive-xl-pack
2026-08-20,dm,Lenor,Mosás & háztartás,"Öblítő Spring Awakening, 59 mosás",59 mosás,59.0,mosás,8700216724012,1759.0,,https://www.dm.hu/p/d/3080404/lenor-oblito-spring-awakening
2026-08-20,dm,Lenor,Mosás & háztartás,"Illatgyöngy Fresh Breeze of Greek Island, 195 g",195 g,195.0,g,8700216969369,2099.0,,https://www.dm.hu/p/d/3103027/lenor-illatgyongy-fresh-breeze-of-greek-island
2026-08-20,dm,Lenor,Mosás & háztartás,"Öblítő Fresh Breeze of Greek Island, 56 mosás",56 mosás,56.0,mosás,8006530015226,1499.0,,https://www.dm.hu/p/d/3103097/lenor-oblito-fresh-breeze-of-greek-island
2026-08-20,dm,Lenor,Mosás & háztartás,"Öblítő Lotus Flower & Diamond Figs, 59 mosás",59 mosás,59.0,mosás,8006530218306,2199.0,,https://www.dm.hu/p/d/3127660/lenor-oblito-lotus-flower-diamond-figs
2026-08-20,dm,Lenor,Mosás & háztartás,"Öblítő Spring Awakening, 126 mosás",126 mosás,126.0,mosás,8006530170529,2999.0,,https://www.dm.hu/p/d/3129454/lenor-oblito-spring-awakening
2026-08-20,dm,Lenor,Mosás & háztartás,"fürdőszobai illatosító Lenor Japan Blossom illattal, 1 db",1 db,1.0,db,8006530394178,1999.0,,https://www.dm.hu/p/d/3133755/ambi-pur-furdoszobai-illatosito-lenor-japan-blossom-illattal
2026-08-20,dm,Lenor,Mosás & háztartás,"légfrissítő spray Lenor Japan Blossom illattal, 185 ml",185 ml,185.0,ml,8006530394567,1899.0,,https://www.dm.hu/p/d/3133756/ambi-pur-legfrissito-spray-lenor-japan-blossom-illattal
2026-08-20,dm,Lenor,Mosás & háztartás,"Illatgyöngy Japan Blossom, 195 g",195 g,195.0,g,8006530388450,2999.0,,https://www.dm.hu/p/d/3136068/lenor-illatgyongy-japan-blossom
2026-08-20,dm,Lenor,Mosás & háztartás,"Öblítő Japan Blossom, 59 mosás",59 mosás,59.0,mosás,8006530389846,2199.0,,https://www.dm.hu/p/d/3139914/lenor-oblito-japan-blossom
2026-08-20,dm,Fairy,Mosás & háztartás,"Tusfürdő és sampon gyermekeknek Fairy Garden, a varázslatos álmok illatával, 300 ml",300 ml,300.0,ml,4066447858976,279.0,,https://www.dm.hu/p/d/1341484/balea-tusfurdo-es-sampon-gyermekeknek-fairy-garden-a-varazslatos-almok-illataval
2026-08-20,dm,Fairy,Mosás & háztartás,"Körömlakk gél - Nr. 70 Fairy FLoss, 8 ml",8 ml,8.0,ml,4059729466822,299.0,,https://www.dm.hu/p/d/1425612/essence-koromlakk-gel-nr-70-fairy-floss
2026-08-20,dm,Fairy,Mosás & háztartás,"Vegyes gyümölcsital Fairy Drink, 200 ml",200 ml,200.0,ml,4000177170700,249.0,,https://www.dm.hu/p/d/3061067/capri-sun-vegyes-gyumolcsital-fairy-drink
2026-08-20,dm,Fairy,Mosás & háztartás,"Körömlakk - Nr. 04 Fairy PINK, 8 ml",8 ml,8.0,ml,4059729543172,849.0,,https://www.dm.hu/p/d/3091075/essence-koromlakk-nr-04-fairy-pink
2026-08-20,dm,Fairy,Mosás & háztartás,"Körömlakk - Nr. 03 Fairy ROSE, 8 ml",8 ml,8.0,ml,4059729543165,849.0,,https://www.dm.hu/p/d/3091076/essence-koromlakk-nr-03-fairy-rose
2026-08-20,dm,Fairy,Mosás & háztartás,"Csillogó fürdőbomba Winter Fairy Tale, 80 g",80 g,80.0,g,4017512200305,199.0,,https://www.dm.hu/p/d/3102177/dresdner-essenz-csillogo-furdobomba-winter-fairy-tale
2026-08-20,dm,Ambi Pur,Mosás & háztartás,"Légfrissítő spray Gold Orchid, 185 ml",185 ml,185.0,ml,8700216261623,1699.0,,https://www.dm.hu/p/d/2032986/ambi-pur-legfrissito-spray-gold-orchid
2026-08-20,dm,Ambi Pur,Mosás & háztartás,"Légfrissítő utántöltő 3Volution Cotton, 20 ml",20 ml,20.0,ml,8006540265628,2399.0,,https://www.dm.hu/p/d/2032988/ambi-pur-legfrissito-utantolto-3volution-cotton
2026-08-20,dm,Ambi Pur,Mosás & háztartás,"Légfrissítő utántöltő 3Volution Flower & Spring, 20 ml",20 ml,20.0,ml,4015600570637,2399.0,,https://www.dm.hu/p/d/2033429/ambi-pur-legfrissito-utantolto-3volution-flower-spring
2026-08-20,dm,Ambi Pur,Mosás & háztartás,"Autóillatosító, Flowers & Spring, 1 db",1 db,1.0,db,4015600900014,1249.0,,https://www.dm.hu/p/d/2074987/ambi-pur-autoillatosito-flowers-spring
2026-08-20,dm,Ambi Pur,Mosás & háztartás,"Légfrissítő autóhoz, 4 ml",4 ml,4.0,ml,4084500996809,2999.0,,https://www.dm.hu/p/d/2089193/ambi-pur-legfrissito-autohoz
2026-08-20,dm,Ambi Pur,Mosás & háztartás,"Légfrissítő készülék autóba, Gold Orchidea, 2 ml",2 ml,2.0,ml,8001841116419,1249.0,,https://www.dm.hu/p/d/2113551/ambi-pur-legfrissito-keszulek-autoba-gold-orchidea
2026-08-20,dm,Ambi Pur,Mosás & háztartás,"Fürdőszobai illatosító Cotton Flower, 15 ml",15 ml,15.0,ml,8700216014434,1999.0,,https://www.dm.hu/p/d/2115195/ambi-pur-furdoszobai-illatosito-cotton-flower
2026-08-20,dm,Old Spice,Borotválkozás & testápolás,"Car légfrissítő készülék 2x2ml Old Spice, 4 ml",4 ml,4.0,ml,8001841748757,2999.0,,https://www.dm.hu/p/d/2119513/ambi-pur-car-legfrissito-keszulek-2x2ml-old-spice
2026-08-20,dm,Ambi Pur,Mosás & háztartás,"Légfrissítő utántöltő 3 Volution, Gold Orchid, 20 ml",20 ml,20.0,ml,8001841922690,2399.0,,https://www.dm.hu/p/d/2126833/ambi-pur-legfrissito-utantolto-3-volution-gold-orchid
2026-08-20,dm,Ambi Pur,Mosás & háztartás,"Légfrissítő utántöltő 3 Volution Vaníliás süti illattal, 20 ml",20 ml,20.0,ml,8001090811455,1699.0,,https://www.dm.hu/p/d/2442391/ambi-pur-legfrissito-utantolto-3-volution-vanilias-suti-illattal
2026-08-20,dm,Ambi Pur,Mosás & háztartás,"Légfrissítő spray Flower & Spring, 185 ml",185 ml,185.0,ml,8700216261500,1699.0,,https://www.dm.hu/p/d/2472284/ambi-pur-legfrissito-spray-flower-spring
2026-08-20,dm,Ambi Pur,Mosás & háztartás,"Légfrissítő spray Ocean mist, 185 ml",185 ml,185.0,ml,8700216261586,1699.0,,https://www.dm.hu/p/d/2718212/ambi-pur-legfrissito-spray-ocean-mist
2026-08-20,dm,Ambi Pur,Mosás & háztartás,"Légfrissítő spray Flower and Spring, 370 ml",370 ml,370.0,ml,8700216285780,2799.0,,https://www.dm.hu/p/d/2718213/ambi-pur-legfrissito-spray-flower-and-spring
2026-08-20,dm,Ambi Pur,Mosás & háztartás,"Légfrissítő spray duó Spring Awakening, 370 ml",370 ml,370.0,ml,8700216284417,2799.0,,https://www.dm.hu/p/d/2718477/ambi-pur-legfrissito-spray-duo-spring-awakening
2026-08-20,dm,Ambi Pur,Mosás & háztartás,"Légfrissítő utántöltő 3 Volution, Spring Awakening, 40 ml",40 ml,40.0,ml,8001841922652,2999.0,,https://www.dm.hu/p/d/2835672/ambi-pur-legfrissito-utantolto-3-volution-spring-awakening
2026-08-20,dm,Ambi Pur,Mosás & háztartás,"Fürdőszobai illatosító Flower duo pack, 15 ml",15 ml,15.0,ml,8700216014557,2999.0,,https://www.dm.hu/p/d/2949533/ambi-pur-furdoszobai-illatosito-flower-duo-pack
2026-08-20,dm,Ambi Pur,Mosás & háztartás,"Fürdőszobai illatosító Cotton, 15 ml",15 ml,15.0,ml,8700216014649,3199.0,,https://www.dm.hu/p/d/2949534/ambi-pur-furdoszobai-illatosito-cotton
2026-08-20,dm,Ambi Pur,Mosás & háztartás,"3Volution légfrissítő készülék Cotton, 20 ml",20 ml,20.0,ml,8006540246450,3699.0,,https://www.dm.hu/p/d/2951624/ambi-pur-3volution-legfrissito-keszulek-cotton
2026-08-20,dm,Ambi Pur,Mosás & háztartás,"Légfrissítő spray Vanilla Cookie illatban, 185 ml",185 ml,185.0,ml,8700216552400,1249.0,,https://www.dm.hu/p/d/2972918/ambi-pur-legfrissito-spray-vanilla-cookie-illatban
2026-08-20,dm,Ambi Pur,Mosás & háztartás,"Légfrissítő utántöltő 3 Volution, citrus-fehér verbéna, 20 ml",20 ml,20.0,ml,8700216462419,1699.0,,https://www.dm.hu/p/d/2974747/ambi-pur-legfrissito-utantolto-3-volution-citrus-feher-verbena
2026-08-20,dm,Ambi Pur,Mosás & háztartás,"Légfrissítő utántöltő 3 Volution dupla csomagolásban, 40 ml",40 ml,40.0,ml,8700216686488,2999.0,,https://www.dm.hu/p/d/3037740/ambi-pur-legfrissito-utantolto-3-volution-dupla-csomagolasban
2026-08-20,dm,Ambi Pur,Mosás & háztartás,"Elektromos légfrissítő készülék 3Volution Gold Orchid utántöltővel, 1 db",1 db,1.0,db,8700216486200,3699.0,,https://www.dm.hu/p/d/3037777/ambi-pur-elektromos-legfrissito-keszulek-3volution-gold-orchid-utantoltovel
2026-08-20,dm,Ambi Pur,Mosás & háztartás,"Légfrissítő utántötő 3Volution, Morning Dew, 20 ml",20 ml,20.0,ml,8700216737128,2399.0,,https://www.dm.hu/p/d/3067361/ambi-pur-legfrissito-utantoto-3volution-morning-dew
2026-08-20,dm,Ambi Pur,Mosás & háztartás,"Fürdőszobai illatosító Aloha illattal, 8 ml",8 ml,8.0,ml,8700216809610,1999.0,,https://www.dm.hu/p/d/3067477/ambi-pur-furdoszobai-illatosito-aloha-illattal
2026-08-20,dm,Ambi Pur,Mosás & háztartás,"Légfrissítő utántöltő 3 Volution duo, aloha illattal, 40 ml",40 ml,40.0,ml,8700216776134,2999.0,,https://www.dm.hu/p/d/3067485/ambi-pur-legfrissito-utantolto-3-volution-duo-aloha-illattal
2026-08-20,dm,Ambi Pur,Mosás & háztartás,"Car légfrissítő készülék Morning Dew, 2 ml",2 ml,2.0,ml,8700216758277,1899.0,,https://www.dm.hu/p/d/3067515/ambi-pur-car-legfrissito-keszulek-morning-dew
2026-08-20,dm,Ambi Pur,Mosás & háztartás,"Légfrissítő spray Morning Dew, 185 ml",185 ml,185.0,ml,8700216743662,1699.0,,https://www.dm.hu/p/d/3067523/ambi-pur-legfrissito-spray-morning-dew
2026-08-20,dm,Ambi Pur,Mosás & háztartás,"Légfrissítő spray Aloha, 185 ml",185 ml,185.0,ml,8700216759113,1699.0,,https://www.dm.hu/p/d/3067559/ambi-pur-legfrissito-spray-aloha
2026-08-20,dm,Ambi Pur,Mosás & háztartás,"Elektromos légfrissítő készülék 3Volution Aloha utántöltővel, 1 db",1 db,1.0,db,8700216775854,3699.0,,https://www.dm.hu/p/d/3067602/ambi-pur-elektromos-legfrissito-keszulek-3volution-aloha-utantoltovel
2026-08-20,dm,Ambi Pur,Mosás & háztartás,"Elektromos légfrissítő készülék 3Volution Morning Dew utántöltővel, 1 db",1 db,1.0,db,8700216737159,3699.0,,https://www.dm.hu/p/d/3067799/ambi-pur-elektromos-legfrissito-keszulek-3volution-morning-dew-utantoltovel
2026-08-20,dm,Ambi Pur,Mosás & háztartás,"Légfrissítő utántöltő 3 Volution duo, flower and spring illattal, 40 ml",40 ml,40.0,ml,8700216834292,2999.0,,https://www.dm.hu/p/d/3067816/ambi-pur-legfrissito-utantolto-3-volution-duo-flower-and-spring-illattal
2026-08-20,dm,Ambi Pur,Mosás & háztartás,"Fürdőszobai illatosító Flowers and Spring Triopack, 3 db",3 db,3.0,db,8700216829540,3999.0,,https://www.dm.hu/p/d/3069663/ambi-pur-furdoszobai-illatosito-flowers-and-spring-triopack
2026-08-20,dm,Ambi Pur,Mosás & háztartás,"Fürdőszobai illatosító fahéjas szilva illattal, 1 db",1 db,1.0,db,8006530029537,1349.0,,https://www.dm.hu/p/d/3100599/ambi-pur-furdoszobai-illatosito-fahejas-szilva-illattal
2026-08-20,dm,Ambi Pur,Mosás & háztartás,"Fürdőszobai illatosító Gold Orchid, 1 db",1 db,1.0,db,8006530307444,1999.0,,https://www.dm.hu/p/d/3129118/ambi-pur-furdoszobai-illatosito-gold-orchid
2026-08-20,dm,Ambi Pur,Mosás & háztartás,"fürdőszobai illatosító Aloha illattal DUO kiszerelés, 2 db",2 db,2.0,db,8006530250979,3199.0,,https://www.dm.hu/p/d/3129133/ambi-pur-furdoszobai-illatosito-aloha-illattal-duo-kiszereles
2026-08-20,dm,Ambi Pur,Mosás & háztartás,"Fürdőszobai illatosító Spring, 3 db",3 db,3.0,db,8006530064996,3999.0,,https://www.dm.hu/p/d/3129135/ambi-pur-furdoszobai-illatosito-spring
2026-08-20,dm,Always,Női higiénia & baba,"Körömlakk - Nr. 413 mrs always right, 13,5 ml",13.5 ml,13.5,ml,30137851,3499.0,,https://www.dm.hu/p/d/1469099/essie-koromlakk-nr-413-mrs-always-right
2026-08-20,dm,Always,Női higiénia & baba,"Tisztasági betét Normal, To go, Fresh Scent, 20 db",20 db,20.0,db,8001090361998,599.0,,https://www.dm.hu/p/d/1487039/always-tisztasagi-betet-normal-to-go-fresh-scent
2026-08-20,dm,Always,Női higiénia & baba,"Körömlakk Expressie - No. 390 always transparent, 10 ml",10 ml,10.0,ml,30159631,1599.0,,https://www.dm.hu/p/d/1569491/essie-koromlakk-expressie-no-390-always-transparent
2026-08-20,dm,Always,Női higiénia & baba,"Egészségügyi betét Cotton Protection, 1-es méret, normal, 11 db",11 db,11.0,db,8006540231142,1139.0,,https://www.dm.hu/p/d/1676412/always-egeszsegugyi-betet-cotton-protection-1-es-meret-normal
2026-08-20,dm,Always,Női higiénia & baba,"Egészségügyi betét Cotton Protection, 2-es méret, long, 9 db",9 db,9.0,db,8006540231173,1139.0,,https://www.dm.hu/p/d/1676413/always-egeszsegugyi-betet-cotton-protection-2-es-meret-long
2026-08-20,dm,Always,Női higiénia & baba,"Tisztasági betét Extra Long, Fresh Scent, Big Pack, 40 db",40 db,40.0,db,8006540689011,999.0,,https://www.dm.hu/p/d/1678815/always-tisztasagi-betet-extra-long-fresh-scent-big-pack
2026-08-20,dm,Always,Női higiénia & baba,"Egészségügyi betét Infinity Flex Protect, 2-es méret, long, 11 db",11 db,11.0,db,4015400684480,849.0,,https://www.dm.hu/p/d/1837676/always-egeszsegugyi-betet-infinity-flex-protect-2-es-meret-long
2026-08-20,dm,Always,Női higiénia & baba,"Ajakrúzs Lipfinity Liip Colour, Always Delicate 006, 1 db",1 db,1.0,db,8005610624563,2199.0,,https://www.dm.hu/p/d/1850687/max-factor-ajakruzs-lipfinity-liip-colour-always-delicate-006
2026-08-20,dm,Always,Női higiénia & baba,"Tisztasági betét Extra Long, Giga Pack, 54 db",54 db,54.0,db,8006540769652,1699.0,,https://www.dm.hu/p/d/1864058/always-tisztasagi-betet-extra-long-giga-pack
2026-08-20,dm,Always,Női higiénia & baba,"Tisztasági betét Normal, Fresh Scent, Giga Pack, 76 db",76 db,76.0,db,8006540769973,1699.0,,https://www.dm.hu/p/d/1901879/always-tisztasagi-betet-normal-fresh-scent-giga-pack
2026-08-20,dm,Always,Női higiénia & baba,"Tisztasági betét Long Fresh Scent, Giga Pack, 64 db",64 db,64.0,db,8006540778197,1699.0,,https://www.dm.hu/p/d/1901880/always-tisztasagi-betet-long-fresh-scent-giga-pack
2026-08-20,dm,Always,Női higiénia & baba,"Egészségügyi betét Sensitive, 1-es méret, normal, 10 db",10 db,10.0,db,4015400213857,399.0,,https://www.dm.hu/p/d/2011303/always-egeszsegugyi-betet-sensitive-1-es-meret-normal
2026-08-20,dm,Always,Női higiénia & baba,"Egészségügyi betét Sensitive, 2-es méret, super, 16 db",16 db,16.0,db,4015400214038,1049.0,,https://www.dm.hu/p/d/2011305/always-egeszsegugyi-betet-sensitive-2-es-meret-super
2026-08-20,dm,Always,Női higiénia & baba,"Egészségügyi betét Ultra Secure Night Extra, 5-ös méret, nagy kiszerelés, 20 db",20 db,20.0,db,8006540903766,2339.0,,https://www.dm.hu/p/d/2029048/always-egeszsegugyi-betet-ultra-secure-night-extra-5-os-meret-nagy-kiszereles
2026-08-20,dm,Always,Női higiénia & baba,"Tisztasági betét Normal, illatmentes, Big Pack, 60 db",60 db,60.0,db,8001090131263,1449.0,,https://www.dm.hu/p/d/2029049/always-tisztasagi-betet-normal-illatmentes-big-pack
2026-08-20,dm,Always,Női higiénia & baba,"Tisztasági betét Normal, illatmentes, Giga Pack, 80 db",80 db,80.0,db,8001090131294,1699.0,,https://www.dm.hu/p/d/2029050/always-tisztasagi-betet-normal-illatmentes-giga-pack
2026-08-20,dm,Always,Női higiénia & baba,"Egészségügyi betét Platinum Secure Night Extra, 5-ös méret, 8 db",8 db,8.0,db,8700216186742,1279.0,,https://www.dm.hu/p/d/2033373/always-egeszsegugyi-betet-platinum-secure-night-extra-5-os-meret
2026-08-20,dm,Always,Női higiénia & baba,"Egészségügyi betét Platinum, 4-es méret, secure night, 20 db",20 db,20.0,db,8700216186797,2209.0,,https://www.dm.hu/p/d/2033374/always-egeszsegugyi-betet-platinum-4-es-meret-secure-night
2026-08-20,dm,Always,Női higiénia & baba,"Éjszakai egészségügyi betét Sensitive, 3-as méret, night, 14 db",14 db,14.0,db,4015400552154,1049.0,,https://www.dm.hu/p/d/2068556/always-ejszakai-egeszsegugyi-betet-sensitive-3-as-meret-night
2026-08-20,dm,Always,Női higiénia & baba,"Tisztasági betét Normal, To go, illatmentes, 20 db",20 db,20.0,db,8006540806876,499.0,,https://www.dm.hu/p/d/2097927/always-tisztasagi-betet-normal-to-go-illatmentes
2026-08-20,dm,Always,Női higiénia & baba,"Egészségügyi betét Platinum, 1-es méret, normal, 16 db",16 db,16.0,db,8001090444912,1219.0,,https://www.dm.hu/p/d/2111010/always-egeszsegugyi-betet-platinum-1-es-meret-normal
2026-08-20,dm,Always,Női higiénia & baba,"Egészségügyi betét Platinum, 2-es méret, super, 14 db",14 db,14.0,db,8001090444998,1219.0,,https://www.dm.hu/p/d/2111011/always-egeszsegugyi-betet-platinum-2-es-meret-super
2026-08-20,dm,Always,Női higiénia & baba,"Egészségügyi betét Platinum, 3-as méret, super extra, 12 db",12 db,12.0,db,8001090445070,1219.0,,https://www.dm.hu/p/d/2111012/always-egeszsegugyi-betet-platinum-3-as-meret-super-extra
2026-08-20,dm,Always,Női higiénia & baba,"Tisztasági betét Normal Flexistyle, Dailiy Fresh, Big Pack, 58 db",58 db,58.0,db,8001841230658,1449.0,,https://www.dm.hu/p/d/2114342/always-tisztasagi-betet-normal-flexistyle-dailiy-fresh-big-pack
2026-08-20,dm,Always,Női higiénia & baba,"Egészségügyi betét Ultra Secure Night, 4-es méret, nagy kiszerelés, 24 db",24 db,24.0,db,8006540093764,2339.0,,https://www.dm.hu/p/d/2127942/always-egeszsegugyi-betet-ultra-secure-night-4-es-meret-nagy-kiszereles
2026-08-20,dm,Always,Női higiénia & baba,"Alapozó Always Fabulous 24H - Nr. 120 Claer Ivory, 30 ml",30 ml,30.0,ml,3614228413428,2999.0,,https://www.dm.hu/p/d/2192331/bourjois-paris-alapozo-always-fabulous-24h-nr-120-claer-ivory
2026-08-20,dm,Always,Női higiénia & baba,"Alapozó Always Fabulous 24H - Nr. 105 Natural Ivory, 30 ml",30 ml,30.0,ml,3616302732722,2999.0,,https://www.dm.hu/p/d/2200163/bourjois-paris-alapozo-always-fabulous-24h-nr-105-natural-ivory
2026-08-20,dm,Always,Női higiénia & baba,"Alapozó Always Fabulous 24H - Nr. 300 Sable Rose, 30 ml",30 ml,30.0,ml,3616302732777,5899.0,,https://www.dm.hu/p/d/2200165/bourjois-paris-alapozo-always-fabulous-24h-nr-300-sable-rose
2026-08-20,dm,Always,Női higiénia & baba,"Korrektor Always Fabulous - Nr. 200 Vanilla, 11 ml",11 ml,11.0,ml,3616303011338,2199.0,,https://www.dm.hu/p/d/2220700/bourjois-paris-korrektor-always-fabulous-nr-200-vanilla
2026-08-20,dm,Always,Női higiénia & baba,"Korrektor Always Fabulous - Nr. 100 Ivory, 11 ml",11 ml,11.0,ml,3616303011321,2199.0,,https://www.dm.hu/p/d/2220701/bourjois-paris-korrektor-always-fabulous-nr-100-ivory
2026-08-20,dm,Always,Női higiénia & baba,"Korrektor Always Fabulous - Nr. 300 Beige Rose, 11 ml",11 ml,11.0,ml,3616303011345,2199.0,,https://www.dm.hu/p/d/2220702/bourjois-paris-korrektor-always-fabulous-nr-300-beige-rose
2026-08-20,dm,Always,Női higiénia & baba,"Éjszakai egészségügyi betét Cotton Protection, 3-as méret, night, 8 db",8 db,8.0,db,8006540678435,749.0,,https://www.dm.hu/p/d/2245937/always-ejszakai-egeszsegugyi-betet-cotton-protection-3-as-meret-night
2026-08-20,dm,Always,Női higiénia & baba,"Tisztasági betét normal quattro, 80 db",80 db,80.0,db,4015400746812,1699.0,,https://www.dm.hu/p/d/2273617/always-tisztasagi-betet-normal-quattro
2026-08-20,dm,Always,Női higiénia & baba,"Tisztasági betét normal single, 30 db",30 db,30.0,db,4015400743545,799.0,,https://www.dm.hu/p/d/2273618/always-tisztasagi-betet-normal-single
2026-08-20,dm,Always,Női higiénia & baba,"Tisztasági betét Long, illatmentes, Big Pack, 48 db",48 db,48.0,db,8006540913741,899.0,,https://www.dm.hu/p/d/2444205/always-tisztasagi-betet-long-illatmentes-big-pack
2026-08-20,dm,Always,Női higiénia & baba,"Alapozó Always Fabulous 24H - Nr. 425 Miel, 30 ml",30 ml,30.0,ml,3616302732753,5899.0,,https://www.dm.hu/p/d/2626315/bourjois-paris-alapozo-always-fabulous-24h-nr-425-miel
2026-08-20,dm,Always,Női higiénia & baba,"Korrektor Always Fabulous - Nr. 400 Beige Dore, 11 ml",11 ml,11.0,ml,3616303011352,2199.0,,https://www.dm.hu/p/d/2626316/bourjois-paris-korrektor-always-fabulous-nr-400-beige-dore
2026-08-20,dm,Always,Női higiénia & baba,"Púder alapozó, Always Fabulous - Nr. 100 Rose Ivory, 7 g",7 g,7.0,g,3616305133038,2999.0,,https://www.dm.hu/p/d/2632968/bourjois-paris-puder-alapozo-always-fabulous-nr-100-rose-ivory
2026-08-20,dm,Always,Női higiénia & baba,"Púder Alapozó, Always Fabulous - Nr. 115 Golden Ivory, 7 g",7 g,7.0,g,3616305133045,2999.0,,https://www.dm.hu/p/d/2632969/bourjois-paris-puder-alapozo-always-fabulous-nr-115-golden-ivory
2026-08-20,dm,Always,Női higiénia & baba,"Púder alapozó, Always Fabulous - Nr. 125 Ivory, 7 g",7 g,7.0,g,3616305133052,2999.0,,https://www.dm.hu/p/d/2632970/bourjois-paris-puder-alapozo-always-fabulous-nr-125-ivory
2026-08-20,dm,Always,Női higiénia & baba,"Púder alapozó, Always Fabulous - Nr. 310 Beige, 7 g",7 g,7.0,g,3616305133090,2999.0,,https://www.dm.hu/p/d/2632971/bourjois-paris-puder-alapozo-always-fabulous-nr-310-beige
2026-08-20,dm,Always,Női higiénia & baba,"Egészségügyi betét Ultimate Night, 6-os méret, 8 db",8 db,8.0,db,8700216213905,1219.0,,https://www.dm.hu/p/d/2723062/always-egeszsegugyi-betet-ultimate-night-6-os-meret
2026-08-20,dm,Always,Női higiénia & baba,"Egészségügyi betét Ultra Day, 2-es méret, super, 14 db",14 db,14.0,db,8001090101488,1089.0,,https://www.dm.hu/p/d/2944009/always-egeszsegugyi-betet-ultra-day-2-es-meret-super
2026-08-20,dm,Always,Női higiénia & baba,"Egészségügyi betét Ultra Day, 3-as méret, super extra, 12 db",12 db,12.0,db,8001090101556,1089.0,,https://www.dm.hu/p/d/2944010/always-egeszsegugyi-betet-ultra-day-3-as-meret-super-extra
2026-08-20,dm,Always,Női higiénia & baba,"Egészségügyi betét Ultra Day, 1-es méret, normal, 18 db",18 db,18.0,db,8001090101419,1089.0,,https://www.dm.hu/p/d/2944011/always-egeszsegugyi-betet-ultra-day-1-es-meret-normal
2026-08-20,dm,Always,Női higiénia & baba,"Körömlakk - Nr. 989 Always Mor, 13,5 ml",13.5 ml,13.5,ml,30189058,1799.0,,https://www.dm.hu/p/d/2978518/essie-koromlakk-nr-989-always-mor
2026-08-20,dm,Always,Női higiénia & baba,"Női EdP Today Tomorrow Always for Her, 50 ml",50 ml,50.0,ml,5059018144195,1599.0,,https://www.dm.hu/p/d/3064819/avon-noi-edp-today-tomorrow-always-for-her
2026-08-20,dm,Always,Női higiénia & baba,"Egészségügyi betét Platinum Secure Night Extra, 5-ös méret, 16 db",16 db,16.0,db,8700216452885,2209.0,,https://www.dm.hu/p/d/3068128/always-egeszsegugyi-betet-platinum-secure-night-extra-5-os-meret
2026-08-20,dm,Always,Női higiénia & baba,"Tisztasági betét Daily Fresh Odour lock Normal, 20 db",20 db,20.0,db,4015400680284,849.0,,https://www.dm.hu/p/d/3131542/always-tisztasagi-betet-daily-fresh-odour-lock-normal
2026-08-20,dm,Always,Női higiénia & baba,"Egészségügyi betét Ultra Day, 2-es méret, super, Giga Pack, 88 db",88 db,88.0,db,8006530186766,4935.0,,https://www.dm.hu/p/d/3131644/always-egeszsegugyi-betet-ultra-day-2-es-meret-super-giga-pack
2026-08-20,dm,Always,Női higiénia & baba,"Egészségügyi betét Ultra Secure Night, 4-es méret, Giga Pack, 66 db",66 db,66.0,db,8006530186742,4929.0,,https://www.dm.hu/p/d/3131645/always-egeszsegugyi-betet-ultra-secure-night-4-es-meret-giga-pack
2026-08-20,dm,Always,Női higiénia & baba,"Egészségügyi betét Maxi Night Secure Night, 4-es méret, 14 db",14 db,14.0,db,8006530147323,965.0,,https://www.dm.hu/p/d/3133376/always-egeszsegugyi-betet-maxi-night-secure-night-4-es-meret
2026-08-20,dm,Tampax,Női higiénia & baba,"Tampon Compak Super Duo, 16 db",16 db,16.0,db,4015400219743,749.0,,https://www.dm.hu/p/d/2070201/tampax-tampon-compak-super-duo
2026-08-20,dm,Tampax,Női higiénia & baba,"Tampon Compak Regular Duo, 16 db",16 db,16.0,db,4015400219538,749.0,,https://www.dm.hu/p/d/2070202/tampax-tampon-compak-regular-duo
2026-08-20,dm,Tampax,Női higiénia & baba,"Tampon Pearl Compak Regular, 16 db",16 db,16.0,db,8001841300511,1469.0,,https://www.dm.hu/p/d/2114339/tampax-tampon-pearl-compak-regular
2026-08-20,dm,Tampax,Női higiénia & baba,"Tampon Non-Plastic Regular, 18 db",18 db,18.0,db,8006540858509,499.0,,https://www.dm.hu/p/d/2273695/tampax-tampon-non-plastic-regular
2026-08-20,dm,Discreet,Női higiénia & baba,"Tisztasági betét Normal, illatmentes, 20 db",20 db,20.0,db,4015400165804,349.0,,https://www.dm.hu/p/d/2085390/discreet-tisztasagi-betet-normal-illatmentes
2026-08-20,dm,Discreet,Női higiénia & baba,"Tisztasági betét Waterlily, multiform, XXL Pack, 100 db",100 db,100.0,db,8001090162274,1599.0,,https://www.dm.hu/p/d/2093359/discreet-tisztasagi-betet-waterlily-multiform-xxl-pack
2026-08-20,dm,Discreet,Női higiénia & baba,"Tisztasági betét, illatmentes, multiform, XXL Pack, 100 db",100 db,100.0,db,8001090161918,1599.0,,https://www.dm.hu/p/d/2093361/discreet-tisztasagi-betet-illatmentes-multiform-xxl-pack
2026-08-20,dm,Discreet,Női higiénia & baba,"Tisztasági betét Multiform, 54 db",54 db,54.0,db,8006540567555,1199.0,,https://www.dm.hu/p/d/2129402/discreet-tisztasagi-betet-multiform
2026-08-20,dm,Discreet,Női higiénia & baba,"Tisztasági betét Waterlily, multiform, 20 db",20 db,20.0,db,4015400107835,499.0,,https://www.dm.hu/p/d/2558145/discreet-tisztasagi-betet-waterlily-multiform
2026-08-20,dm,Naturella,Női higiénia & baba,"Tisztasági betét Camomile Light, 100 db",100 db,100.0,db,8001090603807,1399.0,,https://www.dm.hu/p/d/2029052/naturella-tisztasagi-betet-camomile-light
2026-08-20,dm,Naturella,Női higiénia & baba,"Egészségügyi betét Ultra Normal Plus, 36 db",36 db,36.0,db,8006540981092,1429.0,,https://www.dm.hu/p/d/2029053/naturella-egeszsegugyi-betet-ultra-normal-plus
2026-08-20,dm,Naturella,Női higiénia & baba,"Egészségügyi betét ultra normal, 20 db",20 db,20.0,db,8001090585592,839.0,,https://www.dm.hu/p/d/2097983/naturella-egeszsegugyi-betet-ultra-normal
2026-08-20,dm,Naturella,Női higiénia & baba,"Egészségügyi betét, Ultra Maxi Camomile, 16 db",16 db,16.0,db,8001090586032,799.0,,https://www.dm.hu/p/d/2097985/naturella-egeszsegugyi-betet-ultra-maxi-camomile
2026-08-20,dm,Naturella,Női higiénia & baba,"Egészségügyi betét Ultra Night Camomile éjszakai, 14 db",14 db,14.0,db,8001090585394,799.0,,https://www.dm.hu/p/d/2097988/naturella-egeszsegugyi-betet-ultra-night-camomile-ejszakai
2026-08-20,dm,Naturella,Női higiénia & baba,"Tisztasági betét, Camomile normal, XL, 44 db",44 db,44.0,db,8006540100769,799.0,,https://www.dm.hu/p/d/2127132/naturella-tisztasagi-betet-camomile-normal-xl
2026-08-20,dm,Naturella,Női higiénia & baba,"Tisztasági betét, Camomile normal, Gigapack, 74 db",74 db,74.0,db,8006540100806,1299.0,,https://www.dm.hu/p/d/2127133/naturella-tisztasagi-betet-camomile-normal-gigapack
2026-08-20,dm,Naturella,Női higiénia & baba,"Egészségügyi betét, normal plus, 18 db",18 db,18.0,db,8006540098257,839.0,,https://www.dm.hu/p/d/2127135/naturella-egeszsegugyi-betet-normal-plus
2026-08-20,dm,Naturella,Női higiénia & baba,"Egészségügyi betét Ultra Normal, 40 db",40 db,40.0,db,4015400197546,1429.0,,https://www.dm.hu/p/d/2127136/naturella-egeszsegugyi-betet-ultra-normal
2026-08-20,dm,Naturella,Női higiénia & baba,"Éjszakai egészségügyi betét Ultra, giga pack, 28 db",28 db,28.0,db,8006540399521,1429.0,,https://www.dm.hu/p/d/2129399/naturella-ejszakai-egeszsegugyi-betet-ultra-giga-pack
2026-08-20,dm,Naturella,Női higiénia & baba,"Egészségügyi betét Ultra Maxi, 32 db",32 db,32.0,db,8006540399569,1429.0,,https://www.dm.hu/p/d/2129400/naturella-egeszsegugyi-betet-ultra-maxi
2026-08-20,dm,Naturella,Női higiénia & baba,"Éjszakai egészségügyi betét Ultra Night Plus, giga pack, 24 db",24 db,24.0,db,8700216882378,1429.0,,https://www.dm.hu/p/d/3068069/naturella-ejszakai-egeszsegugyi-betet-ultra-night-plus-giga-pack
2026-08-20,dm,Naturella,Női higiénia & baba,"Éjszakai egészségügyi betét Ultra Night Plus, 12 db",12 db,12.0,db,8700216882347,799.0,,https://www.dm.hu/p/d/3068146/naturella-ejszakai-egeszsegugyi-betet-ultra-night-plus
2026-08-20,dm,Pampers,Női higiénia & baba,"Nedves törlőkendő, Protect&Care, 176 db",176 db,176.0,db,8700216250580,3199.0,,https://www.dm.hu/p/d/1417776/pampers-harmonie-nedves-torlokendo-protect-care
2026-08-20,dm,Pampers,Női higiénia & baba,"Úszópelenka midi 6-11 kg, 12 db",11000 g,11000.0,g,8001090698346,3599.0,,https://www.dm.hu/p/d/1582118/pampers-splashers-uszopelenka-midi-6-11-kg
2026-08-20,dm,Pampers,Női higiénia & baba,"Úszópelenka maxi 9-15kg, 11 db",15000 g,15000.0,g,8001090698384,3599.0,,https://www.dm.hu/p/d/1582119/pampers-splashers-uszopelenka-maxi-9-15kg
2026-08-20,dm,Pampers,Női higiénia & baba,"Úszópelenka 14+ kg, 10 db",10 db,10.0,db,8001090728951,3599.0,,https://www.dm.hu/p/d/1582120/pampers-splashers-uszopelenka-14-kg
2026-08-20,dm,Pampers,Női higiénia & baba,"Nedves törlőkendő, Aqua, 4x48db, 192 db",192 db,192.0,db,8006540556139,3199.0,,https://www.dm.hu/p/d/1673413/pampers-harmonie-nedves-torlokendo-aqua-4x48db
2026-08-20,dm,Pampers,Női higiénia & baba,"Nedves törlőkendő, Aqua, 10 db",10 db,10.0,db,8006540811085,739.0,,https://www.dm.hu/p/d/1681516/pampers-harmonie-nedves-torlokendo-aqua
2026-08-20,dm,Pampers,Női higiénia & baba,"Nedves törlőkendő, Sensitive 15x80db, 1 200 db",200 db,200.0,db,8001841063188,12099.0,,https://www.dm.hu/p/d/1691425/pampers-nedves-torlokendo-sensitive-15x80db
2026-08-20,dm,Pampers,Női higiénia & baba,"Nedves törlőkendő, Fresh Clean 15x80db, 1 200 db",200 db,200.0,db,8001841078496,12099.0,,https://www.dm.hu/p/d/1691426/pampers-nedves-torlokendo-fresh-clean-15x80db
2026-08-20,dm,Pampers,Női higiénia & baba,"Nedves törlőkendő, Aqua, 48 db",48 db,48.0,db,8006540458563,949.0,,https://www.dm.hu/p/d/1720868/pampers-harmonie-nedves-torlokendo-aqua
2026-08-20,dm,Pampers,Női higiénia & baba,"Nedves törlőkendő, Sensitive, 4x80 db, 320 db",320 db,320.0,db,8001841062754,4499.0,,https://www.dm.hu/p/d/1888279/pampers-nedves-torlokendo-sensitive-4x80-db
2026-08-20,dm,Pampers,Női higiénia & baba,"Nedves törlőkendő, Fresh Clean, 320 db",320 db,320.0,db,8001841078052,4499.0,,https://www.dm.hu/p/d/1888280/pampers-nedves-torlokendo-fresh-clean
2026-08-20,dm,Pampers,Női higiénia & baba,"Nedves törlőkendő, Aqua, 3x48 db, 144 db",144 db,144.0,db,8006540458525,2349.0,,https://www.dm.hu/p/d/2002896/pampers-harmonie-nedves-torlokendo-aqua-3x48-db
2026-08-20,dm,Pampers,Női higiénia & baba,"Nedves törlőkendő, Sensitive, 52 db",52 db,52.0,db,8006540523056,899.0,,https://www.dm.hu/p/d/2002901/pampers-nedves-torlokendo-sensitive
2026-08-20,dm,Pampers,Női higiénia & baba,"Pelenka újszülött, 1-es méret, 2-5 kg, 72 db",5000 g,5000.0,g,8006540858073,5999.0,,https://www.dm.hu/p/d/2028934/pampers-premium-care-pelenka-ujszulott-1-es-meret-2-5-kg
2026-08-20,dm,Pampers,Női higiénia & baba,"Bugyipelenka jumbo pack, 8-as méret, 17+kg, 32 db",32 db,32.0,db,8006540499382,5965.0,,https://www.dm.hu/p/d/2031326/pampers-active-baby-bugyipelenka-jumbo-pack-8-as-meret-17-kg
2026-08-20,dm,Pampers,Női higiénia & baba,"Bugyipelenka, 7-es méret,15+ kg, 27 db",27 db,27.0,db,8006540807026,5905.0,,https://www.dm.hu/p/d/2031327/pampers-premium-care-bugyipelenka-7-es-meret-15-kg
2026-08-20,dm,Pampers,Női higiénia & baba,"Pelenka, koraszülött, 0-s méret, 0-3 kg, 30 db",3000 g,3000.0,g,4015400536857,2439.0,,https://www.dm.hu/p/d/2070890/pampers-premium-care-pelenka-koraszulott-0-s-meret-0-3-kg
2026-08-20,dm,Pampers,Női higiénia & baba,"Pelenka újszülött, 1-es méret, 2-5 kg, 26 db",5000 g,5000.0,g,8001841104614,1829.0,,https://www.dm.hu/p/d/2111532/pampers-premium-care-pelenka-ujszulott-1-es-meret-2-5-kg
2026-08-20,dm,Pampers,Női higiénia & baba,"Pelenka mini, 2-es méret, 4-8kg, 23 db",8000 g,8000.0,g,8001841104652,1829.0,,https://www.dm.hu/p/d/2111533/pampers-premium-care-pelenka-mini-2-es-meret-4-8kg
2026-08-20,dm,Pampers,Női higiénia & baba,"Pelenka mini, 2-es méret, 4-8kg, 68 db",8000 g,8000.0,g,8001841104874,5699.0,,https://www.dm.hu/p/d/2111535/pampers-premium-care-pelenka-mini-2-es-meret-4-8kg
2026-08-20,dm,Pampers,Női higiénia & baba,"Bugyipelenka, 3-as méret, 6-11 kg, 48 db",11000 g,11000.0,g,8001090759795,5699.0,,https://www.dm.hu/p/d/2111536/pampers-premium-care-bugyipelenka-3-as-meret-6-11-kg
2026-08-20,dm,Pampers,Női higiénia & baba,"Bugyipelenka 9-15 kg, 38 db",15000 g,15000.0,g,8001090759832,5905.0,,https://www.dm.hu/p/d/2111537/pampers-premium-care-bugyipelenka-9-15-kg
2026-08-20,dm,Pampers,Női higiénia & baba,"Bugyipelenka, 5-ös méret, 11-17kg, 34 db",17000 g,17000.0,g,8001090759870,5699.0,,https://www.dm.hu/p/d/2111538/pampers-premium-care-bugyipelenka-5-os-meret-11-17kg
2026-08-20,dm,Pampers,Női higiénia & baba,"Bugyipelenka, 6-os méret, 13-19 kg, 31 db",19000 g,19000.0,g,8001090759917,5699.0,,https://www.dm.hu/p/d/2111539/pampers-premium-care-bugyipelenka-6-os-meret-13-19-kg
2026-08-20,dm,Pampers,Női higiénia & baba,"Pelenka Maxi pack+, 7-es méret, 15+ kg, 44 db",44 db,44.0,db,8001090949295,4939.0,,https://www.dm.hu/p/d/2113778/pampers-active-baby-pelenka-maxi-pack-7-es-meret-15-kg
2026-08-20,dm,Pampers,Női higiénia & baba,"Nedves törlőkendő, Sensitive, 80 db",80 db,80.0,db,8001841041421,1199.0,,https://www.dm.hu/p/d/2114944/pampers-nedves-torlokendo-sensitive
2026-08-20,dm,Pampers,Női higiénia & baba,"Nedves törlőkendő, Fresh Clean, 80 db",80 db,80.0,db,8001841077598,1299.0,,https://www.dm.hu/p/d/2114945/pampers-nedves-torlokendo-fresh-clean
2026-08-20,dm,Pampers,Női higiénia & baba,"Bugyipelenka 9-15kg, 4-es méret, mega csomag, 108 db",15000 g,15000.0,g,8006540069448,10629.0,,https://www.dm.hu/p/d/2123300/pampers-bugyipelenka-9-15kg-4-es-meret-mega-csomag
2026-08-20,dm,Pampers,Női higiénia & baba,"Bugyipelenka 11-17kg, 5-ös méret, mega csomag, 96 db",17000 g,17000.0,g,8006540069509,10629.0,,https://www.dm.hu/p/d/2123302/pampers-bugyipelenka-11-17kg-5-os-meret-mega-csomag
2026-08-20,dm,Pampers,Női higiénia & baba,"Bugyipelenka 13-19kg, 6-os méret, mega csomag, 84 db",19000 g,19000.0,g,8006540069530,10629.0,,https://www.dm.hu/p/d/2123303/pampers-bugyipelenka-13-19kg-6-os-meret-mega-csomag
2026-08-20,dm,Pampers,Női higiénia & baba,"Bugyipelenka Jumbo pack, 3-as méret, 6-11 kg, 62 db",11000 g,11000.0,g,8006540069233,5965.0,,https://www.dm.hu/p/d/2123543/pampers-active-baby-bugyipelenka-jumbo-pack-3-as-meret-6-11-kg
2026-08-20,dm,Pampers,Női higiénia & baba,"Bugyipelenka Jumbo pack 9-15 kg, 52 db",15000 g,15000.0,g,8006540069264,5965.0,,https://www.dm.hu/p/d/2123545/pampers-active-baby-bugyipelenka-jumbo-pack-9-15-kg
2026-08-20,dm,Pampers,Női higiénia & baba,"Bugyipelenka Jumbo pack, 5-ös méret, 11-17 kg, 48 db",17000 g,17000.0,g,8006540069325,5965.0,,https://www.dm.hu/p/d/2123548/pampers-active-baby-bugyipelenka-jumbo-pack-5-os-meret-11-17-kg
2026-08-20,dm,Pampers,Női higiénia & baba,"Bugyipelenka Jumbo pack 13-19 kg, 44 db",19000 g,19000.0,g,8006540069356,5965.0,,https://www.dm.hu/p/d/2123550/pampers-active-baby-bugyipelenka-jumbo-pack-13-19-kg
2026-08-20,dm,Pampers,Női higiénia & baba,"Bugyipelenka Jumbo pack, 7-es méret, 15+ kg, 38 db",38 db,38.0,db,8006540069387,5965.0,,https://www.dm.hu/p/d/2124837/pampers-active-baby-bugyipelenka-jumbo-pack-7-es-meret-15-kg
2026-08-20,dm,Pampers,Női higiénia & baba,"Night Pants, éjszakai bugyipelenka, 4-es méret, 9-15kg, 25 db",15000 g,15000.0,g,8006540234709,3379.0,,https://www.dm.hu/p/d/2125982/pampers-night-pants-night-pants-ejszakai-bugyipelenka-4-es-meret-9-15kg
2026-08-20,dm,Pampers,Női higiénia & baba,"Night Pants, éjszakai bugyipelenka, 5-ös méret, 11-17kg, 22 db",17000 g,17000.0,g,8006540234730,3379.0,,https://www.dm.hu/p/d/2125983/pampers-night-pants-night-pants-ejszakai-bugyipelenka-5-os-meret-11-17kg
2026-08-20,dm,Pampers,Női higiénia & baba,"Night Pants, éjszakai bugyipelenka, 6-os méret, 13-19 kg, 19 db",19000 g,19000.0,g,8006540234761,3379.0,,https://www.dm.hu/p/d/2125984/pampers-night-pants-night-pants-ejszakai-bugyipelenka-6-os-meret-13-19-kg
2026-08-20,dm,Pampers,Női higiénia & baba,"Pelenka, 6-os méret, 13-18kg, 38 db",18000 g,18000.0,g,8001841105130,4089.0,,https://www.dm.hu/p/d/2200192/pampers-premium-care-pelenka-6-os-meret-13-18kg
2026-08-20,dm,Pampers,Női higiénia & baba,"Pelenka Jumbo pack, midi, 3-as méret, 6-10kg, 82 db",10000 g,10000.0,g,8001090948175,5179.0,,https://www.dm.hu/p/d/2429796/pampers-active-baby-pelenka-jumbo-pack-midi-3-as-meret-6-10kg
2026-08-20,dm,Pampers,Női higiénia & baba,"Pelenka Jumbo pack, 6-os méret, 13-18kg, 52 db",18000 g,18000.0,g,8001090948533,5179.0,,https://www.dm.hu/p/d/2429798/pampers-active-baby-pelenka-jumbo-pack-6-os-meret-13-18kg
2026-08-20,dm,Pampers,Női higiénia & baba,"Pelenka Jumbo pack, 4-es méret, maxi 9-14kg, 70 db",14000 g,14000.0,g,8001090948250,5179.0,,https://www.dm.hu/p/d/2429799/pampers-active-baby-pelenka-jumbo-pack-4-es-meret-maxi-9-14kg
2026-08-20,dm,Pampers,Női higiénia & baba,"Pelenka Jumbo pack, 5-ös méret, 11-16kg, 60 db",16000 g,16000.0,g,8001090948410,5179.0,,https://www.dm.hu/p/d/2429800/pampers-active-baby-pelenka-jumbo-pack-5-os-meret-11-16kg
2026-08-20,dm,Pampers,Női higiénia & baba,"Pelenka maxi, 4-es méret, 9-14kg, 68 db",14000 g,14000.0,g,8001841104959,7545.0,,https://www.dm.hu/p/d/2432041/pampers-premium-care-pelenka-maxi-4-es-meret-9-14kg
2026-08-20,dm,Pampers,Női higiénia & baba,"Pelenka junior, 5-ös méret, 11-16kg, 58 db",16000 g,16000.0,g,8001841104997,7545.0,,https://www.dm.hu/p/d/2432042/pampers-premium-care-pelenka-junior-5-os-meret-11-16kg
2026-08-20,dm,Pampers,Női higiénia & baba,"Nedves törlőkendő, Sensitive, 52 db",52 db,52.0,db,8001841041391,529.0,,https://www.dm.hu/p/d/2436311/pampers-nedves-torlokendo-sensitive
2026-08-20,dm,Pampers,Női higiénia & baba,"Pelenka mega csomag, 4-es méret, 9-14kg, 104 db",14000 g,14000.0,g,4015400465447,10629.0,,https://www.dm.hu/p/d/2443935/pampers-premium-care-pelenka-mega-csomag-4-es-meret-9-14kg
2026-08-20,dm,Pampers,Női higiénia & baba,"Pelenka 11-16kg, mega csomag, 5-ös méret, 11-16kg, 88 db",16000 g,16000.0,g,4015400541813,10629.0,,https://www.dm.hu/p/d/2443936/pampers-premium-care-pelenka-11-16kg-mega-csomag-5-os-meret-11-16kg
2026-08-20,dm,Pampers,Női higiénia & baba,"Pelenka mega csomag, 3-as méret, 6-10kg, 120 db",10000 g,10000.0,g,4015400465461,10629.0,,https://www.dm.hu/p/d/2443937/pampers-premium-care-pelenka-mega-csomag-3-as-meret-6-10kg
2026-08-20,dm,Pampers,Női higiénia & baba,"Pelenka midi, 3-as méret, 6-10 kg, 78 db",10000 g,10000.0,g,8006540857755,7325.0,,https://www.dm.hu/p/d/2444337/pampers-premium-care-pelenka-midi-3-as-meret-6-10-kg
2026-08-20,dm,Pampers,Női higiénia & baba,"Bugyipelenka mega csomag, 7-es méret, 15+ kg, 74 db",74 db,74.0,db,8006540069622,10629.0,,https://www.dm.hu/p/d/2557815/pampers-bugyipelenka-mega-csomag-7-es-meret-15-kg
2026-08-20,dm,Pampers,Női higiénia & baba,"Bugyipelenka mega csomag, 3-as méret, 6-11kg, 128 db",11000 g,11000.0,g,8006540069417,10629.0,,https://www.dm.hu/p/d/2634271/pampers-bugyipelenka-mega-csomag-3-as-meret-6-11kg
2026-08-20,dm,Pampers,Női higiénia & baba,"Pelenka mega csomag, 2-es méret, 4-8kg, 136 db",8000 g,8000.0,g,8006540855812,10629.0,,https://www.dm.hu/p/d/2634272/pampers-premium-care-pelenka-mega-csomag-2-es-meret-4-8kg
2026-08-20,dm,Pampers,Női higiénia & baba,"Nedves törlőkendő, Sensitive, 156 db",156 db,156.0,db,8001841062556,1649.0,,https://www.dm.hu/p/d/2934474/pampers-nedves-torlokendo-sensitive
2026-08-20,dm,Pampers,Női higiénia & baba,"Nedves törlőkendő, Fresh Clean, 156 db",156 db,156.0,db,8001841077864,1649.0,,https://www.dm.hu/p/d/2934476/pampers-nedves-torlokendo-fresh-clean
2026-08-20,dm,Pampers,Női higiénia & baba,"Nedves törlőkendő, Sensitive 6X80db, 480 db",480 db,480.0,db,8006540174531,6199.0,,https://www.dm.hu/p/d/2938480/pampers-nedves-torlokendo-sensitive-6x80db
2026-08-20,dm,Pampers,Női higiénia & baba,"Nedves törlőkendő, Fresh Clean 6X80db, 480 db",480 db,480.0,db,8006540174746,6199.0,,https://www.dm.hu/p/d/2938481/pampers-nedves-torlokendo-fresh-clean-6x80db
2026-08-20,dm,Pampers,Női higiénia & baba,"Bugyipelenka, 11-17 kg, mega csomag, 80 db",17000 g,17000.0,g,8001090190499,13775.0,,https://www.dm.hu/p/d/2946855/pampers-premium-care-bugyipelenka-11-17-kg-mega-csomag
2026-08-20,dm,Pampers,Női higiénia & baba,"Nedves törlőkendő, Aqua, 3x48 db, 144 db",144 db,144.0,db,8700216722476,2549.0,,https://www.dm.hu/p/d/3049579/pampers-harmonie-nedves-torlokendo-aqua-3x48-db
2026-08-20,dm,Pampers,Női higiénia & baba,"Nedves törlőkendő 99% vízzel, 18x60 db, 1 080 db",80 db,80.0,db,8006530116374,14999.0,,https://www.dm.hu/p/d/3117626/pampers-nedves-torlokendo-99-vizzel-18x60-db
2026-08-20,dm,Pampers,Női higiénia & baba,"Nedves törlőkendő 99% vízzel, 4x60 db, 240 db",240 db,240.0,db,8006530116305,4199.0,,https://www.dm.hu/p/d/3117627/pampers-nedves-torlokendo-99-vizzel-4x60-db
2026-08-20,dm,Pampers,Női higiénia & baba,"Nedves törlőkendő Aqua Soft Touch 99% vízzel, 18x48 db, 864 db",864 db,864.0,db,8006530139977,16999.0,,https://www.dm.hu/p/d/3117628/pampers-nedves-torlokendo-aqua-soft-touch-99-vizzel-18x48-db
2026-08-20,dm,Pampers,Női higiénia & baba,"Nedves Törlőkendő Aqua Soft Touch, 99% vízzel, 9x48 db",9x48 db,48.0,db,8006530140010,8799.0,,https://www.dm.hu/p/d/3123205/pampers-baby-dry-nedves-torlokendo-aqua-soft-touch-99-vizzel-9x48-db
2026-08-20,dm,Pampers,Női higiénia & baba,"Nedves törlőkendő sensitive, 9x80 db, 720 db",720 db,720.0,db,8006530134750,8799.0,,https://www.dm.hu/p/d/3123552/pampers-nedves-torlokendo-sensitive-9x80-db
2026-08-20,dm,Pampers,Női higiénia & baba,"Nedves törlőkendő Fresh and Clean, 9x80 db, 720 db",720 db,720.0,db,8006530134583,8799.0,,https://www.dm.hu/p/d/3123563/pampers-nedves-torlokendo-fresh-and-clean-9x80-db
2026-08-20,dm,Pampers,Női higiénia & baba,"Bugyipelenka Jumbo pack 9-15 kg, 52 db",15000 g,15000.0,g,8006530316668,5965.0,,https://www.dm.hu/p/d/3135271/pampers-active-baby-bugyipelenka-jumbo-pack-9-15-kg
2026-08-20,dm,Pampers,Női higiénia & baba,"Bugyipelenka 9-15 kg, 40 db",15000 g,15000.0,g,8006530320009,5905.0,,https://www.dm.hu/p/d/3135353/pampers-premium-care-bugyipelenka-9-15-kg
2026-08-20,dm,Pampers,Női higiénia & baba,"Bugyipelenka Jumbo pack 13-19 kg, 44 db",19000 g,19000.0,g,8006530316699,5965.0,,https://www.dm.hu/p/d/3135382/pampers-active-baby-bugyipelenka-jumbo-pack-13-19-kg
2026-08-20,dm,Pampers,Női higiénia & baba,"Nedves törlőkendő Aqua Soft Touch 99% vízzel, 3x60 db, 180 db",180 db,180.0,db,8006530139953,4199.0,,https://www.dm.hu/p/d/3135449/pampers-nedves-torlokendo-aqua-soft-touch-99-vizzel-3x60-db
2026-08-20,dm,Pampers,Női higiénia & baba,"Nedves törlőkendő 99% vízzel, 3x60 db, 180 db",180 db,180.0,db,8006530116206,3399.0,,https://www.dm.hu/p/d/3135456/pampers-nedves-torlokendo-99-vizzel-3x60-db
2026-08-20,dm,Pampers,Női higiénia & baba,"Nedves törlőkendő 99% vízzel, 60 db",60 db,60.0,db,8006530116558,1199.0,,https://www.dm.hu/p/d/3135473/pampers-nedves-torlokendo-99-vizzel
2026-08-20,dm,Pampers,Női higiénia & baba,"Nedves törlőkendő Aqua Soft Touch 99% vízzel, 60 db",60 db,60.0,db,8006530140171,1499.0,,https://www.dm.hu/p/d/3135797/pampers-nedves-torlokendo-aqua-soft-touch-99-vizzel
2026-08-20,dm,Pampers,Női higiénia & baba,"Nedves törlőkendő, Aqua Soft Touch, 12x48 db, 576 db",576 db,576.0,db,8006530140225,11899.0,,https://www.dm.hu/p/d/3136838/pampers-baby-dry-nedves-torlokendo-aqua-soft-touch-12x48-db
2026-08-20,dm,Pampers,Női higiénia & baba,"Nedves törlőkendő, 99% vízzel, 540 db",540 db,540.0,db,8006530116459,8799.0,,https://www.dm.hu/p/d/3136839/pampers-baby-dry-nedves-torlokendo-99-vizzel
2026-08-20,dm,Pampers,Női higiénia & baba,"Nedves törlőkendő, Fresh & clean, 12x52 db, 624 db",624 db,624.0,db,8006530098403,8999.0,,https://www.dm.hu/p/d/3136840/pampers-baby-dry-nedves-torlokendo-fresh-clean-12x52-db
2026-08-20,dm,Pampers,Női higiénia & baba,"Nedves törlőkendő 99% vízzel, 6x60 db, 360 db",360 db,360.0,db,8006530116596,6099.0,,https://www.dm.hu/p/d/3136841/pampers-baby-dry-nedves-torlokendo-99-vizzel-6x60-db
2026-08-20,dm,Pampers,Női higiénia & baba,"Nedves törlőkendő Fresh and Clean, 4x52 db, 208 db",208 db,208.0,db,8006530098441,2999.0,,https://www.dm.hu/p/d/3136882/pampers-baby-dry-nedves-torlokendo-fresh-and-clean-4x52-db
2026-08-20,dm,Pampers,Női higiénia & baba,"Nedves törlőkendő Aqua Soft Touch 99% vízzel, 4x60 db, 240 db",240 db,240.0,db,8006530140027,5199.0,,https://www.dm.hu/p/d/3136883/pampers-baby-dry-nedves-torlokendo-aqua-soft-touch-99-vizzel-4x60-db
2026-08-21,Rossmann,Head & Shoulders,Hajápolás,Head & Shoulders Apple Fresh Korpásodás Elleni sampon - 400 ml,400 ml,400.0,ml,5410076659456,2354.0,Nincs készleten 2 354 Ft 5 885 Ft/l,https://shop.rossmann.hu/termek/head-shoulders-apple-fresh-sampon-400-ml
2026-08-21,Rossmann,Head & Shoulders,Hajápolás,Head & Shoulders Apple Fresh korpásodás elleni sampon - 800 ml,800 ml,800.0,ml,8700216306782,4010.0,Nincs készleten 4 010 Ft 5 013 Ft/l,https://shop.rossmann.hu/termek/head-shoulders-apple-fresh-korpasodas-elleni-sampon-800-ml
2026-08-21,Rossmann,Head & Shoulders,Hajápolás,Head & Shoulders Citrus Fresh 2in1 sampon - 400 ml,400 ml,400.0,ml,8006530305372,2354.0,Nincs készleten 2 354 Ft 5 885 Ft/l,https://shop.rossmann.hu/termek/head-shoulders-citrus-fresh-2az1-ben-korpasodas-elleni-sampon-es-balzsam-400-ml-korpamentes-haj
2026-08-21,Rossmann,Head & Shoulders,Hajápolás,Head & Shoulders Citrus Fresh korpásodás elleni sampon zsíros hajra - 400 ml,400 ml,400.0,ml,5011321336032,2354.0,Nincs készleten 2 354 Ft 5 885 Ft/l,https://shop.rossmann.hu/termek/head-shoulders-citrus-fresh-sampon-400-ml
2026-08-21,Rossmann,Head & Shoulders,Hajápolás,Head & Shoulders Classic Clean 2az1-ben korpásodás elleni sampon - 625 ml,625 ml,625.0,ml,8700216304948,3133.0,Nincs készleten 3 133 Ft 5 013 Ft/l,https://shop.rossmann.hu/termek/head-shoulders-classic-clean-2az1-ben-korpasodas-elleni-sampon-625-ml
2026-08-21,Rossmann,Head & Shoulders,Hajápolás,Head & Shoulders Classic Clean Normál Hajra Korpásodás Elleni sampon - 400 ml,400 ml,400.0,ml,5011321336049,2354.0,Nincs készleten 2 354 Ft 5 885 Ft/l,https://shop.rossmann.hu/termek/head-shoulders-classic-clean-sampon-normal-hajra-400-ml
2026-08-21,Rossmann,Head & Shoulders,Hajápolás,Head & Shoulders Classic Clean korpásodás elleni sampon - 800 ml,800 ml,800.0,ml,8700216156134,4010.0,Nincs készleten 4 010 Ft 5 013 Ft/l,https://shop.rossmann.hu/termek/head-shoulders-classic-clean-korpasodas-elleni-sampon-800-ml
2026-08-21,Rossmann,Head & Shoulders,Hajápolás,Head & Shoulders Menthol Fresh 2in1 korpásodás elleni sampon - 625 ml,625 ml,625.0,ml,8700216305372,3133.0,Nincs készleten 3 133 Ft 5 013 Ft/l,https://shop.rossmann.hu/termek/head-shoulders-menthol-fresh-2in1-korpasodas-elleni-sampon-625-ml
2026-08-21,Rossmann,Head & Shoulders,Hajápolás,Head & Shoulders Menthol Fresh korpásodás elleni sampon - 800 ml,800 ml,800.0,ml,8700216156196,4010.0,Nincs készleten 4 010 Ft 5 013 Ft/l,https://shop.rossmann.hu/termek/head-shoulders-menthol-fresh-korpasodas-elleni-sampon-800-ml
2026-08-21,Rossmann,Head & Shoulders,Hajápolás,Head & Shoulders Menthol Korpáspdás Elleni sampon - 400 ml,400 ml,400.0,ml,5011321336094,2354.0,Nincs készleten 2 354 Ft 5 885 Ft/l,https://shop.rossmann.hu/termek/head-shoulders-mentolos-sampon-400-ml
2026-08-21,Rossmann,Head & Shoulders,Hajápolás,Head & Shoulders Sensitive sampon - 400 ml,400 ml,400.0,ml,5011321336124,2354.0,Nincs készleten 2 354 Ft 5 885 Ft/l,https://shop.rossmann.hu/termek/head-shoulders-sampon-erzekeny-borre-400-ml
2026-08-21,Rossmann,Head & Shoulders,Hajápolás,Head & Shoulders Anti Hair Fall korpásodás elleni sampon - 400 ml,400 ml,400.0,ml,8006540833605,2354.0,Nincs készleten 2 354 Ft 5 885 Ft/l,https://shop.rossmann.hu/termek/head-shoulders-anti-hair-fall-korpasodas-elleni-sampon-400-ml
2026-08-21,Rossmann,Head & Shoulders,Hajápolás,Head & Shoulders Repair & Care For Woman hajhullás elleni sampon - 400 ml,400 ml,400.0,ml,4084500610699,2354.0,Nincs készleten 2 354 Ft 5 885 Ft/l,https://shop.rossmann.hu/termek/head-shoulders-2in1-dus-hatas-sampon-360-ml-1
2026-08-21,Rossmann,Head & Shoulders,Hajápolás,Head & Shoulders Citrus Fresh 2in1 korpa elleni sampon zsíros hajra - 625 ml,625 ml,625.0,ml,8700216158022,3133.0,Nincs készleten 3 133 Ft 5 013 Ft/l,https://shop.rossmann.hu/termek/head-shoulders-citrus-fresh-2in1-korpa-elleni-sampon-zsiros-hajra-625-ml
2026-08-21,Rossmann,Head & Shoulders,Hajápolás,Head & Shoulders Citrus Fresh korpásodás elleni sampon zsíros hajra - 800 ml,800 ml,800.0,ml,8700216156172,4010.0,Nincs készleten 4 010 Ft 5 013 Ft/l,https://shop.rossmann.hu/termek/head-shoulders-citrus-fresh-korpasodas-elleni-sampon-zsiros-hajra-800-ml
2026-08-21,Rossmann,Head & Shoulders,Hajápolás,Head & Shoulders Apple Fresh 2in1 sampon - 400 ml,400 ml,400.0,ml,8006530315449,2354.0,Nincs készleten 2 354 Ft 5 885 Ft/l,https://shop.rossmann.hu/termek/head-shoulders-apple-fresh-2-az-1-ben-korpasodas-elleni-sampon-es-balzsam-400-ml
2026-08-21,Rossmann,Head & Shoulders,Hajápolás,Head & Shoulders Apple Fresh korpa elleni sampon - 250 ml,250 ml,250.0,ml,8006540063248,1489.0,Nincs készleten 1 489 Ft 5 956 Ft/l,https://shop.rossmann.hu/termek/head-shoulders-apple-fresh-korpa-elleni-sampon-250-ml
2026-08-21,Rossmann,Head & Shoulders,Hajápolás,Head & Shoulders Citrus Fresh 2in1 sampon - 800 ml,800 ml,800.0,ml,8006530004527,4010.0,Nincs készleten 4 010 Ft 5 013 Ft/l,https://shop.rossmann.hu/termek/head-shoulders-citrus-fresh-2-az-1-ben-korpasodas-elleni-sampon-es-balzsam-800ml
2026-08-21,Rossmann,Head & Shoulders,Hajápolás,Head & Shoulders Citrus Fresh sampon zsíros hajra - 250 ml,250 ml,250.0,ml,8006540063286,1489.0,Nincs készleten 1 489 Ft 5 956 Ft/l,https://shop.rossmann.hu/termek/head-shoulders-citrus-fresh-korpasodas-elleni-sampon-zsiros-hajra-250-ml
2026-08-21,Rossmann,Head & Shoulders,Hajápolás,Head & Shoulders Clarify & Shine korpásodás elleni sampon - 800 ml,800 ml,800.0,ml,8700216658614,4010.0,Nincs készleten 4 010 Ft 5 013 Ft/l,https://shop.rossmann.hu/termek/head-shoulders-clarify-shine-korpasodas-elleni-sampon-800-ml
2026-08-21,Rossmann,Head & Shoulders,Hajápolás,Head & Shoulders Clarify & Shine korpásodás elleni sampon almaecettel - 400 ml,400 ml,400.0,ml,8700216658461,2354.0,Nincs készleten 2 354 Ft 5 885 Ft/l,https://shop.rossmann.hu/termek/head-shoulders-clarify-shine-korpasodas-elleni-sampon-400-ml
2026-08-21,Rossmann,Head & Shoulders,Hajápolás,Head & Shoulders Classic Clean 2in1 sampon - 400 ml,400 ml,400.0,ml,8700216304917,2354.0,Nincs készleten 2 354 Ft 5 885 Ft/l,https://shop.rossmann.hu/termek/head-shoulders-classic-clean-2az1-ben-korpasodas-elleni-sampon-400ml-friss-tiszta-illat
2026-08-21,Rossmann,Head & Shoulders,Hajápolás,Head & Shoulders Classic Clean 2in1 sampon - 800 ml,800 ml,800.0,ml,8006530004404,4010.0,Nincs készleten 4 010 Ft 5 013 Ft/l,https://shop.rossmann.hu/termek/head-shoulders-classic-clean-2-az-1-ben-korpasodas-elleni-sampon-es-balzsam-800ml
2026-08-21,Rossmann,Head & Shoulders,Hajápolás,Head & Shoulders Classic Clean korpa elleni sampon - 250 ml,250 ml,250.0,ml,8006540063330,1489.0,Nincs készleten 1 489 Ft 5 956 Ft/l,https://shop.rossmann.hu/termek/head-shoulders-classic-clean-korpa-elleni-sampon-250-ml
2026-08-21,Rossmann,Head & Shoulders,Hajápolás,Head & Shoulders Classic Clean korpásodás elleni sampon - 95 ml,95 ml,95.0,ml,8700216164238,935.0,Nincs készleten 935 Ft 9 842 Ft/l,https://shop.rossmann.hu/termek/head-shoulders-classic-clean-korpasodas-elleni-sampon-95-ml
2026-08-21,Rossmann,Head & Shoulders,Hajápolás,Head & Shoulders Men Ultra Old Spice korpásodás elleni sampon férfiaknak - 800 ml,800 ml,800.0,ml,8700216658317,4010.0,Nincs készleten 4 010 Ft 5 013 Ft/l,https://shop.rossmann.hu/termek/head-shoulders-men-ultra-old-spice-korpasodas-elleni-sampon-ferfiaknak-800-ml
2026-08-21,Rossmann,Head & Shoulders,Hajápolás,Head & Shoulders Ultra Sport sampon - 300 ml,300 ml,300.0,ml,8006530029476,1640.0,Nincs készleten 1 640 Ft 5 467 Ft/l,https://shop.rossmann.hu/termek/head-shoulders-men-ultra-sport-fresh-korpasodas-elleni-sampon-300-ml-korpa-ellen
2026-08-21,Rossmann,Head & Shoulders,Hajápolás,Head & Shoulders Menthol 2in1 sampon - 400 ml,400 ml,400.0,ml,8700216305419,2354.0,Nincs készleten 2 354 Ft 5 885 Ft/l,https://shop.rossmann.hu/termek/head-shoulders-menthol-fresh-2in1-korpasodas-elleni-sampon-400ml-frissito-mentolillat
2026-08-21,Rossmann,Head & Shoulders,Hajápolás,Head & Shoulders Menthol Fresh sampon - 250 ml,250 ml,250.0,ml,8006540063385,1489.0,Nincs készleten 1 489 Ft 5 956 Ft/l,https://shop.rossmann.hu/termek/head-shoulders-menthol-fresh-korpasodas-elleni-sampon-250-ml
2026-08-21,Rossmann,Head & Shoulders,Hajápolás,Head & Shoulders sampon hydration - 400 ml,400 ml,400.0,ml,8001841406688,2354.0,Nincs készleten 2 354 Ft 5 885 Ft/l,https://shop.rossmann.hu/termek/head-shoulders-sampon-hydration-400-ml
2026-08-21,Rossmann,Head & Shoulders,Hajápolás,Head & Shoulders Thick & Strong Rosmary sampon - 400 ml,400 ml,400.0,ml,8006530171182,2354.0,Nincs készleten 2 354 Ft 5 885 Ft/l,https://shop.rossmann.hu/termek/head-shoulders-thick-strong-korpasodas-elleni-sampon-400ml-rozmaringkivonattal
2026-08-21,Rossmann,Pantene,Hajápolás,Pantene Bond Repair Miracles balzsam - 160 ml,160 ml,160.0,ml,8700216191708,1899.0,Nincs készleten 1 899 Ft 11 869 Ft/l,https://shop.rossmann.hu/termek/pantene-bond-repair-miracles-balzsam-160-ml
2026-08-21,Rossmann,Pantene,Hajápolás,Pantene Hydration Recharge Heat & Glow szérum - 135 ml,135 ml,135.0,ml,8006530007740,3099.0,Nincs készleten 3 099 Ft 22 956 Ft/l,https://shop.rossmann.hu/termek/pantene-pro-v-hydration-recharge-heat-glow-hajon-hagyhato-krem-135ml-hajvedo
2026-08-21,Rossmann,Pantene,Hajápolás,Pantene Intensive Repair hajpakolás gyenge és károsodott hajra - 300 ml,300 ml,300.0,ml,8006540608494,3099.0,Nincs készleten 3 099 Ft 10 330 Ft/l,https://shop.rossmann.hu/termek/pantene-intensive-repair-pakolas-gyenge-es-karosodott-hajra-300-ml
2026-08-21,Rossmann,Pantene,Hajápolás,Pantene Miracles Hydra balzsam - 160 ml,160 ml,160.0,ml,8700216191609,1899.0,Nincs készleten 1 899 Ft 11 869 Ft/l,https://shop.rossmann.hu/termek/pantene-miracles-hydra-balzsam-160-ml
2026-08-21,Rossmann,Pantene,Hajápolás,Pantene Miracles Hydra hajmaszk - 300 ml,300 ml,300.0,ml,8700216173346,4299.0,Nincs készleten 4 299 Ft 14 330 Ft/l,https://shop.rossmann.hu/termek/pantene-miracles-hydra-hajmaszk-300-ml
2026-08-21,Rossmann,Pantene,Hajápolás,Pantene Pro-V Extra Volume sampon - 1000 ml,1000 ml,1000.0,ml,8006540381830,3409.0,Nincs készleten 3 409 Ft 3 409 Ft/l,https://shop.rossmann.hu/termek/pantene-pro-v-extra-volume-sampon-1000-ml
2026-08-21,Rossmann,Pantene,Hajápolás,Pantene Pro-V Infinite Lengths balzsam 275 ml,275 ml,275.0,ml,8700216508957,1999.0,Nincs készleten 1 999 Ft 7 269 Ft/l,https://shop.rossmann.hu/termek/pantene-pro-v-infinite-lengths-balzsam-275-ml
2026-08-21,Rossmann,Pantene,Hajápolás,Pantene Pro-V Intensive Repair 3 Minute Miracle balzsam - 220 ml,220 ml,220.0,ml,8700216500616,2479.0,Nincs készleten 2 479 Ft 11 268 Ft/l,https://shop.rossmann.hu/termek/pantene-pro-v-intensive-repair-3-minute-miracle-balzsam-220-ml
2026-08-21,Rossmann,Pantene,Hajápolás,Pantene Pro-V Intensive Repair balzsam - 800 ml,800 ml,800.0,ml,8700216467391,3759.0,4 699 Ft 5 874 Ft/l,https://shop.rossmann.hu/termek/pantene-pro-v-intensive-repair-balzsam-800-ml
2026-08-21,Rossmann,Pantene,Hajápolás,Pantene Pro-V Intensive Repair regeneráló hajolaj keratinnal és E-vitaminnal - 100 ml,100 ml,100.0,ml,8006540124758,3099.0,Nincs készleten 3 099 Ft 30 990 Ft/l,https://shop.rossmann.hu/termek/pantene-pro-v-intensive-repair-keratinregeneralo-olaj-e-vitaminnal-hajolaj-100-ml
2026-08-21,Rossmann,Pantene,Hajápolás,Pantene Pro-V Perfect-Volume hővédő hajhab biotinnal - 200 ml,200 ml,200.0,ml,8006540346815,2519.0,Nincs készleten 2 519 Ft 12 595 Ft/l,https://shop.rossmann.hu/termek/pantene-pro-v-perfect-volume-hovedo-hajhab-biotinnal-200-ml
2026-08-21,Rossmann,Pantene,Hajápolás,Pantene Pro-V Repair & Protect sampon - 1000 ml,1000 ml,1000.0,ml,8001841617817,3409.0,Nincs készleten 3 409 Ft 3 409 Ft/l,https://shop.rossmann.hu/termek/pantene-sampon-repair-protect-1000-ml
2026-08-21,Rossmann,Pantene,Hajápolás,Pantene Pro-V Vékonyszálú Hajra Ultra Erős hajlakk - 250 ml,250 ml,250.0,ml,8006540650721,2519.0,Nincs készleten 2 519 Ft 10 076 Ft/l,https://shop.rossmann.hu/termek/pantene-pro-v-ultra-eros-hajlakk-vekonyszalu-hajra-250-ml
2026-08-21,Rossmann,Pantene,Hajápolás,Pantene Silky Miracle sampon - 250 ml,250 ml,250.0,ml,8700216336727,1243.0,Nincs készleten 1 243 Ft 4 972 Ft/l,https://shop.rossmann.hu/termek/pantene-silky-glowing-sampon-biotinnal-es-rekonstrualo-keratinnal-szaraz-hajra-250-ml
2026-08-21,Rossmann,Pantene,Hajápolás,Pantene hair rescue shaker hydration - 150 ml,150 ml,150.0,ml,8001841914244,2199.0,Nincs készleten 2 199 Ft 14 660 Ft/l,https://shop.rossmann.hu/termek/pantene-hair-rescue-shaker-hydration-150-ml
2026-08-21,Rossmann,Pantene,Hajápolás,Pantene hair rescue shaker repair - 150 ml,150 ml,150.0,ml,8001841914282,2199.0,Nincs készleten 2 199 Ft 14 660 Ft/l,https://shop.rossmann.hu/termek/pantene-hair-rescue-shaker-repair-150-ml
2026-08-21,Rossmann,Pantene,Hajápolás,Pantene hajolaj argain oil - 100 ml,100 ml,100.0,ml,8006540124833,3099.0,Nincs készleten 3 099 Ft 30 990 Ft/l,https://shop.rossmann.hu/termek/pantene-hajolaj-argain-oil-100-ml
2026-08-21,Rossmann,Pantene,Hajápolás,Pantene Pro-V Infinitely Long sampon - 400 ml,400 ml,400.0,ml,8700216058155,1572.0,Nincs készleten 1 572 Ft 3 930 Ft/l,https://shop.rossmann.hu/termek/pantene-pro-v-infinitely-long-sampon-400-ml
2026-08-21,Rossmann,Pantene,Hajápolás,Pantene Pro-V Intensive Repair sampon károsodott hajra - 400 ml,400 ml,400.0,ml,5410076561834,1508.0,Nincs készleten 1 508 Ft 3 770 Ft/l,https://shop.rossmann.hu/termek/pantene-pro-v-intensive-repair-sampon-szaraz-karosodott-hajra-400-ml
2026-08-21,Rossmann,Pantene,Hajápolás,Pantene Molecular Bond Repair sampon biotinnal - 250 ml,250 ml,250.0,ml,8700216323598,1243.0,Nincs készleten 1 243 Ft 4 972 Ft/l,https://shop.rossmann.hu/termek/pantene-bond-repair-miracles-sampon-250-ml
2026-08-21,Rossmann,Pantene,Hajápolás,Pantene Silky & Glowing balzsam biotinnal és rekonstruáló keratinnal - 160 ml,160 ml,160.0,ml,8700216334396,1899.0,Nincs készleten 1 899 Ft 11 869 Ft/l,https://shop.rossmann.hu/termek/pantene-silky-glowing-balzsam-biotinnal-es-rekonstrualo-keratinnal-160-ml
2026-08-21,Rossmann,Pantene,Hajápolás,Pantene Light Summer Glow hajpermet - 200 ml,200 ml,200.0,ml,8006530050999,3399.0,Nincs készleten 3 399 Ft 16 995 Ft/l,https://shop.rossmann.hu/termek/pantene-light-summer-glow-hajpermet-200-ml
2026-08-21,Rossmann,Pantene,Hajápolás,Pantene Pro-V Lively Repair sampon festett hajra - 400 ml,400 ml,400.0,ml,5410076562794,1508.0,Nincs készleten 1 508 Ft 3 770 Ft/l,https://shop.rossmann.hu/termek/pantene-pro-v-protect-shine-sampon-festett-hajra-400-ml
2026-08-21,Rossmann,Pantene,Hajápolás,Pantene Pro-V Intensive Repair balzsam - 275 ml,275 ml,275.0,ml,8700216422338,1999.0,Nincs készleten 1 999 Ft 7 269 Ft/l,https://shop.rossmann.hu/termek/pantene-pro-v-intensive-repair-balzsam-275-ml
2026-08-21,Rossmann,Pantene,Hajápolás,Pantene ampulla repair & protect (3x15 ml) - 45 ml,45 ml,45.0,ml,4015600592431,2549.0,Nincs készleten 2 549 Ft 56 644 Ft/l,https://shop.rossmann.hu/termek/pantene-ampulla-repair-protect-3x15-ml-45-ml
2026-08-21,Rossmann,Pantene,Hajápolás,Pantene Grow Abundant sampon - 290 ml,290 ml,290.0,ml,8006530060110,2510.0,Nincs készleten 2 510 Ft 8 655 Ft/l,https://shop.rossmann.hu/termek/pantene-grow-abundant-sampon-290-ml
2026-08-21,Rossmann,Pantene,Hajápolás,Pantene Grow Abundant balzsam - 250 ml,250 ml,250.0,ml,8006530059169,3199.0,Nincs készleten 3 199 Ft 12 796 Ft/l,https://shop.rossmann.hu/termek/pantene-grow-hajhullas-elleni-balzsam-xxx-ml-vekony-szalu-elgyengult-hajra
2026-08-21,Rossmann,Pantene,Hajápolás,Pantene Grow Abundant hajmaszk - 300 ml,300 ml,300.0,ml,8006530058988,3299.0,Nincs készleten 3 299 Ft 10 997 Ft/l,https://shop.rossmann.hu/termek/pantene-grow-hajhullas-elleni-pakolas-300ml-karosodott-hajra-10x-erosebb-hajat-eredmenyez
2026-08-21,Rossmann,Pantene,Hajápolás,Pantene Grow Abundant szérum - 60 ml,60 ml,60.0,ml,8006530088909,7299.0,Nincs készleten 7 299 Ft 121 650 Ft/l,https://shop.rossmann.hu/termek/pantene-hajhullas-elleni-fejborapolo-szerum-60ml-surubb-hosszabb-dusabb-haj-niacinamiddal
2026-08-21,Rossmann,Pantene,Hajápolás,Pantene Miracles Hydra sampon - 250 ml,250 ml,250.0,ml,8700216323512,1243.0,Nincs készleten 1 243 Ft 4 972 Ft/l,https://shop.rossmann.hu/termek/pantene-miracles-hydra-sampon-250-ml
2026-08-21,Rossmann,Pantene,Hajápolás,Pantene Molecular Bond Repair hajon hagyható krém - 300 ml,300 ml,300.0,ml,8700216630696,4299.0,Nincs készleten 4 299 Ft 14 330 Ft/l,https://shop.rossmann.hu/termek/pantene-molecular-bond-repair-hajon-hagyhato-krem-300-ml
2026-08-21,Rossmann,Pantene,Hajápolás,Pantene Molecular Bond Repair szérum - 90 ml,90 ml,90.0,ml,8700216637299,3099.0,Nincs készleten 3 099 Ft 34 433 Ft/l,https://shop.rossmann.hu/termek/pantene-molecular-bond-repair-hajon-hagyhato-krem-90ml-pro-v-koncentralt-formulaju-hajpakolas
2026-08-21,Rossmann,Pantene,Hajápolás,Pantene Pro-V Aqua Light sampon - 400 ml,400 ml,400.0,ml,5410076561223,1508.0,Nincs készleten 1 508 Ft 3 770 Ft/l,https://shop.rossmann.hu/termek/pantene-pro-v-aqua-light-sampon-400-ml
2026-08-21,Rossmann,Pantene,Hajápolás,Pantene Pro-V Aqualight balzsam - 275 ml,275 ml,275.0,ml,8700216509015,1999.0,Nincs készleten 1 999 Ft 7 269 Ft/l,https://shop.rossmann.hu/termek/pantene-pro-v-aqualight-balzsam-275-ml
2026-08-21,Rossmann,Pantene,Hajápolás,Pantene Pro-V Color Protect balzsam - 275 ml,275 ml,275.0,ml,8700216508933,1999.0,Nincs készleten 1 999 Ft 7 269 Ft/l,https://shop.rossmann.hu/termek/pantene-pro-v-color-protect-balzsam-275-ml
2026-08-21,Rossmann,Pantene,Hajápolás,Pantene Pro-V Hydration Recharge 3 Minute Miracle balzsam - 220 ml,220 ml,220.0,ml,8700216938860,2479.0,Nincs készleten 2 479 Ft 11 268 Ft/l,https://shop.rossmann.hu/termek/pantene-pro-v-hydration-recharge-3-minute-miracle-balzsam-220ml-rendkivul-szaraz-hajra
2026-08-21,Rossmann,Pantene,Hajápolás,Pantene Hydration Recharge Keratin Protect hajpakolás - 300 ml,300 ml,300.0,ml,8700216938761,2999.0,Nincs készleten 2 999 Ft 9 997 Ft/l,https://shop.rossmann.hu/termek/pantene-pro-v-hydration-recharge-keratin-protect-hajpakolas-300ml-rendkivul-szaraz-hajra
2026-08-21,Rossmann,Pantene,Hajápolás,Pantene Hydration Recharge balzsam - 275 ml,275 ml,275.0,ml,8700216938839,2149.0,Nincs készleten 2 149 Ft 7 815 Ft/l,https://shop.rossmann.hu/termek/pantene-pro-v-hydration-recharge-konnyed-balzsam-275ml-normal-es-szaraz-hajra
2026-08-21,Rossmann,Pantene,Hajápolás,Pantene Moisture sampon - 400 ml,400 ml,400.0,ml,8700216938808,1572.0,Nincs készleten 1 572 Ft 3 930 Ft/l,https://shop.rossmann.hu/termek/pantene-pro-v-hydration-recharge-sampon-400ml-taplalja-a-normal-es-szaraz-hajat
2026-08-21,Rossmann,Pantene,Hajápolás,Pantene Pro-V Intensive Repair 3in1 sampon károsodott hajra - 325 ml,325 ml,325.0,ml,8700216509022,1278.0,Nincs készleten 1 278 Ft 3 932 Ft/l,https://shop.rossmann.hu/termek/pantene-pro-v-intensive-repair-3-az-1-ben-sampon-325-ml
2026-08-21,Rossmann,Pantene,Hajápolás,Pantene Pro-V Intensive Repair balzsam - 160 ml,160 ml,160.0,ml,8700216508834,1249.0,Nincs készleten 1 249 Ft 7 806 Ft/l,https://shop.rossmann.hu/termek/pantene-pro-v-intensive-repair-balzsam-160-ml
2026-08-21,Rossmann,Pantene,Hajápolás,Pantene Pro-V I x Keith Haring Intensive Repair sampon - 250 ml,250 ml,250.0,ml,8700216779463,1043.0,Nincs készleten 1 043 Ft 4 172 Ft/l,https://shop.rossmann.hu/termek/pantene-pro-v-intensive-repairprotect-sampon-250-me
2026-08-21,Rossmann,Pantene,Hajápolás,Pantene Pro-V Keratin Infinitely Long hajmaszk - 300 ml,300 ml,300.0,ml,8700216058056,2999.0,Nincs készleten 2 999 Ft 9 997 Ft/l,https://shop.rossmann.hu/termek/pantene-pro-v-keratin-infinitely-long-hajmaszk-300-ml
2026-08-21,Rossmann,Pantene,Hajápolás,Pantene Pro-V Perfect-Curls hővédő hajhab kókuszolajjal - 200 ml,200 ml,200.0,ml,8006540349007,2519.0,Nincs készleten 2 519 Ft 12 595 Ft/l,https://shop.rossmann.hu/termek/pantene-pro-v-perfect-curls-hovedo-hajhab-kokuszolajjal-200-ml
2026-08-21,Rossmann,Pantene,Hajápolás,Pantene Pro V Robert Indiana Artist hajolaj - 100 ml,100 ml,100.0,ml,8006530274661,3099.0,Nincs készleten 3 099 Ft 30 990 Ft/l,https://shop.rossmann.hu/termek/pantene-pro-v-x-robert-indiana-artist-edition-intensive-repair-hajapolo-olaj-100-ml
2026-08-21,Rossmann,Pantene,Hajápolás,Pantene Pro V Robert Indiana Artist maszk - 300 ml,300 ml,300.0,ml,8006530274869,2999.0,Nincs készleten 2 999 Ft 9 997 Ft/l,https://shop.rossmann.hu/termek/pantene-pro-v-x-robert-indiana-artist-edition-intensive-repair-hajpakolas-300-ml
2026-08-21,Rossmann,Pantene,Hajápolás,Pantene Pro V Robert Indiana Artist hajpakolás - 220 ml,220 ml,220.0,ml,8006530275088,2479.0,Nincs készleten 2 479 Ft 11 268 Ft/l,https://shop.rossmann.hu/termek/pantene-pro-v-x-robert-indiana-artist-edition-intensive-repair-melyapolo-pakolas-220-ml
2026-08-21,Rossmann,Pantene,Hajápolás,Pantene Pro V Robert Indiana sampon - 250 ml,250 ml,250.0,ml,8006530274722,1043.0,Nincs készleten 1 043 Ft 4 172 Ft/l,https://shop.rossmann.hu/termek/pantene-pro-v-x-robert-indiana-artist-edition-intensive-repair-miracle-sampon-250-ml
2026-08-21,Rossmann,Pantene,Hajápolás,Pantene Pro-V Intensive Repair Duopack sampon és balzsam - 675 ml,675 ml,675.0,ml,8700216808675,2480.0,Nincs készleten 2 480 Ft 3 674 Ft/l,https://shop.rossmann.hu/termek/pantene-repair-sampon-es-balzsam-675-ml
2026-08-21,Rossmann,Aussie,Hajápolás,Aussie 3 Minute Miracle Deeep Moisture mélyhidratáló balzsam - 250 ml,250 ml,250.0,ml,8700216924603,3499.0,Nincs készleten 3 499 Ft 13 996 Ft/l,https://shop.rossmann.hu/termek/aussie-3-minute-miracle-deeep-moisture-melyhidratalo-balzsam-250ml
2026-08-21,Rossmann,Aussie,Hajápolás,Aussie Oh My Gloss Moisture-Mazing szérum - 160 ml,160 ml,160.0,ml,8700216923125,3399.0,Nincs készleten 3 399 Ft 21 244 Ft/l,https://shop.rossmann.hu/termek/aussie-oh-my-gloss-moisture-mazing-hajon-hagyhato-szerum-160ml-fenyfokozo-hatas
2026-08-21,Rossmann,Aussie,Hajápolás,Aussie SOS Hair Rescue szérum olaj - 100 ml,100 ml,100.0,ml,8006540004876,3399.0,Nincs készleten 3 399 Ft 33 990 Ft/l,https://shop.rossmann.hu/termek/aussie-sos-hair-rescue-szerum-olaj-100-ml
2026-08-21,Rossmann,Aussie,Hajápolás,Aussie SOS Repair & Revive balzsam - 200 ml,200 ml,200.0,ml,8700216440929,3399.0,Nincs készleten 3 399 Ft 16 995 Ft/l,https://shop.rossmann.hu/termek/aussie-sos-repair-revive-balzsam-200-ml
2026-08-21,Rossmann,Aussie,Hajápolás,"Aussie SOS Repair & Revive sampon száraz, igénybevett, károsodott hajra - 300 ml",300 ml,300.0,ml,8700216421300,2017.0,Nincs készleten 2 017 Ft 6 723 Ft/l,https://shop.rossmann.hu/termek/aussie-sos-repair-revive-sampon-300-ml
2026-08-21,Rossmann,Aussie,Hajápolás,Aussie SOS Repair Masque Intensive hajpakolás - 500 ml,500 ml,500.0,ml,8700216441063,4599.0,Nincs készleten 4 599 Ft 9 198 Ft/l,https://shop.rossmann.hu/termek/aussie-sos-repair-masque-intensive-hajpakolas-500-ml
2026-08-21,Rossmann,Aussie,Hajápolás,Aussie SOS 1 Minute Miracle Repair Rescue hajmask - 250 ml,250 ml,250.0,ml,8700216437264,3499.0,Nincs készleten 3 499 Ft 13 996 Ft/l,https://shop.rossmann.hu/termek/aussie-sos-1-minute-miracle-repair-rescue-hajmask-250-ml
2026-08-21,Rossmann,Aussie,Hajápolás,Aussie SOS Hydration szérum - 160 ml,160 ml,160.0,ml,8700216441094,3399.0,Nincs készleten 3 399 Ft 21 244 Ft/l,https://shop.rossmann.hu/termek/aussie-sos-hydration-szerum-160-ml
2026-08-21,Rossmann,Aussie,Hajápolás,Aussie Deep Hyd sampon - 300 ml,300 ml,300.0,ml,8700216923446,1949.0,Nincs készleten 1 949 Ft 6 497 Ft/l,https://shop.rossmann.hu/termek/aussie-deep-hyd-sampon-300-ml
2026-08-21,Rossmann,Aussie,Hajápolás,Aussie Deep Hydration balzsam - 200 ml,200 ml,200.0,ml,8700216923781,3399.0,Nincs készleten 3 399 Ft 16 995 Ft/l,https://shop.rossmann.hu/termek/aussie-deep-hydration-balzsam-200-ml
2026-08-21,Rossmann,Aussie,Hajápolás,Aussie Gloss sampon - 200 ml,200 ml,200.0,ml,8700216923132,1949.0,Nincs készleten 1 949 Ft 9 745 Ft/l,https://shop.rossmann.hu/termek/aussie-oh-my-gloss-sampon-300ml-melyhidratalja-a-szaraz-fako-hajat-szulfatmentes
2026-08-21,Rossmann,Aussie,Hajápolás,Aussie Oh My Gloss balzsam - 200 ml,200 ml,200.0,ml,8700216923057,3399.0,Nincs készleten 3 399 Ft 16 995 Ft/l,https://shop.rossmann.hu/termek/aussie-oh-my-gloss-hidratalo-balzsam-200ml-puhava-es-selymesse-varazsolja-a-szaraz-hajat
2026-08-21,Rossmann,Aussie,Hajápolás,Aussie SOS Heat Protection hajápoló -100 ml,100 ml,100.0,ml,8001841555881,3399.0,Nincs készleten 3 399 Ft 33 990 Ft/l,https://shop.rossmann.hu/termek/aussie-spray-sos-heat-100-ml
2026-08-21,Rossmann,Aussie,Hajápolás,Aussie SOS Supercharged Hydration haj- és fejbőrmaszk - 500 ml,500 ml,500.0,ml,8700216441032,4599.0,Nincs készleten 4 599 Ft 9 198 Ft/l,https://shop.rossmann.hu/termek/aussie-sos-supercharged-hydration-haj-es-fejbormaszk-500-ml
2026-08-21,Rossmann,Gillette,Borotválkozás & testápolás,Gillette Blue II Plus eldobható borotva - 14 db,14 db,14.0,db,7702018466979,2299.0,Nincs készleten 2 299 Ft 164 Ft/db,https://shop.rossmann.hu/termek/gillette-blueii-plus-eldobhato-borotvak-kremezocsikkal-14-db
2026-08-21,Rossmann,Gillette,Borotválkozás & testápolás,Gillette Blue3 Plus eldobható borotva - 8 db,8 db,8.0,db,7702018536320,2608.0,Nincs készleten 2 608 Ft 326 Ft/db,https://shop.rossmann.hu/termek/gillette-blue3-nitro-eldobhato-ferfi-borotva-8-db
2026-08-21,Rossmann,Gillette,Borotválkozás & testápolás,Gillette Blue3 Plus eldobható borotva 3 pengés - 6 db,6 db,6.0,db,7702018362585,2224.0,Nincs készleten 2 224 Ft 371 Ft/db,https://shop.rossmann.hu/termek/gillette-blue3-eldobhato-borotva-3-penges-6-db
2026-08-21,Rossmann,Gillette,Borotválkozás & testápolás,Gillette Blue3 Sensitive eldobható borotva 3 pengés - 3 db,3 db,3.0,db,7702018490080,1600.0,Nincs készleten 1 600 Ft 533 Ft/db,https://shop.rossmann.hu/termek/gillette-blue-3-sensitive-eldobhato-borotva-3-db-1
2026-08-21,Rossmann,Gillette,Borotválkozás & testápolás,Gillette Blue3 Sensitive eldobható borotva 3 pengés - 6 db,6 db,6.0,db,7702018490134,2224.0,Nincs készleten 2 224 Ft 371 Ft/db,https://shop.rossmann.hu/termek/gillette-blue3-sensitive-eldobhato-borotva-3-penges-6-db
2026-08-21,Rossmann,Gillette,Borotválkozás & testápolás,Gillette Body & Intimate trimmer szett - 1 db,1 db,1.0,db,8700216631204,18399.0,22 999 Ft 22 999 Ft/db,https://shop.rossmann.hu/termek/gillette-body-intimate-trimmer-szett-1-db
2026-08-21,Rossmann,Gillette,Borotválkozás & testápolás,Gillette Fusion Moisturising borotvazselé - 200ml,200 ml,200.0,ml,7702018465156,1438.0,Nincs készleten 1 438 Ft 7 190 Ft/l,https://shop.rossmann.hu/termek/gillette-fusion-moisturising-borotvazsele-200ml
2026-08-21,Rossmann,Gillette,Borotválkozás & testápolás,Gillette Fusion ProGlide Power Flexball elemes borotvakészülék - 1 db,1 db,1.0,db,7702018390786,9499.0,Nincs készleten 9 499 Ft 9 499 Ft/db,https://shop.rossmann.hu/termek/gillette-fusion-proglide-power-elemes-borotvakeszulek-1-db
2026-08-21,Rossmann,Gillette,Borotválkozás & testápolás,Gillette Fusion Proglide Flexball borotvakészülék + 2 db borotvabetét - 1 db,1 db,1.0,db,7702018390816,6999.0,Nincs készleten 6 999 Ft 6 999 Ft/db,https://shop.rossmann.hu/termek/gillette-fusion-proglide-borotva-borotvabetettel-1-db
2026-08-21,Rossmann,Gillette,Borotválkozás & testápolás,Gillette Fusion5 Proglide borotvabetét - 4 db,4 db,4.0,db,7702018085514,8084.0,Nincs készleten 8 084 Ft 2 021 Ft/db,https://shop.rossmann.hu/termek/gillette-fusion-proglide-5-penges-borotvabetet-4-db
2026-08-21,Rossmann,Gillette,Borotválkozás & testápolás,Gillette Fusion5 borotvakészülék + 2 db borotvabetét - 1 db,1 db,1.0,db,7702018866946,6599.0,Nincs készleten 6 599 Ft 6 599 Ft/db,https://shop.rossmann.hu/termek/gillette-fusion-keszulek-2-db-betet
2026-08-21,Rossmann,Gillette,Borotválkozás & testápolás,Gillette King C. szakáll&arcmosó - 350 ml,350 ml,350.0,ml,8006540150375,4999.0,Nincs készleten 4 999 Ft 14 283 Ft/l,https://shop.rossmann.hu/termek/gillette-king-c-szakallmoso-350-ml
2026-08-21,Rossmann,Gillette,Borotválkozás & testápolás,Gillette King C. szakállbalzsam - 100 ml,100 ml,100.0,ml,8006540150450,4999.0,Nincs készleten 4 999 Ft 49 990 Ft/l,https://shop.rossmann.hu/termek/gillette-king-c-szakallbalzsam-100-ml
2026-08-21,Rossmann,Gillette,Borotválkozás & testápolás,Gillette Mach 3 borotvabetét - 5 db,5 db,5.0,db,7702018552313,5801.0,Nincs készleten 5 801 Ft 1 160 Ft/db,https://shop.rossmann.hu/termek/gillette-mach-3-borotvabetet-5-db
2026-08-21,Rossmann,Gillette,Borotválkozás & testápolás,Gillette Mach3 borotvabetét - 16 db,16 db,16.0,db,7702018582907,11867.0,Nincs készleten 11 867 Ft 742 Ft/db,https://shop.rossmann.hu/termek/gillette-mach3-ferfi-borotvabetet-16-db
2026-08-21,Rossmann,Gillette,Borotválkozás & testápolás,Gillette Mach3 borotvabetét - 8 db,8 db,8.0,db,8700216066556,7604.0,Nincs készleten 7 604 Ft 951 Ft/db,https://shop.rossmann.hu/termek/gillette-mach3-borotvabetetek-ferfi-borotvahoz-8-db
2026-08-21,Rossmann,Gillette,Borotválkozás & testápolás,Gillette Mach3 borotvakészülék + 12 db borortvabetét - 1 db,1 db,1.0,db,7702018425853,16999.0,Nincs készleten 16 999 Ft 16 999 Ft/db,https://shop.rossmann.hu/termek/gillette-mach3-ferfi-borotva-keszulek-es-12-db-borortvabetet-1-db
2026-08-21,Rossmann,Gillette,Borotválkozás & testápolás,Gillette Mach3 borotvakészülék + 2 db borotvabetét - 1 db,1 db,1.0,db,7702018020676,4399.0,Nincs készleten 4 399 Ft 4 399 Ft/db,https://shop.rossmann.hu/termek/gillette-mach-3-borotva-2-potfej
2026-08-21,Rossmann,Gillette,Borotválkozás & testápolás,Gillette ProGlide borotvakészülék + 10 db borotvabetét - 1 db,1 db,1.0,db,7702018425198,22999.0,Nincs készleten 22 999 Ft 22 999 Ft/db,https://shop.rossmann.hu/termek/gillette-proglide-ferfi-borotvakeszulek-es-10-db-borotvabetet-1-db
2026-08-21,Rossmann,Gillette,Borotválkozás & testápolás,Gillette ProGlide férfi borotvanyél + 4 borotvabetét + állvány - 1 db,1 db,1.0,db,8700216357227,9599.0,11 999 Ft 11 999 Ft/db,https://shop.rossmann.hu/termek/gillette-proglide-ferfi-borotva-5-db-borotvabetettel-1-db
2026-08-21,Rossmann,Gillette,Borotválkozás & testápolás,Gillette Satin Care Aloe Vera Glide borotvazselé - 200 ml,200 ml,200.0,ml,3014260223007,1413.0,Nincs készleten 1 413 Ft 7 065 Ft/l,https://shop.rossmann.hu/termek/gillette-venus-satincare-sensitive-skin-borotvazsele-200ml
2026-08-21,Rossmann,Gillette,Borotválkozás & testápolás,Gillette Satin Care Shea Butter Silk borotvazselé - 200 ml,200 ml,200.0,ml,7702018012466,1413.0,Nincs készleten 1 413 Ft 7 065 Ft/l,https://shop.rossmann.hu/termek/gillette-satin-care-dry-skin-noi-borotvazsele-200-ml
2026-08-21,Rossmann,Gillette,Borotválkozás & testápolás,Gillette Series Arctic Ice Bold borotválkozás utáni arcszesz - 100 ml,100 ml,100.0,ml,7702018620180,3499.0,Nincs készleten 3 499 Ft 34 990 Ft/l,https://shop.rossmann.hu/termek/gillette-arctic-ice-borotvalkozas-utani-arcviz-100-ml
2026-08-21,Rossmann,Gillette,Borotválkozás & testápolás,Gillette Series Cool borotvazselé - 200 ml,200 ml,200.0,ml,7702018457786,1320.0,Nincs készleten 1 320 Ft 6 600 Ft/l,https://shop.rossmann.hu/termek/gillette-series-cool-borotva-zsele-200-ml
2026-08-21,Rossmann,Gillette,Borotválkozás & testápolás,"Gillette Styler testszőrzet- és szakálltrimmelő, borotva és kontúrformázó - 1 db",1 db,1.0,db,7702018273386,12367.0,15 459 Ft 15 459 Ft/db,https://shop.rossmann.hu/termek/gillette-4az1-ben-borotvkeszulek-1-borotvafej-1-db
2026-08-21,Rossmann,Gillette,Borotválkozás & testápolás,Gillette Stift Arctic Ice deo gélstift - 70 ml,70 ml,70.0,ml,8006530030502,1560.0,Nincs készleten 1 560 Ft 22 286 Ft/l,https://shop.rossmann.hu/termek/gillette-arctic-ice-izzadasgatlo-gel-ferfiaknak-70-ml
2026-08-21,Rossmann,Gillette,Borotválkozás & testápolás,Gillette Blue3 Comfort Slalom eldobható borotva 3 pengés - 3 db,3 db,3.0,db,7702018547319,960.0,Nincs készleten 960 Ft 320 Ft/db,https://shop.rossmann.hu/termek/gillette-blue-3-comfort-slalom-eldobhato-borotva-3-pengeju-3-db
2026-08-21,Rossmann,Gillette,Borotválkozás & testápolás,Gillette Blue 3 eldobható borotva - 8 db,8 db,8.0,db,7702018489978,2608.0,Nincs készleten 2 608 Ft 326 Ft/db,https://shop.rossmann.hu/termek/gillette-blue-3-eldobhato-borotva-8-db
2026-08-21,Rossmann,Gillette,Borotválkozás & testápolás,Gillette Blue2 Plus eldobható borotva 2 pengés - 5 db,5 db,5.0,db,3014260283254,1264.0,Nincs készleten 1 264 Ft 253 Ft/db,https://shop.rossmann.hu/termek/gillette-blue-ii-plus-eldobhato-borotva-5-db
2026-08-21,Rossmann,Gillette,Borotválkozás & testápolás,Gillette Blue3 Comfort eldobható borotva - 12 db,12 db,12.0,db,8700216148092,3874.0,Nincs készleten 3 874 Ft 323 Ft/db,https://shop.rossmann.hu/termek/gillette-blue3-comfort-eldobhato-borotva-3-penges-12-db
2026-08-21,Rossmann,Gillette,Borotválkozás & testápolás,Gillette Blue3 Comfort eldobható borotva 3 pengés - 4 db,4 db,4.0,db,7702018489787,1600.0,Nincs készleten 1 600 Ft 400 Ft/db,https://shop.rossmann.hu/termek/gillette-blue3-plus-comfort-eldobhato-borotva-3-penges-31-db-1-db
2026-08-21,Rossmann,Gillette,Borotválkozás & testápolás,Gillette Blue3 Plus Nitro eldobható borotva 3 pengés - 12 db,12 db,12.0,db,8700216148146,3874.0,Nincs készleten 3 874 Ft 323 Ft/db,https://shop.rossmann.hu/termek/gillette-blue3-plus-nitro-potpenge-12-db-1-db
2026-08-21,Rossmann,Gillette,Borotválkozás & testápolás,Gillette Blue3 Plus eldobható borotva 3 pengés - 4 db,4 db,4.0,db,8700216423489,1600.0,Nincs készleten 1 600 Ft 400 Ft/db,https://shop.rossmann.hu/termek/gillette-blue3-plus-red-eldobhato-borotva-31-db-1-db
2026-08-21,Rossmann,Gillette,Borotválkozás & testápolás,Gillette Body & Intimate borotvakrém és bőrtisztító - 177 ml,177 ml,177.0,ml,8700216600132,3599.0,4 499 Ft 25 418 Ft/l,https://shop.rossmann.hu/termek/gillette-body-intimate-borotvakrem-es-bortisztito-150-ml
2026-08-21,Rossmann,Gillette,Borotválkozás & testápolás,Gillette Gold Champion deo gélstift - 70ml,70 ml,70.0,ml,8006530030045,1560.0,Nincs készleten 1 560 Ft 22 286 Ft/l,https://shop.rossmann.hu/termek/gillette-champion-gold-izzadasgatlo-gel-ferfiaknak-70-ml
2026-08-21,Rossmann,Gillette,Borotválkozás & testápolás,Gillette Original Scent borotvahab - 250 ml,250 ml,250.0,ml,8006530159203,1045.0,Nincs készleten 1 045 Ft 4 180 Ft/l,https://shop.rossmann.hu/termek/gillette-classic-borotvahab-original-illattal-gyors-es-egyszeru-borotvalkozas-250ml
2026-08-21,Rossmann,Gillette,Borotválkozás & testápolás,Gillette Sensitive borotvahab - 250 ml,250 ml,250.0,ml,8006530159142,1045.0,Nincs készleten 1 045 Ft 4 180 Ft/l,https://shop.rossmann.hu/termek/gillette-classic-sensitive-borotvahab-erzekeny-borre-250-ml
2026-08-21,Rossmann,Gillette,Borotválkozás & testápolás,Gillette Stift Cool Wave deo stiftgél - 70 ml,70 ml,70.0,ml,8006530030564,1560.0,Nincs készleten 1 560 Ft 22 286 Ft/l,https://shop.rossmann.hu/termek/gillette-cool-wave-izzadasgatlo-gel-ferfiaknak-70-ml
2026-08-21,Rossmann,Gillette,Borotválkozás & testápolás,Gillette Fusion5 borotvabetét - 4 db,4 db,4.0,db,7702018866984,6979.0,Nincs készleten 6 979 Ft 1 745 Ft/db,https://shop.rossmann.hu/termek/gillette-fusion-borotvabetet-4-db
2026-08-21,Rossmann,Gillette,Borotválkozás & testápolás,Gillette Fusion Skin Sensitive borotvazselé - 200 ml,200 ml,200.0,ml,7702018617098,1692.0,Nincs készleten 1 692 Ft 8 460 Ft/l,https://shop.rossmann.hu/termek/gillette-fusion-skin-sensitive-borotvazsele-mandulaolajjal-200ml
2026-08-21,Rossmann,Gillette,Borotválkozás & testápolás,Gillette Fusion5 borotvabetét - 16 db,16 db,16.0,db,8001090819536,17663.0,Nincs készleten 17 663 Ft 1 104 Ft/db,https://shop.rossmann.hu/termek/gillette-fusion5-borortva-betet-5-penges-16-db
2026-08-21,Rossmann,Gillette,Borotválkozás & testápolás,Gillette Fusion5 borotvakészülék + 11 db borotvabetét - 1 db,1 db,1.0,db,7702018425761,22999.0,Nincs készleten 22 999 Ft 22 999 Ft/db,https://shop.rossmann.hu/termek/gillette-fusion5-borotva-11-db-betet-1db
2026-08-21,Rossmann,Gillette,Borotválkozás & testápolás,Gillette Fusion5 borotvabetét 5 pengés - 12 db,12 db,12.0,db,8006540986141,13999.0,14 397 Ft 1 200 Ft/db,https://shop.rossmann.hu/termek/gillette-fusion5-borotvabetetek-ferfi-borotvahoz-12-borotvabetetek-5-penge-precizios-nyiro
2026-08-21,Rossmann,Gillette,Borotválkozás & testápolás,Gillette Fusion5 borotvabetét - 8 db,8 db,8.0,db,8006540989197,11621.0,Nincs készleten 11 621 Ft 1 453 Ft/db,https://shop.rossmann.hu/termek/gillette-fusion5-borotvabetetek-ferfi-borotvahoz-8-db
2026-08-21,Rossmann,Gillette,Borotválkozás & testápolás,Gillette Fusion5 borotvakészülék 11 db borotvabetéttel 5 pengés - 1 db,1 db,1.0,db,8006540764459,5099.0,16 999 Ft 16 999 Ft/db,https://shop.rossmann.hu/termek/gillette-fusion5-ferfi-borotva-1-db-gillette-borotva-11-db-borotvabetet
2026-08-21,Rossmann,Gillette,Borotválkozás & testápolás,Gillette Fusion5 borotva készülék + 5 db borotvabetéttel - 1 db,1 db,1.0,db,8700216356794,11439.0,14 299 Ft 14 299 Ft/db,https://shop.rossmann.hu/termek/gillette-fusion5-ferfi-borotva-5-db-borotvabetettel-1-db
2026-08-21,Rossmann,Gillette,Borotválkozás & testápolás,Gillette King C. borotvapenge - 10 db,10 db,10.0,db,7702018590179,1581.0,Nincs készleten 1 581 Ft 158 Ft/db,https://shop.rossmann.hu/termek/gillette-king-c-double-edge-borotvabetet-10-db
2026-08-21,Rossmann,Gillette,Borotválkozás & testápolás,Gillette King C.Double Edge borotvakészülék +5 db borotvabetét - 1 db,1 db,1.0,db,7702018590148,7699.0,Nincs készleten 7 699 Ft 7 699 Ft/db,https://shop.rossmann.hu/termek/gillette-king-c-double-edge-borotvakeszulek-5-penge-1-db
2026-08-21,Rossmann,Gillette,Borotválkozás & testápolás,Gillette King C. szakáll trimmer - 1 db,1 db,1.0,db,8700216659659,22999.0,Nincs készleten 22 999 Ft 22 999 Ft/db,https://shop.rossmann.hu/termek/gillette-king-c-szakall-trimmer-1-db
2026-08-21,Rossmann,Gillette,Borotválkozás & testápolás,Gillette Labs borotvagél - 198 ml,198 ml,198.0,ml,8006530215138,1984.0,Nincs készleten 1 984 Ft 10 020 Ft/l,https://shop.rossmann.hu/termek/gillette-labs-rapid-foaming-borotvazsele-borotvazsele-ferfiaknak-198-ml
2026-08-21,Rossmann,Gillette,Borotválkozás & testápolás,Gillette Mach 3 borotvakészülék + 5 borotvabetét - 1 db,1 db,1.0,db,7702018610181,6799.0,8 499 Ft 8 499 Ft/db,https://shop.rossmann.hu/termek/gillette-mach-3-borotvakeszulek-5-betet-1-db-1
2026-08-21,Rossmann,Gillette,Borotválkozás & testápolás,Gillette Mach3 Charcoal borotvabetét - 8 db,8 db,8.0,db,8700216085472,7604.0,Nincs készleten 7 604 Ft 951 Ft/db,https://shop.rossmann.hu/termek/gillette-mach3-charcoal-borotvabetetek-ferfi-borotvahoz-8-db
2026-08-21,Rossmann,Gillette,Borotválkozás & testápolás,Gillette Mach3 Charcoal férfi borotva készülék 6 db borotvabetéttel - 1 db,1 db,1.0,db,8700216399807,7799.0,10 399 Ft 10 399 Ft/db,https://shop.rossmann.hu/termek/gillette-mach3-charcoal-ferfi-borotva-keszulek-6-db-borotvabetettel-1-db
2026-08-21,Rossmann,Gillette,Borotválkozás & testápolás,Gillette Mach3 borotvabetét 3 pengés - 12 db,12 db,12.0,db,8006530028875,9599.0,9 615 Ft 801 Ft/db,https://shop.rossmann.hu/termek/gillette-mach3-ferfi-borotvabetetek-12-gillette-3-penges-borotvabetetek
2026-08-21,Rossmann,Gillette,Borotválkozás & testápolás,Gillette Mach3 Extra Comfort borotvazselé - 200 ml,200 ml,200.0,ml,7702018290994,1450.0,Nincs készleten 1 450 Ft 7 250 Ft/l,https://shop.rossmann.hu/termek/gillette-mach3-irritationdefense-borotvazsele200ml
2026-08-21,Rossmann,Gillette,Borotválkozás & testápolás,Gillette Mach3 Turbo borotvapenge - 4 db,4 db,4.0,db,7702018578955,4791.0,Nincs készleten 4 791 Ft 1 198 Ft/db,https://shop.rossmann.hu/termek/gillette-mach3-turbo-borotvapenge-4-db
2026-08-21,Rossmann,Gillette,Borotválkozás & testápolás,Gillette Proglide borotvabetét - 8 db,8 db,8.0,db,8700216066587,13656.0,Nincs készleten 13 656 Ft 1 707 Ft/db,https://shop.rossmann.hu/termek/gillette-proglide-borotvabetetek-ferfi-borotvahoz-8-db
2026-08-21,Rossmann,Gillette,Borotválkozás & testápolás,Gillette Fusion ProGlide borotvakészülék 10 db borotvabetéttel 5 pengés - 1 db,1 db,1.0,db,8006540764343,5399.0,17 999 Ft 17 999 Ft/db,https://shop.rossmann.hu/termek/gillette-proglide-ferfi-borotva-10-db-borotvabetet
2026-08-21,Rossmann,Gillette,Borotválkozás & testápolás,Gillette Proglide borotvabetét 5 pengés - 12 db,12 db,12.0,db,8006530028882,16387.0,Nincs készleten 16 387 Ft 1 366 Ft/db,https://shop.rossmann.hu/termek/gillette-proglide-ferfi-borotvabetetek-12-borotvabetetek-5-penge-precizios-nyiro
2026-08-21,Rossmann,Gillette Venus,Borotválkozás & testápolás,Gillette Venus Satin Care 2 az 1-ben bőrtisztító + borotvazselé - 190 ml,190 ml,190.0,ml,8001090410887,3771.0,Nincs készleten 3 771 Ft 19 847 Ft/l,https://shop.rossmann.hu/termek/gillette-satin-care-bikini-borotvazsele-190-ml
2026-08-21,Rossmann,Gillette Venus,Borotválkozás & testápolás,Gillette Venus Satin Care bőrnyugtató szérum - 50 ml,50 ml,50.0,ml,8001090410795,4999.0,Nincs készleten 4 999 Ft 99 980 Ft/l,https://shop.rossmann.hu/termek/gillette-satin-care-bikini-borsimito-szerum-50-ml
2026-08-21,Rossmann,Gillette,Borotválkozás & testápolás,Gillette Satin Care borotvazselé E-vitaminnal -200 ml,200 ml,200.0,ml,8006530148108,1413.0,Nincs készleten 1 413 Ft 7 065 Ft/l,https://shop.rossmann.hu/termek/gillette-satin-care-noi-borotvazsele-leheletnyi-e-vitaminnal-a-normal-borre-touch-of-vitamin-e
2026-08-21,Rossmann,Gillette,Borotválkozás & testápolás,Gillette Satin Care Vanília borotvazselé - 200 ml,200 ml,200.0,ml,7702018399567,1413.0,Nincs készleten 1 413 Ft 7 065 Ft/l,https://shop.rossmann.hu/termek/gillette-satin-care-vanillla-dream-borotvazsele-200ml
2026-08-21,Rossmann,Gillette,Borotválkozás & testápolás,Gillette Sensor 3+ férfi borotvakészülék 4 db betéttel - 1 db,1 db,1.0,db,8700216639637,2299.0,Nincs készleten 2 299 Ft 2 299 Ft/db,https://shop.rossmann.hu/termek/gillette-sensor-3-kulonleges-kiadas-ferfi-borotva-es-4-db-borotvabetet
2026-08-21,Rossmann,Gillette,Borotválkozás & testápolás,Gillette Series Sensitive borotvazselé - 200 ml,200 ml,200.0,ml,3014260214692,1320.0,Nincs készleten 1 320 Ft 6 600 Ft/l,https://shop.rossmann.hu/termek/gillette-series-borotvagel-erzekeny-borre-200-ml
2026-08-21,Rossmann,Gillette,Borotválkozás & testápolás,Gillette Series Soothing borotvahab - 250 ml,250 ml,250.0,ml,8006530154710,1094.0,Nincs készleten 1 094 Ft 4 376 Ft/l,https://shop.rossmann.hu/termek/gillette-series-nyugtato-hatasu-borotvahab-aloe-veraval-250ml
2026-08-21,Rossmann,Gillette Venus,Borotválkozás & testápolás,Gillette Simply Venus eldobható borotva - 8 db,8 db,8.0,db,7702018465767,1849.0,Nincs készleten 1 849 Ft 231 Ft/db,https://shop.rossmann.hu/termek/gillette-simply-venus3-noi-eldobhato-borotva-3-penges-8-db
2026-08-21,Rossmann,Gillette Venus,Borotválkozás & testápolás,Gillette Simply Venus eldobható borotva - 6 db,6 db,6.0,db,7702018069316,1365.0,Nincs készleten 1 365 Ft 228 Ft/db,https://shop.rossmann.hu/termek/gillette-simply-venusz-eldobhato-noi-borotva-4-2-6-db
2026-08-21,Rossmann,Gillette,Borotválkozás & testápolás,Gillette Sport Triumph deo gélstift - 70 ml,70 ml,70.0,ml,8006530030458,1560.0,Nincs készleten 1 560 Ft 22 286 Ft/l,https://shop.rossmann.hu/termek/gillette-sport-triumph-izzadasgatlo-gel-ferfiaknak-70-ml
2026-08-21,Rossmann,Gillette Venus,Borotválkozás & testápolás,Gillette Venus Dragonfruit eldobható borotva - 3 db,3 db,3.0,db,7702018615001,1039.0,Nincs készleten 1 039 Ft 346 Ft/db,https://shop.rossmann.hu/termek/gillette-venus-3-dragonfruit-eldobhato-borotva-3-db
2026-08-21,Rossmann,Gillette Venus,Borotválkozás & testápolás,Gillette Venus Dragonfruit eldobható borotva - 6 db,6 db,6.0,db,7702018615063,1889.0,Nincs készleten 1 889 Ft 315 Ft/db,https://shop.rossmann.hu/termek/gillette-venus-3-dragonfruit-eldobhato-borotva-6-db
2026-08-21,Rossmann,Gillette Venus,Borotválkozás & testápolás,Gillette Venus bikini borotvakészülék - 1 db,1 db,1.0,db,8006540816769,5499.0,Nincs készleten 5 499 Ft 5 499 Ft/db,https://shop.rossmann.hu/termek/gillette-venus-bikini-borotva-1-db
2026-08-21,Rossmann,Gillette Venus,Borotválkozás & testápolás,Gillette Venus bikini borotvabetét - 3 db,3 db,3.0,db,8006540816837,4774.0,Nincs készleten 4 774 Ft 1 591 Ft/db,https://shop.rossmann.hu/termek/gillette-venus-bikini-borotvabetet-3-db
2026-08-21,Rossmann,Gillette Venus,Borotválkozás & testápolás,Gillette Venus Smooth borotvabetét - 3 db,3 db,3.0,db,3014260262709,4571.0,Nincs készleten 4 571 Ft 1 143 Ft/db,https://shop.rossmann.hu/termek/gillette-venus-borotvabetet-4db
2026-08-21,Rossmann,Gillette Venus,Borotválkozás & testápolás,Gillette Venus ComfortGlide Breeze borotvabetét - 4 db,4 db,4.0,db,7702018886364,5770.0,Nincs készleten 5 770 Ft 1 443 Ft/db,https://shop.rossmann.hu/termek/gillette-venus-breeze-2az1-ben-borotvabetet-4-db-os-kiszerelesben
2026-08-21,Rossmann,Gillette Venus,Borotválkozás & testápolás,Gillette Venus Comfortglide Breeze borotvakészülék + 2 db borotvabetét - 1 db,1 db,1.0,db,7702018886166,4319.0,5 399 Ft 5 399 Ft/db,https://shop.rossmann.hu/termek/gillette-venus-breeze-3-penges-borotva-2-db-borotvabetet-1-db
2026-08-21,Rossmann,Gillette Venus,Borotválkozás & testápolás,Gillette Venus Care bikini hámlasztó - 177 ml,177 ml,177.0,ml,8001090410924,4999.0,Nincs készleten 4 999 Ft 28 243 Ft/l,https://shop.rossmann.hu/termek/gillette-venus-care-bikini-hamlaszto-177-ml
2026-08-21,Rossmann,Gillette Venus,Borotválkozás & testápolás,Gillette Venus Smooth borotvakészülék + borotvabetét - 5 db,5 db,5.0,db,7702018363490,5519.0,6 899 Ft 6 899 Ft/db,https://shop.rossmann.hu/termek/gillette-venus-classic-borotva-4db-betettel-1-db
2026-08-21,Rossmann,Gillette Venus,Borotválkozás & testápolás,Gillette Venus Comfort Colours eldobható borotva 3 pengés - 8 db,8 db,8.0,db,8006530129954,2085.0,Nincs készleten 2 085 Ft 261 Ft/db,https://shop.rossmann.hu/termek/gillette-venus-comfort-colours-eldobhato-borotva-8-dbcsomag
2026-08-21,Rossmann,Gillette,Borotválkozás & testápolás,Gillette Comfortglide Coconut Scent női borotvabetét 5 pengés - 3 db,3 db,3.0,db,8700216674119,6199.0,Nincs készleten 6 199 Ft 2 066 Ft/db,https://shop.rossmann.hu/termek/gillette-venus-comfortglide-coconut-borotvabetet-3-db
2026-08-21,Rossmann,Gillette Venus,Borotválkozás & testápolás,Gillette Venus ComfortGlide Miami borotvakészülék + borotvatartó - 1 db,1 db,1.0,db,8700216674195,5299.0,Nincs készleten 5 299 Ft 5 299 Ft/db,https://shop.rossmann.hu/termek/gillette-venus-comfortglide-miami-noi-borotva-sugarberry-illattal-1-db
2026-08-21,Rossmann,Gillette Venus,Borotválkozás & testápolás,Gillette Venus ComfortGlide Miami borotvabetét - 3 db,3 db,3.0,db,8700216674164,6199.0,Nincs készleten 6 199 Ft 2 066 Ft/db,https://shop.rossmann.hu/termek/gillette-venus-comfortglide-miami-sugarberry-noi-borotvabetet-3-db
2026-08-21,Rossmann,Gillette Venus,Borotválkozás & testápolás,Gillette Venus ComfortGlide női borotvabetét 3 pengés - 6 db,6 db,6.0,db,8700216969314,7769.0,Nincs készleten 7 769 Ft 1 295 Ft/db,https://shop.rossmann.hu/termek/gillette-venus-comfortglide-noi-borotvabetet-breeze-6-borotvabetetek
2026-08-21,Rossmann,Gillette Venus,Borotválkozás & testápolás,Gillette Venus ComfortGlide Spa Breeze borotvakészülék + 4 borotvabetét - 1 db,1 db,1.0,db,7702018469727,7199.0,8 999 Ft 8 999 Ft/db,https://shop.rossmann.hu/termek/gillette-venus-comfortglide-spa-breeze-borotvakeszulek-5-penges-4-borotvabetet-1-db
2026-08-21,Rossmann,Gillette Venus,Borotválkozás & testápolás,Gillette Venus Extra Smooth borotvabetét - 4 db,4 db,4.0,db,7702018955527,6866.0,Nincs készleten 6 866 Ft 1 717 Ft/db,https://shop.rossmann.hu/termek/gillette-venus-embrace-borotvabetet-noi-borotvahoz-4-db-os-kiszereles
2026-08-21,Rossmann,Gillette Venus,Borotválkozás & testápolás,Gillette Venus Extra Comfort Sensitive eldobható borotva - 6 db,6 db,6.0,db,8006530108256,2309.0,Nincs készleten 2 309 Ft 385 Ft/db,https://shop.rossmann.hu/termek/gillette-venus-extra-comfort-sensitive-eldobhato-borotva-6-dbcsomag
2026-08-21,Rossmann,Gillette Venus,Borotválkozás & testápolás,Gillette Venus Extra Smooth női borotvakészülék 4 db betéttel 5 pengés - 1 db,1 db,1.0,db,8700216969956,10999.0,Nincs készleten 10 999 Ft 10 999 Ft/db,https://shop.rossmann.hu/termek/gillette-venus-extra-smooth-noi-borotva-4-borotvabetetekkel
2026-08-21,Rossmann,Gillette Venus,Borotválkozás & testápolás,Gillette Venus Smooth borotva + 2 db borotvabetét - 1 db,1 db,1.0,db,3014260262693,3592.0,4 490 Ft 4 490 Ft/db,https://shop.rossmann.hu/termek/gillette-venus-noi-borotva-2-borotvabetet
2026-08-21,Rossmann,Gillette Venus,Borotválkozás & testápolás,Gillette Venus Pro ComfortGlide Coco női borotvakészülék 3 db betéttel 5 pengés - 1 db,1 db,1.0,db,8700216970105,9599.0,Nincs készleten 9 599 Ft 9 599 Ft/db,https://shop.rossmann.hu/termek/gillette-venus-pro-comfortglide-kokuszillatu-noi-borotva-1-borotvabetet
2026-08-21,Rossmann,Gillette Venus,Borotválkozás & testápolás,Gillette Venus Pro Comfortglide női borotvabetét 5 pengés - 6 db,6 db,6.0,db,8700216969253,10579.0,Nincs készleten 10 579 Ft 1 763 Ft/db,https://shop.rossmann.hu/termek/gillette-venus-pro-comfortglide-sugarberryillatu-noi-borotvabetet-6-borotvabetetek
2026-08-21,Rossmann,Gillette Venus,Borotválkozás & testápolás,Gillette Venus Pro Smooth Sensitive női borotvabetét érzékeny bőrre 5 pengés - 3 db,3 db,3.0,db,8700216968928,6487.0,Nincs készleten 6 487 Ft 2 162 Ft/db,https://shop.rossmann.hu/termek/gillette-venus-pro-smooth-sensitive-noi-borotvabetet-erzekeny-borre-3-borotvabetetek
2026-08-21,Rossmann,Gillette Venus,Borotválkozás & testápolás,Gillette Venus Smooth női borotvabetét - 8 db,8 db,8.0,db,8700216969031,7335.0,Nincs készleten 7 335 Ft 917 Ft/db,https://shop.rossmann.hu/termek/gillette-venus-smooth-noi-borotvabetet-8-borotvabetet
2026-08-21,Rossmann,Gillette Venus,Borotválkozás & testápolás,Gillette Venus eldobható borotva - 6 db,6 db,6.0,db,7702018426201,1889.0,Nincs készleten 1 889 Ft 315 Ft/db,https://shop.rossmann.hu/termek/gillette-venus3-eldobhato-borotva-3-penges-6-db
2026-08-21,Rossmann,Gillette Venus,Borotválkozás & testápolás,Gillette Venus Sensitive eldobható borotva - 6 db,6 db,6.0,db,7702018487158,1889.0,Nincs készleten 1 889 Ft 315 Ft/db,https://shop.rossmann.hu/termek/gillette-venus3-sensitive-3-penges-eldobhato-borotva-6-db
2026-08-21,Rossmann,Gillette,Borotválkozás & testápolás,Gillette Labs borotvabetét 5 pengés - 4 db,4 db,4.0,db,8006530277846,8292.0,Nincs készleten 8 292 Ft 2 073 Ft/db,https://shop.rossmann.hu/termek/gillettelabs-4-borotvabetetet-tartalmazo-csomag
2026-08-21,Rossmann,Gillette,Borotválkozás & testápolás,Gillette Labs borotvabetét 5 pengés - 8 db,8 db,8.0,db,8006530277907,14158.0,Nincs készleten 14 158 Ft 1 770 Ft/db,https://shop.rossmann.hu/termek/gillettelabs-8-borotvabetetet-tartalmazo-csomag
2026-08-21,Rossmann,Gillette,Borotválkozás & testápolás,Gillette Labs borotvakészülék 1 db borotvabetéttel 5 pengés - 1 db,1 db,1.0,db,8006530112406,6599.0,Nincs készleten 6 599 Ft 6 599 Ft/db,https://shop.rossmann.hu/termek/gillettelabs-borotva-borradirral-1-db-markolat-1-db-borotvabetet-1-db-fali-borotvatarto
2026-08-21,Rossmann,Gillette,Borotválkozás & testápolás,Gillette Labs borotvakészülék 3 db betéttel 5 pengés - 1 db,1 db,1.0,db,8006530112529,9199.0,11 499 Ft 11 499 Ft/db,https://shop.rossmann.hu/termek/gillettelabs-ferfi-borotva-borradirral-1-db
2026-08-21,Rossmann,Gillette Venus,Borotválkozás & testápolás,Gillette Venus Tropical eldobható borotva - 3 db,3 db,3.0,db,7702018426263,1632.0,Nincs készleten 1 632 Ft 544 Ft/db,https://shop.rossmann.hu/termek/gilette-venus-tropical-eldobhato-borotva-3-db
2026-08-21,Rossmann,Gillette Venus,Borotválkozás & testápolás,Venus Comfortglide Sugarberry borotvakészülék + 1 db betét - 1 db,1 db,1.0,db,8700216130516,4999.0,Nincs készleten 4 999 Ft 4 999 Ft/db,https://shop.rossmann.hu/termek/venus-comfortglide-sugarberry-plus-olay-borotvakeszulek-1-db-betet-1-db
2026-08-21,Rossmann,Gillette Venus,Borotválkozás & testápolás,Gillette Venus Extra Smooth borotvakészülék + 1 db borotvabetét - 1 db,1 db,1.0,db,7702018323012,5299.0,Nincs készleten 5 299 Ft 5 299 Ft/db,https://shop.rossmann.hu/termek/venus-embrace-borotva-borotvabetet-1-db-1
2026-08-21,Rossmann,Gillette Venus,Borotválkozás & testápolás,Gillette Venus Deluxe Smooth Sensitive borotvakészülék + 3 borotvabetét - 1 db,1 db,1.0,db,7702018609994,8999.0,Nincs készleten 8 999 Ft 8 999 Ft/db,https://shop.rossmann.hu/termek/venus-embrace-noi-borotva-1-db
2026-08-21,Rossmann,Gillette Venus,Borotválkozás & testápolás,Venus Extra Comfort Miami eldobható borotva 3 pengés - 3 db,3 db,3.0,db,8700216756884,1632.0,Nincs készleten 1 632 Ft 544 Ft/db,https://shop.rossmann.hu/termek/venus-smooth-miami-eldobhato-borotva-3-db
2026-08-21,Rossmann,Gillette Venus,Borotválkozás & testápolás,Venus Smooth Miami eldobható borotva - 6 db,6 db,6.0,db,8700216756907,2138.0,Nincs készleten 2 138 Ft 356 Ft/db,https://shop.rossmann.hu/termek/venus-smooth-miami-eldobhato-borotva-6-db
2026-08-21,Rossmann,Braun,Borotválkozás & testápolás,Braun FS1000 női elektromos szőrtelenítő - 1 db,1 db,1.0,db,8006530193863,12999.0,Nincs készleten 12 999 Ft 12 999 Ft/db,https://shop.rossmann.hu/termek/braun-fs1000-noi-elektromos-szortelenito-1-db
2026-08-21,Rossmann,Braun,Borotválkozás & testápolás,Braun All-in-One Series 5 multifunkciós szőrtelenítőkészlet férfiaknak - 1 db,1 db,1.0,db,8700216429160,26999.0,Nincs készleten 26 999 Ft 26 999 Ft/db,https://shop.rossmann.hu/termek/braun-series-5-multifunkcios-keszlet-7-az-1-ben-szortelenito-eles-penge-testszornyiras-aio5520
2026-08-21,Rossmann,Braun,Borotválkozás & testápolás,Braun BS1000 mini trimmelő - 1 db,1 db,1.0,db,4210201313922,13999.0,Nincs készleten 13 999 Ft 13 999 Ft/db,https://shop.rossmann.hu/termek/braun-bs1000-mini-trimmelo-1-db
2026-08-21,Rossmann,Braun,Borotválkozás & testápolás,Braun IPL Silk-expert Mini szőrtelenítő készülék PL1100 /pink - 1 db,1 db,1.0,db,8006530145558,139999.0,Nincs készleten 139 999 Ft 139 999 Ft/db,https://shop.rossmann.hu/termek/braun-ipl-silk-expert-mini-otthoni-szortelenites-pl1100
2026-08-21,Rossmann,Braun,Borotválkozás & testápolás,Braun IPL Silk-expert Pro 5 szőrtelenítő készülék PL5210 /gold - 1 db,1 db,1.0,db,8700216937481,235999.0,Nincs készleten 235 999 Ft 235 999 Ft/db,https://shop.rossmann.hu/termek/braun-ipl-silk-expert-pro-5-szortelenites-otthoni-kezelessel-2-tartozekfej-pl5210
2026-08-21,Rossmann,Braun,Borotválkozás & testápolás,Braun Series 3 All in One 3560 szakállvágó - 1 db,1 db,1.0,db,8700216429511,27499.0,Nincs készleten 27 499 Ft 27 499 Ft/db,https://shop.rossmann.hu/termek/braun-series-3-10-az-1-ben-formazokeszlet-eles-penge-14-hosszbeallitas-aio3560-fekete
2026-08-21,Rossmann,Braun,Borotválkozás & testápolás,Braun Series 3 BT3500 szakállvágó /fekete - 1 db,1 db,1.0,db,8700216428262,19499.0,Nincs készleten 19 499 Ft 19 499 Ft/db,https://shop.rossmann.hu/termek/braun-series-3-szakallvago-bt3500-fekete-1-db
2026-08-21,Rossmann,Braun,Borotválkozás & testápolás,Braun Series 5 All in One 5540 szakállvágó - 1 db,1 db,1.0,db,8700216429504,28499.0,Nincs készleten 28 499 Ft 28 499 Ft/db,https://shop.rossmann.hu/termek/braun-series-5-multifunkcios-keszlet-9-az-1-ben-szortelenito-eles-penge-testszornyiras-aio5540
2026-08-21,Rossmann,Braun,Borotválkozás & testápolás,Braun Series 5 elektromos borotva - 1 db,1 db,1.0,db,8700216645782,47999.0,Nincs készleten 47 999 Ft 47 999 Ft/db,https://shop.rossmann.hu/termek/braun-series-6-elektromos-borotva-akar-50-perc-52-a1000s-azur
2026-08-21,Rossmann,Braun,Borotválkozás & testápolás,Braun Series 5 hajvágó HC5510 - 1 db,1 db,1.0,db,4987176251039,29899.0,Nincs készleten 29 899 Ft 29 899 Ft/db,https://shop.rossmann.hu/termek/braun-series-5-hajvago-hc5510-1-db
2026-08-21,Rossmann,Braun,Borotválkozás & testápolás,Braun Series 7 BT7540 szakállvágó /kék - 1 db,1 db,1.0,db,8700216428415,47399.0,Nincs készleten 47 399 Ft 47 399 Ft/db,https://shop.rossmann.hu/termek/braun-series-7-szakallvago-bt7540-kek-1-db
2026-08-21,Rossmann,Braun,Borotválkozás & testápolás,Braun Series 9 PRO+ elektromos borotva férfiaknak - 1db,1 db,1.0,db,8700216555081,226999.0,Nincs készleten 226 999 Ft 226 999 Ft/db,https://shop.rossmann.hu/termek/braun-series-9-pro-elektromos-borotva-smartcare-egyseg-9667cc-ezust
2026-08-21,Rossmann,Braun,Borotválkozás & testápolás,Braun Series X XT20 pótfej - 1 db,1 db,1.0,db,7500435205979,5797.0,Nincs készleten 5 797 Ft 5 797 Ft/db,https://shop.rossmann.hu/termek/braun-series-x-borotva-potfej-1-db
2026-08-21,Rossmann,Braun,Borotválkozás & testápolás,Braun Silk·épil 3 vezetékes epilátor /rózsaszín - 1 db,1 db,1.0,db,8700216962988,20999.0,Nincs készleten 20 999 Ft 20 999 Ft/db,https://shop.rossmann.hu/termek/braun-silkepil-3-vezetekes-epilator-tartosan-sima-bor-3-000-rozsaszin
2026-08-21,Rossmann,Braun,Borotválkozás & testápolás,Braun Silk·épil 5 epilátor 5-050 - 1 db,1 db,1.0,db,7500435225038,41999.0,Nincs készleten 41 999 Ft 41 999 Ft/db,https://shop.rossmann.hu/termek/braun-silkepil-5-wet-dry-epilator-tartosan-sima-bor-5-050-flamingorozsaszin
2026-08-21,Rossmann,Braun,Borotválkozás & testápolás,Braun Silk·épil 9 Flex Wet & Dry epilátor 9-030 - 1 db,1 db,1.0,db,8700216963206,107999.0,Nincs készleten 107 999 Ft 107 999 Ft/db,https://shop.rossmann.hu/termek/braun-silkepil-9-flex-wet-dry-epilator-tartosan-sima-bor-9-030-3d-arany
2026-08-21,Rossmann,Braun,Borotválkozás & testápolás,Braun XT5100 szakállvágó - 1 db,1 db,1.0,db,8001090794987,23999.0,Nincs készleten 23 999 Ft 23 999 Ft/db,https://shop.rossmann.hu/termek/braun-xt5100-szakallvago-1-db
2026-08-21,Rossmann,Oral-B,Szájápolás,Oral-B Pro Series 1 elektromos fogkefe /fekete - 1 db,1 db,1.0,db,8700216022101,20499.0,Nincs készleten 20 499 Ft 20 499 Ft/db,https://shop.rossmann.hu/termek/oral-b-pro-series-1-elektromos-fogkefe-fekete-braun-tervezessel
2026-08-21,Rossmann,Old Spice,Borotválkozás & testápolás,Old Spice Captain deo spray - 250 ml,250 ml,250.0,ml,8700216875714,1889.0,2 044 Ft 8 176 Ft/l,https://shop.rossmann.hu/termek/old-spice-captain-deo-spray-250-ml
2026-08-21,Rossmann,Old Spice,Borotválkozás & testápolás,Old Spice Captain deo stift - 85 ml,85 ml,85.0,ml,8700216879866,1889.0,2 044 Ft 24 047 Ft/l,https://shop.rossmann.hu/termek/old-spice-captain-deo-stift-85-ml
2026-08-21,Rossmann,Old Spice,Borotválkozás & testápolás,Old Spice Captain tusfürdő - 675 ml,675 ml,675.0,ml,8006540280140,2223.0,Nincs készleten 2 223 Ft 3 293 Ft/l,https://shop.rossmann.hu/termek/old-spice-captain-tusfurdo-675-ml
2026-08-21,Rossmann,Old Spice,Borotválkozás & testápolás,Old Spice Cold Spice 3 az 1-ben tusfürdő - 1000 ml,1000 ml,1000.0,ml,8006530139021,2999.0,3 393 Ft 3 393 Ft/l,https://shop.rossmann.hu/termek/old-spice-cold-spice-ferfi-3-az-1-ben-arcmoso-tusfurdo-es-sampon-1000-ml
2026-08-21,Rossmann,Old Spice,Borotválkozás & testápolás,Old Spice Deep Sea tusfürdő - 1000 ml,1000 ml,1000.0,ml,8700216452755,2999.0,3 388 Ft 3 388 Ft/l,https://shop.rossmann.hu/termek/old-spice-deep-sea-ferfi-tusfurdo-1000-ml
2026-08-21,Rossmann,Old Spice,Borotválkozás & testápolás,Old Spice Deep Sea tusfürdő - 400 ml,400 ml,400.0,ml,8001841326153,1400.0,Nincs készleten 1 400 Ft 3 500 Ft/l,https://shop.rossmann.hu/termek/old-spice-tusfurdo-deep-sea-400-ml
2026-08-21,Rossmann,Old Spice,Borotválkozás & testápolás,Old Spice Deo Stift Whitewater Triopack 3 x 50 ml - 150 ml,150 ml,150.0,ml,8006530118958,3233.0,Nincs készleten 3 233 Ft 21 553 Ft/l,https://shop.rossmann.hu/termek/old-spice-deo-stift-whitewater-triopack-3-x-50-ml-150-ml-1
2026-08-21,Rossmann,Old Spice,Borotválkozás & testápolás,Old Spice Epic Legend tusfürdő - 400 ml,400 ml,400.0,ml,8700216611046,1400.0,Nincs készleten 1 400 Ft 3 500 Ft/l,https://shop.rossmann.hu/termek/old-spice-epic-ferfi-3-az-1-ben-sampon-es-tusfurdo-400-ml
2026-08-21,Rossmann,Old Spice,Borotválkozás & testápolás,Old Spice Oasis deo stift - 65 ml,65 ml,65.0,ml,8700216685474,1770.0,Nincs készleten 1 770 Ft 27 231 Ft/l,https://shop.rossmann.hu/termek/old-spice-oasis-stift-dezodor-ferfiaknak-65-ml
2026-08-21,Rossmann,Old Spice,Borotválkozás & testápolás,Old Spice Oasis stift dezodor és Original borotválkozás utáni arcszesz - 165 ml,165 ml,165.0,ml,2000002673125,5999.0,Nincs készleten 5 999 Ft 36 358 Ft/l,https://shop.rossmann.hu/termek/old-spice-oasis-stift-dezodor-es-original-borotvalkozas-utani-arcszesz-165-ml
2026-08-21,Rossmann,Old Spice,Borotválkozás & testápolás,Old Spice Oasis tusfürdő - 400 ml,400 ml,400.0,ml,8006540838761,1400.0,Nincs készleten 1 400 Ft 3 500 Ft/l,https://shop.rossmann.hu/termek/old-spice-oasis-tusfurdo-es-sampon-400-ml
2026-08-21,Rossmann,Old Spice,Borotválkozás & testápolás,Old Spice Original borotválkozás utáni arcszesz - 100 ml,100 ml,100.0,ml,5011321772335,3499.0,Nincs készleten 3 499 Ft 34 990 Ft/l,https://shop.rossmann.hu/termek/old-spice-original-borotvalkozas-utani-arcszesz-100-ml
2026-08-21,Rossmann,Old Spice,Borotválkozás & testápolás,Old Spice Rockstar deo stift - 65 ml,65 ml,65.0,ml,8700216685351,1770.0,Nincs készleten 1 770 Ft 27 231 Ft/l,https://shop.rossmann.hu/termek/old-spice-stick-dezodor-65-ml
2026-08-21,Rossmann,Old Spice,Borotválkozás & testápolás,Old Spice Rockstar tusfürdő - 1000 ml,1000 ml,1000.0,ml,8006530074001,2999.0,3 388 Ft 3 388 Ft/l,https://shop.rossmann.hu/termek/old-spice-rockstar-ferfi-3-az-1-ben-sampon-es-tusfurdo-1000-ml
2026-08-21,Rossmann,Old Spice,Borotválkozás & testápolás,Old Spice Whitewater tusfürdő - 1000 ml,1000 ml,1000.0,ml,8006540818862,2999.0,3 388 Ft 3 388 Ft/l,https://shop.rossmann.hu/termek/old-spice-whitewater-tusfurdo-1000-ml
2026-08-21,Rossmann,Old Spice,Borotválkozás & testápolás,Old Spice Whitewater tusfürdő - 675 ml,675 ml,675.0,ml,8006540280195,2223.0,Nincs készleten 2 223 Ft 3 293 Ft/l,https://shop.rossmann.hu/termek/old-spice-whitewater-tusfurdo-675-ml
2026-08-21,Rossmann,Old Spice,Borotválkozás & testápolás,Old Spice Whitewater tusfürdő - 400 ml,400 ml,400.0,ml,8700216856812,1400.0,Nincs készleten 1 400 Ft 3 500 Ft/l,https://shop.rossmann.hu/termek/old-spice-whitewater-tusfurdo-ferfiaknak-400-ml
2026-08-21,Rossmann,Old Spice,Borotválkozás & testápolás,Old spice Bearglove tusfürdő - 675 ml,675 ml,675.0,ml,8006540651063,2223.0,Nincs készleten 2 223 Ft 3 293 Ft/l,https://shop.rossmann.hu/termek/old-spice-bearglove-tusfurdo-675-ml
2026-08-21,Rossmann,Old Spice,Borotválkozás & testápolás,Old Spice Wolfthorn deo stift - 85 ml,85 ml,85.0,ml,8700216879835,1889.0,2 044 Ft 24 047 Ft/l,https://shop.rossmann.hu/termek/old-spice-wolfthorn-deo-stift-85-ml
2026-08-21,Rossmann,Old Spice,Borotválkozás & testápolás,Old Spice Cold Spice deo gélstift - 70 ml,70 ml,70.0,ml,8006530155557,1675.0,1 702 Ft 24 314 Ft/l,https://shop.rossmann.hu/termek/old-spice-cold-spice-ferfi-izzadasgatlo-geldezodor-70-ml
2026-08-21,Rossmann,Old Spice,Borotválkozás & testápolás,Old Spice Cold Spice 3in1 tusfürdő - 400 ml,400 ml,400.0,ml,8006530139311,1429.0,Nincs készleten 1 429 Ft 3 573 Ft/l,https://shop.rossmann.hu/termek/old-spice-cold-spice-ferfi-3-az-1-ben-arcmoso-tusfurdo-es-sampon-400-ml
2026-08-21,Rossmann,Old Spice,Borotválkozás & testápolás,Old Spice Whitewater deo stift - 85 ml,85 ml,85.0,ml,8700216357814,1889.0,2 044 Ft 24 047 Ft/l,https://shop.rossmann.hu/termek/old-spice-whitewater-deo-stift-85-ml
2026-08-21,Rossmann,Old Spice,Borotválkozás & testápolás,Old Spice Cold Spice spray - 150 ml,150 ml,150.0,ml,8006530101608,1375.0,Nincs készleten 1 375 Ft 9 167 Ft/l,https://shop.rossmann.hu/termek/old-spice-cold-spice-ferfi-izzadasgatlo-spray-150-ml
2026-08-21,Rossmann,Old Spice,Borotválkozás & testápolás,Old Spice Captain tusfürdő - 1000 ml,1000 ml,1000.0,ml,8006540818824,2999.0,3 388 Ft 3 388 Ft/l,https://shop.rossmann.hu/termek/old-spice-captain-tusfurdo-1000-ml
2026-08-21,Rossmann,Old Spice,Borotválkozás & testápolás,Ambi Pur Old Spice autóillatosító - 2 db,2 db,2.0,db,8001841748757,3199.0,Nincs készleten 3 199 Ft 799 750 Ft/l,https://shop.rossmann.hu/termek/ambi-pur-car-old-spice-autoillatosito-kezdokeszlet-2-db
2026-08-21,Rossmann,Old Spice,Borotválkozás & testápolás,Old Spice Rockstar Big deo spray - 250 ml,250 ml,250.0,ml,8006530342650,1889.0,2 044 Ft 8 176 Ft/l,https://shop.rossmann.hu/termek/ferfi-dezodor-2-ml-old-spice-tomorrowland-special-edition-2026-spray
2026-08-21,Rossmann,Old Spice,Borotválkozás & testápolás,Old Spice Rockstar Big deo stift - 85 ml,85 ml,85.0,ml,8006530345729,1889.0,2 044 Ft 24 047 Ft/l,https://shop.rossmann.hu/termek/ferfi-dezodor-2-ml-old-spice-tomorrowland-special-edition-2026-stift
2026-08-21,Rossmann,Old Spice,Borotválkozás & testápolás,Old Spice Bearglove deo spray - 200 ml,200 ml,200.0,ml,8700216634052,1770.0,Nincs készleten 1 770 Ft 8 850 Ft/l,https://shop.rossmann.hu/termek/old-spice-bearglove-dezodor-spray-ferfiaknak-200-ml
2026-08-21,Rossmann,Old Spice,Borotválkozás & testápolás,Old Spice Bearglove deo spray - 250 ml,250 ml,250.0,ml,8700216752497,1889.0,2 044 Ft 8 176 Ft/l,https://shop.rossmann.hu/termek/old-spice-bearglove-dezodor-spray-ferfiaknak-250-ml
2026-08-21,Rossmann,Old Spice,Borotválkozás & testápolás,Old Spice Bearglove 3 az 1-ben sampon és tusfürdő - 1000 ml,1000 ml,1000.0,ml,8700216610933,2999.0,3 388 Ft 3 388 Ft/l,https://shop.rossmann.hu/termek/old-spice-bearglove-ferfi-3-az-1-ben-sampon-es-tusfurdo-1000-ml
2026-08-21,Rossmann,Old Spice,Borotválkozás & testápolás,Old Spice Bearglove tusfürdő - 400 ml,400 ml,400.0,ml,8001090533869,1400.0,Nincs készleten 1 400 Ft 3 500 Ft/l,https://shop.rossmann.hu/termek/old-spice-bearglove-ferfi-tusfurdo-400-ml
2026-08-21,Rossmann,Old Spice,Borotválkozás & testápolás,Old Spice Bearglove deo stift - 85 ml,85 ml,85.0,ml,8700216752466,1889.0,2 044 Ft 24 047 Ft/l,https://shop.rossmann.hu/termek/old-spice-bearglove-stick-dezodor-85-ml
2026-08-21,Rossmann,Old Spice,Borotválkozás & testápolás,Old Spice Bearglove deo stift - 65 ml,65 ml,65.0,ml,8700216685429,1770.0,Nincs készleten 1 770 Ft 27 231 Ft/l,https://shop.rossmann.hu/termek/old-spice-bearglove-stift-dezodor-ferfiaknak-65-ml
2026-08-21,Rossmann,Old Spice,Borotválkozás & testápolás,Old Spice Captain deo spray - 200 ml,200 ml,200.0,ml,8700216633956,1770.0,Nincs készleten 1 770 Ft 8 850 Ft/l,https://shop.rossmann.hu/termek/old-spice-captain-dezodor-spray-ferfiaknak-200-ml
2026-08-21,Rossmann,Old Spice,Borotválkozás & testápolás,Old Spice Captain deo gélstift - 70 ml,70 ml,70.0,ml,8006530030397,1675.0,1 702 Ft 24 314 Ft/l,https://shop.rossmann.hu/termek/old-spice-captain-izzadasgatlo-gel-ferfiaknak-70-ml
2026-08-21,Rossmann,Old Spice,Borotválkozás & testápolás,Old Spice Captain deo stift - 65 ml,65 ml,65.0,ml,8700216685535,1770.0,Nincs készleten 1 770 Ft 27 231 Ft/l,https://shop.rossmann.hu/termek/old-spice-captain-stift-dezodor-ferfiaknak-65-ml
2026-08-21,Rossmann,Old Spice,Borotválkozás & testápolás,Old Spice Deep Sea deo spray - 250 ml,250 ml,250.0,ml,8700216275781,1889.0,2 044 Ft 8 176 Ft/l,https://shop.rossmann.hu/termek/old-spice-deep-sea-deo-spray-ferfiaknak-250-ml
2026-08-21,Rossmann,Old Spice,Borotválkozás & testápolás,Old Spice Deep Sea deo spary - 200 ml,200 ml,200.0,ml,8700216634366,1770.0,Nincs készleten 1 770 Ft 8 850 Ft/l,https://shop.rossmann.hu/termek/old-spice-deep-sea-dezodor-spray-ferfiaknak-200-ml
2026-08-21,Rossmann,Old Spice,Borotválkozás & testápolás,Old Spice Deep Sea tusfürdő - 675 ml,675 ml,675.0,ml,8700216011365,2223.0,Nincs készleten 2 223 Ft 3 293 Ft/l,https://shop.rossmann.hu/termek/old-spice-deep-sea-ferfi-sampon-es-tusfurdo-hosszan-tarto-frissesseg-675-ml
2026-08-21,Rossmann,Old Spice,Borotválkozás & testápolás,Old Spice Deep Sea deo stift - 85 ml,85 ml,85.0,ml,8006540955871,1889.0,2 044 Ft 24 047 Ft/l,https://shop.rossmann.hu/termek/old-spice-deep-sea-ferfi-stift-dezodor-85-ml
2026-08-21,Rossmann,Old Spice,Borotválkozás & testápolás,Old Spice Deep Sea deo stift - 65 ml,65 ml,65.0,ml,8700216685382,1770.0,Nincs készleten 1 770 Ft 27 231 Ft/l,https://shop.rossmann.hu/termek/old-spice-deep-sea-stift-dezodor-ferfiaknak-65-ml
2026-08-21,Rossmann,Old Spice,Borotválkozás & testápolás,Old Spice Rockstar deo spray - 200 ml,200 ml,200.0,ml,8700216634243,1770.0,Nincs készleten 1 770 Ft 8 850 Ft/l,https://shop.rossmann.hu/termek/old-spice-dezodor-spray-200-ml
2026-08-21,Rossmann,Old Spice,Borotválkozás & testápolás,Old Spice Epic 3 az 1-ben sampon és tusfürdő - 1000 ml,1000 ml,1000.0,ml,8006530074018,2999.0,3 388 Ft 3 388 Ft/l,https://shop.rossmann.hu/termek/old-spice-epic-ferfi-3-az-1-ben-sampon-es-tusfurdo-1000-ml
2026-08-21,Rossmann,Old Spice,Borotválkozás & testápolás,Old Spice Epic Legend deo spray - 200 ml,200 ml,200.0,ml,8700216634335,1770.0,Nincs készleten 1 770 Ft 8 850 Ft/l,https://shop.rossmann.hu/termek/old-spice-epic-legend-dezodor-spray-ferfiaknak-200-ml
2026-08-21,Rossmann,Old Spice,Borotválkozás & testápolás,Old Spice Epic Legend deo stift - 65 ml,65 ml,65.0,ml,8700216685306,1770.0,Nincs készleten 1 770 Ft 27 231 Ft/l,https://shop.rossmann.hu/termek/old-spice-epic-legend-stift-dezodor-ferfiaknak-65-ml
2026-08-21,Rossmann,Old Spice,Borotválkozás & testápolás,Old Spice Night Panther deo spray - 250 ml,250 ml,250.0,ml,8700216752459,1889.0,2 044 Ft 8 176 Ft/l,https://shop.rossmann.hu/termek/old-spice-night-panther-deo-spray-ferfiaknak-250-ml
2026-08-21,Rossmann,Old Spice,Borotválkozás & testápolás,Old Spice Night Panther 3 az 1-ben sampon és tusfürdő - 675 ml,675 ml,675.0,ml,8700216011341,2223.0,Nincs készleten 2 223 Ft 3 293 Ft/l,https://shop.rossmann.hu/termek/old-spice-night-panther-ferfi-3-az-1-ben-sampon-es-tusfurdo-675-ml
2026-08-21,Rossmann,Old Spice,Borotválkozás & testápolás,Old Spice Night Panther tusfürdő - 1000 ml,1000 ml,1000.0,ml,8700216452670,2999.0,3 388 Ft 3 388 Ft/l,https://shop.rossmann.hu/termek/old-spice-night-panther-ferfi-sampon-es-tusfurdo-1000-ml
2026-08-21,Rossmann,Old Spice,Borotválkozás & testápolás,Old Spice Night Panther deo stift - 85 ml,85 ml,85.0,ml,8700216752527,1889.0,2 044 Ft 24 047 Ft/l,https://shop.rossmann.hu/termek/old-spice-night-panther-ferfi-stift-dezodor-85-ml
2026-08-21,Rossmann,Old Spice,Borotválkozás & testápolás,Old Spice Oasis deo stift - 3 db,3 db,3.0,db,8700216827225,3233.0,Nincs készleten 3 233 Ft 21 553 Ft/l,https://shop.rossmann.hu/termek/old-spice-oasis-stift-stift-dezodor-3-db-150-ml
2026-08-21,Rossmann,Old Spice,Borotválkozás & testápolás,Old Spice Original deo spray - 200 ml,200 ml,200.0,ml,8700216634458,1770.0,Nincs készleten 1 770 Ft 8 850 Ft/l,https://shop.rossmann.hu/termek/old-spice-original-dezodor-spray-ferfiaknak-200-ml
2026-08-21,Rossmann,Old Spice,Borotválkozás & testápolás,Old Spice Original deo stift - 65 ml,65 ml,65.0,ml,8700216685283,1770.0,Nincs készleten 1 770 Ft 27 231 Ft/l,https://shop.rossmann.hu/termek/old-spice-original-stift-dezodor-ferfiaknak-65-ml
2026-08-21,Rossmann,Old Spice,Borotválkozás & testápolás,Old Spice Rockstar tusfürdő - 400 ml,400 ml,400.0,ml,8700216232746,1400.0,Nincs készleten 1 400 Ft 3 500 Ft/l,https://shop.rossmann.hu/termek/old-spice-rockstart-tusfurdo-400-ml
2026-08-21,Rossmann,Old Spice,Borotválkozás & testápolás,Old Spice Tiger Claw deo spray - 200 ml,200 ml,200.0,ml,8700216634168,1770.0,Nincs készleten 1 770 Ft 8 850 Ft/l,https://shop.rossmann.hu/termek/old-spice-tiger-claw-deo-spray-ferfiaknak-200-ml
2026-08-21,Rossmann,Old Spice,Borotválkozás & testápolás,Old Spice Tiger Claw deo stift - 65 ml,65 ml,65.0,ml,8700216685207,1770.0,Nincs készleten 1 770 Ft 27 231 Ft/l,https://shop.rossmann.hu/termek/old-spice-tiger-claw-ferfi-stift-dezodor-65-ml
2026-08-21,Rossmann,Old Spice,Borotválkozás & testápolás,Old Spice Tiger Claw tusfürdő - 400 ml,400 ml,400.0,ml,8006540456484,1400.0,Nincs készleten 1 400 Ft 3 500 Ft/l,https://shop.rossmann.hu/termek/old-spice-tigerclaw-tusfurdo-400-ml
2026-08-21,Rossmann,Old Spice,Borotválkozás & testápolás,Old Spice Captain tusfürdő - 400 ml,400 ml,400.0,ml,8700216859820,1400.0,Nincs készleten 1 400 Ft 3 500 Ft/l,https://shop.rossmann.hu/termek/old-spice-tusfurdo-captain-400-ml
2026-08-21,Rossmann,Old Spice,Borotválkozás & testápolás,Old Spice Whitewater deo spray - 250 ml,250 ml,250.0,ml,8700216875677,1889.0,2 044 Ft 8 176 Ft/l,https://shop.rossmann.hu/termek/old-spice-whitewater-dezodor-250-ml
2026-08-21,Rossmann,Old Spice,Borotválkozás & testápolás,Old Spice Whitewater deo spray - 200 ml,200 ml,200.0,ml,8700216634212,1770.0,Nincs készleten 1 770 Ft 8 850 Ft/l,https://shop.rossmann.hu/termek/old-spice-whitewater-dezodor-spray-ferfiaknak-200-ml
2026-08-21,Rossmann,Old Spice,Borotválkozás & testápolás,Old Spice Whitewater deo gélstift - 70 ml,70 ml,70.0,ml,8006530030014,1675.0,1 702 Ft 24 314 Ft/l,https://shop.rossmann.hu/termek/old-spice-whitewater-izzadasgatlo-gel-stift-ferfiaknak-70-ml
2026-08-21,Rossmann,Old Spice,Borotválkozás & testápolás,Old Spice Whitewater deo stift - 65 ml,65 ml,65.0,ml,8700216685177,1770.0,Nincs készleten 1 770 Ft 27 231 Ft/l,https://shop.rossmann.hu/termek/old-spice-whitewater-stift-dezodor-ferfiaknak-65-ml
2026-08-21,Rossmann,Old Spice,Borotválkozás & testápolás,Old Spice Wolfthorn deo spray - 250 ml,250 ml,250.0,ml,8700216875738,1889.0,2 044 Ft 8 176 Ft/l,https://shop.rossmann.hu/termek/old-spice-wolfthorn-dezodor-250-ml
2026-08-21,Rossmann,Old Spice,Borotválkozás & testápolás,Old Spice Wolfthorn deo spray - 200 ml,200 ml,200.0,ml,8700216634403,1770.0,Nincs készleten 1 770 Ft 8 850 Ft/l,https://shop.rossmann.hu/termek/old-spice-wolfthorn-dezodor-spray-ferfiaknak-200-ml
2026-08-21,Rossmann,Old Spice,Borotválkozás & testápolás,Old Spice Wolfthorn tusfürdő - 1000 ml,1000 ml,1000.0,ml,8700216452588,2999.0,3 388 Ft 3 388 Ft/l,https://shop.rossmann.hu/termek/old-spice-wolfthorn-ferfi-tusfurdo-1000-ml
2026-08-21,Rossmann,Old Spice,Borotválkozás & testápolás,Old Spice Wolfthorn deo stift - 65 ml,65 ml,65.0,ml,8700216685504,1770.0,Nincs készleten 1 770 Ft 27 231 Ft/l,https://shop.rossmann.hu/termek/old-spice-wolfthorn-stift-dezodor-ferfiaknak-65-ml
2026-08-21,Rossmann,Old Spice,Borotválkozás & testápolás,Old Spice Wolfthorn tusfürdő - 400 ml,400 ml,400.0,ml,4084500978973,1429.0,Nincs készleten 1 429 Ft 3 573 Ft/l,https://shop.rossmann.hu/termek/old-spice-wolfthorn-tusfurdo-400-ml
2026-08-21,Rossmann,Oral-B,Szájápolás,Oral-B KIDS 0+ fogkefe - 1 db,1 db,1.0,db,8700216749497,828.0,Nincs készleten 828 Ft 828 Ft/db,https://shop.rossmann.hu/termek/oral-b-stages-3-disney-pixar-fogkefe-wall-e-disney-hercegno-dizajnnal-5-7-eves-gyermekek-szamara
2026-08-21,Rossmann,Oral-B,Szájápolás,Oral-B Pro 1 – 790 elektromos fogkefe - 2 db,2 db,2.0,db,8006540789193,34999.0,Nincs készleten 34 999 Ft 17 500 Ft/db,https://shop.rossmann.hu/termek/oral-b-pro-1-790-elektromos-fogkefe-2-db
2026-08-21,Rossmann,Oral-B,Szájápolás,Oral-B Pro Clean Advance fogkefe - 2 db,2 db,2.0,db,8700216445481,1456.0,Nincs készleten 1 456 Ft 728 Ft/db,https://shop.rossmann.hu/termek/oral-b-fogkefe-pro-expert-kozepes-2-db
2026-08-21,Rossmann,Oral-B,Szájápolás,Oral-B Pro Cross Action fogkefefej - 8 db,8 db,8.0,db,8006540847855,13999.0,Nincs készleten 13 999 Ft 1 750 Ft/db,https://shop.rossmann.hu/termek/oral-b-pro-cross-action-fogkefefej-8-db
2026-08-21,Rossmann,Oral-B,Szájápolás,Oral-B Pro Cross Action fogkefefej /fekete - 4 db,4 db,4.0,db,8006540847671,7499.0,Nincs készleten 7 499 Ft 1 875 Ft/db,https://shop.rossmann.hu/termek/oral-b-pro-cross-action-fogkefefej-fekete-4-db
2026-08-21,Rossmann,Oral-B,Szájápolás,Oral-B Pro Kids Frozen elektromos fogkefe + utazótok - 1 db,1 db,1.0,db,8006540773338,19999.0,Nincs készleten 19 999 Ft 19 999 Ft/db,https://shop.rossmann.hu/termek/vitality-d100-kfrozen-ii-exclusive-travel-case-1-db
2026-08-21,Rossmann,Oral-B,Szájápolás,Oral-B Pro Sensitive Clean fogkefefej - 2 db,2 db,2.0,db,8006540847923,4999.0,Nincs készleten 4 999 Ft 2 500 Ft/db,https://shop.rossmann.hu/termek/oral-b-pro-sensitive-clean-fogkefefej-2-db
2026-08-21,Rossmann,Oral-B,Szájápolás,Oral-B Pro Sensitive Clean fogkefefej - 4 db,4 db,4.0,db,8006540847961,7499.0,Nincs készleten 7 499 Ft 1 875 Ft/db,https://shop.rossmann.hu/termek/oral-b-pro-sensitive-clean-fogkefefej-4-db
2026-08-21,Rossmann,Oral-B,Szájápolás,Oral-B Pro Sensitive Clean fogkefefej - 8 db,8 db,8.0,db,8006540848036,13999.0,Nincs készleten 13 999 Ft 1 750 Ft/db,https://shop.rossmann.hu/termek/oral-b-pro-sensitive-clean-fogkefefej-8-db
2026-08-21,Rossmann,Oral-B,Szájápolás,Oral-B Pro Precision Clean elektromos fogkefe pótfej - 6 db,6 db,6.0,db,8006540847466,10599.0,Nincs készleten 10 599 Ft 1 767 Ft/db,https://shop.rossmann.hu/termek/oral-b-pro-precision-clean-elektromos-fogkefe-potfej-6-db
2026-08-21,Rossmann,Oral-B,Szájápolás,"Oral-B Pro Series 1 elektromos fogkefe, kék - 1 db",1 db,1.0,db,8001090916464,20499.0,Nincs készleten 20 499 Ft 20 499 Ft/db,https://shop.rossmann.hu/termek/oral-b-pro-series-1-elektromos-fogkefe-kek-1-db
2026-08-21,Rossmann,Oral-B,Szájápolás,Oral-B iO 2 elektromos fogkefe /világos rózsaszín - 1 db,1 db,1.0,db,8700216611831,31999.0,Nincs készleten 31 999 Ft 31 999 Ft/db,https://shop.rossmann.hu/termek/oral-b-io-2-elektromos-fogkefe-vilagos-rozsaszin-1-db
2026-08-21,Rossmann,Oral-B,Szájápolás,Oral-B iO 2 elektromos fogkefe /éjfekete - 1 db,1 db,1.0,db,8700216614931,31999.0,Nincs készleten 31 999 Ft 31 999 Ft/db,https://shop.rossmann.hu/termek/oral-b-io-2-elektromos-fogkefe-ejfekete-1-db
2026-08-21,Rossmann,Oral-B,Szájápolás,Oral-B iO 2 elektromos fogkefe /éjfekete és erdőzöld - 2 db,2 db,2.0,db,8006530016636,59999.0,Nincs készleten 59 999 Ft 30 000 Ft/db,https://shop.rossmann.hu/termek/oral-b-io-2-elektromos-fogkefe-ejfekete-es-erdozold-2-db
2026-08-21,Rossmann,Oral-B,Szájápolás,Oral-B iO 3 elektromos fogkefe /jég kék - 1 db,1 db,1.0,db,8006540731321,35999.0,Nincs készleten 35 999 Ft 35 999 Ft/db,https://shop.rossmann.hu/termek/oral-b-io-3-elektromos-fogkefe-jeg-kek-1-db
2026-08-21,Rossmann,Oral-B,Szájápolás,"Oral-B iO 5 elektromos fogkefe, fekete - 1 db",1 db,1.0,db,4210201415367,71999.0,Nincs készleten 71 999 Ft 71 999 Ft/db,https://shop.rossmann.hu/termek/oral-b-io-5-elektromos-fogkefe-fekete-1-db
2026-08-21,Rossmann,Oral-B,Szájápolás,Oral-B iO Kids 6+ Stitch elektromos fogkefe + utazótok - 1 db,1 db,1.0,db,8700216932479,31999.0,Nincs készleten 31 999 Ft 31 999 Ft/db,https://shop.rossmann.hu/termek/oral-b-io-kids-disney-stitch-elektromos-fogkefe-1-db-fogkefefej-1-db-utazotok
2026-08-21,Rossmann,Oral-B,Szájápolás,Oral-B iO Gentle Care fogkefefej /fekete - 4 db,4 db,4.0,db,8700216199346,17499.0,Nincs készleten 17 499 Ft 4 375 Ft/db,https://shop.rossmann.hu/termek/oral-b-io-gentle-care-fogkefefej-fekete-4-db
2026-08-21,Rossmann,Oral-B,Szájápolás,Oral-B iO Radiant White fogkefefej - 4 db,4 db,4.0,db,8700216199254,17499.0,Nincs készleten 17 499 Ft 4 375 Ft/db,https://shop.rossmann.hu/termek/oral-b-io-radiant-white-fogkefefej-4-db
2026-08-21,Rossmann,Oral-B,Szájápolás,Oral-B iO6 Black elektromos fogkefe + utazótok + pótfejtartó - 1 db,1 db,1.0,db,4210201409199,73999.0,Nincs készleten 73 999 Ft 73 999 Ft/db,https://shop.rossmann.hu/termek/oral-b-io6-elektromos-fogkefe-black-1-db
2026-08-21,Rossmann,Oral-B,Szájápolás,Oral-B iO6 White elektromos fogkefe + utazótok + pótfejtartó -1 db,1 db,1.0,db,4210201438069,73999.0,Nincs készleten 73 999 Ft 73 999 Ft/db,https://shop.rossmann.hu/termek/oral-b-io6-white-elektromos-fogkefe-1-db
2026-08-21,Rossmann,Oral-B,Szájápolás,Oral-B Pro Series 1 elektromos fogkefe + utazótok - 1 db,1 db,1.0,db,8001090914316,22999.0,Nincs készleten 22 999 Ft 22 999 Ft/db,https://shop.rossmann.hu/termek/oral-b-pro-750-design-edition-elektromos-fogkefe-1-db
2026-08-21,Rossmann,Oral-B,Szájápolás,"Oral-B Vitality Pro elektromos fogkefe, fekete - 1 db",1 db,1.0,db,4210201427124,15499.0,Nincs készleten 15 499 Ft 15 499 Ft/db,https://shop.rossmann.hu/termek/oral-b-vitality-pro-elektromos-fogkefe-fekete-1-db
2026-08-21,Rossmann,Oral-B,Szájápolás,Oral-B Pro 1 900 Cross Action elektromos fogkefe /pink - 1 db,1 db,1.0,db,8001090918277,20499.0,Nincs készleten 20 499 Ft 20 499 Ft/db,https://shop.rossmann.hu/termek/oral-b-pro-1-900-cross-action-elektromos-fogkefe-pink-1-db
2026-08-21,Rossmann,Oral-B,Szájápolás,Oral-B 3D White Advanced Luxe Perfection Fresh fogkrém - 75 ml,75 ml,75.0,ml,8700216922739,1119.0,Nincs készleten 1 119 Ft 14 920 Ft/l,https://shop.rossmann.hu/termek/oral-b-3d-white-advanced-luxe-perfection-fresh-fogkrem-eukaliptusz-es-menta-75-ml
2026-08-21,Rossmann,Oral-B,Szájápolás,Oral-B PRO-3D White Medium fogkefe - 2 db,2 db,2.0,db,8700216459761,1303.0,Nincs készleten 1 303 Ft 652 Ft/db,https://shop.rossmann.hu/termek/oral-b-3d-white-advantage-medium-fogkefe-2-db
2026-08-21,Rossmann,Oral-B,Szájápolás,Oral-B Junior Star Wars fogkefe 6 éves kortól - 1 db,1 db,1.0,db,8700216749466,828.0,Nincs készleten 828 Ft 828 Ft/db,https://shop.rossmann.hu/termek/oral-b-6-12-ev-star-wars-fogkefe-1-db
2026-08-21,Rossmann,Oral-B,Szájápolás,Oral B Advanced Enamel Strenghtening fogkrém 2x75ml - 150 ml,150 ml,150.0,ml,8006530444248,1678.0,Nincs készleten 1 678 Ft 11 187 Ft/l,https://shop.rossmann.hu/termek/oral-b-advanced-enamel-strenghtening-fogkrem-2x75ml-150-ml
2026-08-21,Rossmann,Oral-B,Szájápolás,Oral-B Advanced Healthy Whitening Arctic Fresh fogkrém - 75 ml,75 ml,75.0,ml,8006530090971,1119.0,Nincs készleten 1 119 Ft 14 920 Ft/l,https://shop.rossmann.hu/termek/oral-b-advanced-healthy-whitening-arctic-fresh-fogkrem-75-ml
2026-08-21,Rossmann,Oral-B,Szájápolás,Oral-B Advanced Sensitivity Protection Calm Sensation fogkrém - 75 ml,75 ml,75.0,ml,8006530091039,1119.0,Nincs készleten 1 119 Ft 14 920 Ft/l,https://shop.rossmann.hu/termek/oral-b-advanced-sensitivity-protection-calm-sensation-fogkrem-75-ml
2026-08-21,Rossmann,Oral-B,Szájápolás,Oral-B Aquacare 6 pro expert elektromos szájzuhany - 1 db,1 db,1.0,db,8006540839621,56299.0,Nincs készleten 56 299 Ft 56 299 Ft/db,https://shop.rossmann.hu/termek/oral-b-aquacare-6-pro-expert-elektromos-szajzuhany-1-db
2026-08-21,Rossmann,Oral-B,Szájápolás,Oral-B Complete Extra White fogkrém - 75 ml,75 ml,75.0,ml,8006530254779,697.0,Nincs készleten 697 Ft 9 293 Ft/l,https://shop.rossmann.hu/termek/oral-b-complete-extra-white-fogkrem-antibakterialis-cinkkel-volumeloc-ml
2026-08-21,Rossmann,Oral-B,Szájápolás,Oral-B Complete Ultimate Fresh fogkrém - 75 ml,75 ml,75.0,ml,8006530254854,697.0,Nincs készleten 697 Ft 9 293 Ft/l,https://shop.rossmann.hu/termek/oral-b-complete-ultimate-fresh-fogkrem-antibakterialis-cinkkel-volumeloc-ml
2026-08-21,Rossmann,Oral-B,Szájápolás,Oral-B Easy Clean fogselyem pálcika - 75 db,75 db,75.0,db,8006530184410,1199.0,1 499 Ft 20 Ft/db,https://shop.rossmann.hu/termek/oral-b-easy-clean-fogselyem-palcika-75-db
2026-08-21,Rossmann,Oral-B,Szájápolás,Oral B Essential Floss Waxed Mint fogselyem 2x50 m - 1 db,1 db,1.0,db,8006530045995,2499.0,Nincs készleten 2 499 Ft 2 499 Ft/db,https://shop.rossmann.hu/termek/oral-b-essential-floss-viaszolt-fogselyem-szuk-helyekhez-mentolos-izesites-2-x-50-m
2026-08-21,Rossmann,Oral-B,Szájápolás,Oral B Essential Mint fogselyem - 50 m,,,,8006530045667,1359.0,1 699 Ft 34 Ft/m,https://shop.rossmann.hu/termek/oral-b-essential-floss-viaszos-fogselyem-szuk-helyekhez-mentolos-izesites-50-m
2026-08-21,Rossmann,Oral-B,Szájápolás,Oral-B iO Series Gentle Care elektromos fogkefe pótfej - 4 db,4 db,4.0,db,8700216199438,17499.0,Nincs készleten 17 499 Ft 4 375 Ft/db,https://shop.rossmann.hu/termek/oral-b-gentle-care-io-elektromos-fogkefe-potfej-4-db
2026-08-21,Rossmann,Oral-B,Szájápolás,Oral-B iO 2 elektromos fogkefe /éjfekete - 1 db,1 db,1.0,db,8700216611923,35999.0,Nincs készleten 35 999 Ft 35 999 Ft/db,https://shop.rossmann.hu/termek/oral-b-io-2-elektromos-fogkefe-ejfekete
2026-08-21,Rossmann,Oral-B,Szájápolás,Oral-B iO 3 elektromos fogkefe /fehér - 1 db,1 db,1.0,db,8006530054119,35999.0,Nincs készleten 35 999 Ft 35 999 Ft/db,https://shop.rossmann.hu/termek/oral-b-io-3-elektromos-fogkefe-letisztult-feher-1-db-fogkefefej
2026-08-21,Rossmann,Oral-B,Szájápolás,Oral-B iO 5 elektromos fogkefe /rózsaszín - 1 db,1 db,1.0,db,8700216011464,71999.0,Nincs készleten 71 999 Ft 71 999 Ft/db,https://shop.rossmann.hu/termek/oral-b-io-5-elektromos-fogkefe-rozsaszin-1-db
2026-08-21,Rossmann,Oral-B,Szájápolás,Oral-B iO 9 elektromos fogkefe utazótokkal /fekete - 1 db,1 db,1.0,db,4210201449485,129999.0,Nincs készleten 129 999 Ft 129 999 Ft/db,https://shop.rossmann.hu/termek/oral-b-io-9-elektromos-fogkefe-fekete-1-db-fogkefefej-toltos-utazotok
2026-08-21,Rossmann,Oral-B,Szájápolás,Oral-B iO 9 elektromos fogkefe utazótokkal /rózsakvarc - 1 db,1 db,1.0,db,8700216013420,129999.0,Nincs készleten 129 999 Ft 129 999 Ft/db,https://shop.rossmann.hu/termek/oral-b-io-9-elektromos-fogkefe-rozsaszin-1-db-fogkefefej-toltos-utazotok
2026-08-21,Rossmann,Oral-B,Szájápolás,Oral-B iO Kids 6+ Stitch elektromos fogkefe pótfej - 4 db,4 db,4.0,db,8700216930710,16999.0,Nincs készleten 16 999 Ft 4 250 Ft/db,https://shop.rossmann.hu/termek/oral-b-io-kids-6-disney-stitch-elektromos-fogkefefej-gyenged-a-mozgo-fogakhoz-es-a-foginyhez-4
2026-08-21,Rossmann,Oral-B,Szájápolás,Oral-B iO Series Ultimate Clean elektromos fogkefe pótfej - 4 db,4 db,4.0,db,8700216199483,17499.0,Nincs készleten 17 499 Ft 4 375 Ft/db,https://shop.rossmann.hu/termek/oral-b-io-series-ultimate-clean-elektromos-fogkefe-potfej-4-db
2026-08-21,Rossmann,Oral-B,Szájápolás,Oral-B iO Kids 6+ Marvel Pókember elektromos fogkefefej - 4 db,4 db,4.0,db,8700216930260,16999.0,Nincs készleten 16 999 Ft 4 250 Ft/db,https://shop.rossmann.hu/termek/oral-b-io-kids-6-marvel-pokember-elektromos-fogkefefej-gyenged-a-mozgo-fogakhoz-es-a-foginyhez
2026-08-21,Rossmann,Oral-B,Szájápolás,Oral-B iO Series Ultimate Clean elektromos fogkefe pótfej - 6 db,6 db,6.0,db,8700216199223,22499.0,Nincs készleten 22 499 Ft 3 750 Ft/db,https://shop.rossmann.hu/termek/oral-b-io-series-ultimate-clean-elektromos-fogkefe-potfej-6-db
2026-08-21,Rossmann,Oral-B,Szájápolás,Oral-B iO Series Ultimate Clean Black elektromos fogkefe pótfej - 6 db,6 db,6.0,db,8700216199179,22499.0,Nincs készleten 22 499 Ft 3 750 Ft/db,https://shop.rossmann.hu/termek/oral-b-io-series-ultimate-clean-fekete-eredeti-fogkefefej-crisscross-sortek-6
2026-08-21,Rossmann,Oral-B,Szájápolás,Oral-B iO Series Interdental Clean elektromos fogkefe pótfej - 2 db,2 db,2.0,db,8700216375399,10599.0,Nincs készleten 10 599 Ft 5 300 Ft/db,https://shop.rossmann.hu/termek/oral-b-io-specialised-clean-fogkefefej-2-db
2026-08-21,Rossmann,Oral-B,Szájápolás,Oral-B Series Ultimate Clean elektromos fogkefe pótfej - 4 db,4 db,4.0,db,8700216199513,17499.0,Nincs készleten 17 499 Ft 4 375 Ft/db,https://shop.rossmann.hu/termek/oral-b-io-ultimate-clean-elektromos-fogkefe-potfej-4-db
2026-08-21,Rossmann,Oral-B,Szájápolás,Oral-B Kids Lion King fogkrém 6 éves kortól - 60 ml,60 ml,60.0,ml,8006530024402,778.0,Nincs készleten 778 Ft 12 967 Ft/l,https://shop.rossmann.hu/termek/oral-b-kids-6-6-eves-gyermekeknek-az-oroszlankiraly-fogkrem-natrium-fluoriddal-ml
2026-08-21,Rossmann,Oral-B,Szájápolás,Oral-B Kids Frozen 2 elektromos fogkefe pótfej - 4 db,4 db,4.0,db,4210201385233,8499.0,Nincs készleten 8 499 Ft 2 125 Ft/db,https://shop.rossmann.hu/termek/oral-b-kids-frozen-2-elektromos-fogkefe-potfej-4-db
2026-08-21,Rossmann,Oral-B,Szájápolás,Oral-B Kids Lion King elektromos fogkefe + utazótok - 1 db,1 db,1.0,db,8700216297172,19999.0,Nincs készleten 19 999 Ft 19 999 Ft/db,https://shop.rossmann.hu/termek/oral-b-kids-lion-king-elektromos-fogkefe-utitok-1-db
2026-08-21,Rossmann,Oral-B,Szájápolás,Oral-B Lion King Kids 3+ elektromos fogkefe pótfej - 4 db,4 db,4.0,db,8700216302074,8499.0,Nincs készleten 8 499 Ft 2 125 Ft/db,https://shop.rossmann.hu/termek/oral-b-lion-king-kids-3-elektromos-fogkefe-potfej-4-db
2026-08-21,Rossmann,Oral-B,Szájápolás,Oral-B Pro 3D White Clinical Bright Brilliance fogkrém - 75 ml,75 ml,75.0,ml,8700216922807,1494.0,Nincs készleten 1 494 Ft 19 920 Ft/l,https://shop.rossmann.hu/termek/oral-b-pro-3d-white-clinical-bright-brilliance-fogkrem-75-ml
2026-08-21,Rossmann,Oral-B,Szájápolás,Oral-B Pro 3D White Clinical Radiant White fogkrém - 75 ml,75 ml,75.0,ml,8700216922838,1493.0,Nincs készleten 1 493 Ft 19 907 Ft/l,https://shop.rossmann.hu/termek/oral-b-pro-3d-white-clinical-radiant-white-fogkrem-75-ml
2026-08-21,Rossmann,Oral-B,Szájápolás,Oral-B Pro 3D White elektromos fogkefe pótfej - 4 db,4 db,4.0,db,8006540847213,8899.0,Nincs készleten 8 899 Ft 2 225 Ft/db,https://shop.rossmann.hu/termek/oral-b-pro-3d-white-fogkefefejek-4-db
2026-08-21,Rossmann,Oral-B,Szájápolás,Oral-B Pro Cross Action elektromos fogkefe pótfej - 6 db,6 db,6.0,db,8006540847879,12299.0,Nincs készleten 12 299 Ft 2 050 Ft/db,https://shop.rossmann.hu/termek/oral-b-pro-cross-action-elektromos-fogkefe-potfej-6-db
2026-08-21,Rossmann,Oral-B,Szájápolás,Oral-B Pro-Expert Fresh Breath fogkrém - 75 ml,75 ml,75.0,ml,8006530090476,786.0,Nincs készleten 786 Ft 10 480 Ft/l,https://shop.rossmann.hu/termek/oral-b-pro-expert-fresh-breath-fogkrem-75-ml
2026-08-21,Rossmann,Oral-B,Szájápolás,Oral B Pro-Expert Gentle White fogkrém 2x75ml - 150 ml,150 ml,150.0,ml,8006530444187,1178.0,Nincs készleten 1 178 Ft 7 853 Ft/l,https://shop.rossmann.hu/termek/oral-b-pro-expert-gentle-white-fogkrem-2x75ml-150-ml
2026-08-21,Rossmann,Oral-B,Szájápolás,Oral-B Pro-Expert Gentle Whitening fogkrém - 75 ml,75 ml,75.0,ml,8006530090537,786.0,Nincs készleten 786 Ft 10 480 Ft/l,https://shop.rossmann.hu/termek/oral-b-pro-expert-gentle-whitening-fogkrem-75-ml
2026-08-21,Rossmann,Oral-B,Szájápolás,Oral-B Pro-Expert Professional Protection fogkrém - 75 ml,75 ml,75.0,ml,8006530090674,786.0,Nincs készleten 786 Ft 10 480 Ft/l,https://shop.rossmann.hu/termek/oral-b-pro-expert-professional-protection-fogkrem-75-ml-3
2026-08-21,Rossmann,Oral-B,Szájápolás,Oral-B Pro-Expert Sensitive Calm Sensation fogkrém - 75 ml,75 ml,75.0,ml,8006530090773,786.0,Nincs készleten 786 Ft 10 480 Ft/l,https://shop.rossmann.hu/termek/oral-b-pro-expert-sensitive-calm-sensation-fogkrem-75-ml
2026-08-21,Rossmann,Oral-B,Szájápolás,Oral-B Pro-Expert Sensitive fogkrém 2x75ml - 150 ml,150 ml,150.0,ml,8006530444224,1178.0,Nincs készleten 1 178 Ft 7 853 Ft/l,https://shop.rossmann.hu/termek/oral-b-pro-expert-sensitive-fogkrem-2x75ml-150-ml
2026-08-21,Rossmann,Oral-B,Szájápolás,Oral-B Pro Junior gyermek fogkrém 6-12 évesek korig - 75 ml,75 ml,75.0,ml,8700216089654,778.0,Nincs készleten 778 Ft 10 373 Ft/l,https://shop.rossmann.hu/termek/oral-b-pro-junior-gyermek-fogkrem-6-12-evesek-korig-75-ml
2026-08-21,Rossmann,Oral-B,Szájápolás,Oral-B Pro Kids Jégvarázs elektromos fogkefe 3 éves kortól - 1 db,1 db,1.0,db,8006540772591,17499.0,Nincs készleten 17 499 Ft 17 499 Ft/db,https://shop.rossmann.hu/termek/oral-b-pro-kids-jegvarazs-elektromos-fogkefe-3-eves-kortol-1-db
2026-08-21,Rossmann,Oral-B,Szájápolás,Oral-B Pro Kids Spiderman elektromos fogkefe pótfej - 4 db,4 db,4.0,db,8006540805237,8499.0,Nincs készleten 8 499 Ft 2 125 Ft/db,https://shop.rossmann.hu/termek/oral-b-pro-kids-spiderman-fogkefefej-4-db
2026-08-21,Rossmann,Oral-B,Szájápolás,Oral-B Pro Precision Clean elektromos fogkefe pótfej - 8 db,8 db,8.0,db,8006540847459,12599.0,Nincs készleten 12 599 Ft 1 575 Ft/db,https://shop.rossmann.hu/termek/oral-b-pro-precision-clean-elektromos-fogkefe-potfej-8-db
2026-08-21,Rossmann,Oral-B,Szájápolás,Oral-B Pro Precision Clean fogkefefej - 4 db,4 db,4.0,db,8006540847299,6999.0,Nincs készleten 6 999 Ft 1 750 Ft/db,https://shop.rossmann.hu/termek/oral-b-pro-precision-clean-fogkefefej-4-db
2026-08-21,Rossmann,Oral-B,Szájápolás,Oral B Pro-Sensitive Advanced Extra Duo fogkefe - 2 db,2 db,2.0,db,8700216567916,1456.0,Nincs készleten 1 456 Ft 728 Ft/db,https://shop.rossmann.hu/termek/oral-b-pro-sensi-advanced-fogkefe-eltavolitja-a-lepedekkepzo-bakteriumokat-puha-2
2026-08-21,Rossmann,Oral-B,Szájápolás,Oral-B Pro-Sensi Clinical Extra Soft fogkefe - 2 db,2 db,2.0,db,8700216567923,1682.0,Nincs készleten 1 682 Ft 841 Ft/db,https://shop.rossmann.hu/termek/oral-b-pro-sensi-clinical-manualis-fogkefe-gyenged-tisztitas-extra-puha-sortek-2
2026-08-21,Rossmann,Oral-B,Szájápolás,Oral B Pulsonic Sensitive elektromos fogkefe pótfej - 4 db,4 db,4.0,db,4210201299899,7699.0,Nincs készleten 7 699 Ft 1 925 Ft/db,https://shop.rossmann.hu/termek/oral-b-pulsonic-sensitiv-elektromos-fogkefe-potfej-4-db
2026-08-21,Rossmann,Oral-B,Szájápolás,Oral-B Superfloss fogselyembefűző - 50 db,50 db,50.0,db,8700216538961,1699.0,Nincs készleten 1 699 Ft 34 Ft/m,https://shop.rossmann.hu/termek/oral-b-super-floss-elore-levagott-fogselyem-csikok-50-db
2026-08-21,Rossmann,Oral-B,Szájápolás,Oral-B Vitality Pro elektromos fogkefe fehér/kék - 1 db,1 db,1.0,db,4210201446453,15499.0,Nincs készleten 15 499 Ft 15 499 Ft/db,https://shop.rossmann.hu/termek/oral-b-vitality-pro-elektromos-fogkefe-feher-1-db
2026-08-21,Rossmann,Oral-B,Szájápolás,Oral-B Vitality Pro elektromos fogkefe /lila - 1 db,1 db,1.0,db,4210201427025,16499.0,Nincs készleten 16 499 Ft 16 499 Ft/db,https://shop.rossmann.hu/termek/oral-b-vitality-pro-elektromos-fogkefe-lila
2026-08-21,Rossmann,Blend-a-dent,Szájápolás,Blend-A-Dent Complete Fresh műfogsorragasztó - 47 g,47 g,47.0,g,8001841900612,1999.0,Nincs készleten 1 999 Ft 42 532 Ft/kg,https://shop.rossmann.hu/termek/blend-a-dent-complete-fresh-mufogsorrogzito-krem-47-g
2026-08-21,Rossmann,Blend-a-dent,Szájápolás,Blend-a-Dent Plus mufogsorrögzíto krém - 40 g,40 g,40.0,g,8700216598736,1999.0,Nincs készleten 1 999 Ft 49 975 Ft/kg,https://shop.rossmann.hu/termek/blend-a-dent-plus-mufogsorrogzito-krem-40-g-2
2026-08-21,Rossmann,Blend-a-dent,Szájápolás,Blend-a-Dent Ultimate műfogsorragasztó - 40 g,40 g,40.0,g,8700216596398,2499.0,Nincs készleten 2 499 Ft 62 475 Ft/kg,https://shop.rossmann.hu/termek/blend-a-dent-professional-protezisrogzito-krem-40-g
2026-08-21,Rossmann,Blend-a-dent,Szájápolás,Blend-a-Dent Complete Semleges ízű műfogsorragasztó - 47 g,47 g,47.0,g,8001841900575,1959.0,Nincs készleten 1 959 Ft 41 681 Ft/kg,https://shop.rossmann.hu/termek/blend-a-dent-complete-semleges-izu-mufogsorragaszto-47-g
2026-08-21,Rossmann,Blend-a-dent,Szájápolás,Blend-A-Dent Duo Power műfogsorragasztó krém - 80 g,80 g,80.0,g,8006530000031,3299.0,Nincs készleten 3 299 Ft 41 238 Ft/kg,https://shop.rossmann.hu/termek/blend-a-dent-duopower-protezisrogzito-krem-2x40-g-80-g
2026-08-21,Rossmann,Blend-a-dent,Szájápolás,Blend-a-Dent Original Complete Duo műfogsorragasztó krém - 94 g,94 g,94.0,g,8006540300053,3399.0,Nincs készleten 3 399 Ft 36 160 Ft/kg,https://shop.rossmann.hu/termek/blend-a-dent-original-complete-duo-protezisragaszto-2x47g-94-g
2026-08-21,Rossmann,Blend-a-dent,Szájápolás,Blend-a-Dent Complete Original mufogsorragasztó - 47 g,47 g,47.0,g,8001841900483,1959.0,Nincs készleten 1 959 Ft 41 681 Ft/kg,https://shop.rossmann.hu/termek/blend-a-dent-complete-original-mufogsorragaszto-47-g
2026-08-21,Rossmann,Ariel,Mosás & háztartás,Ariel Allin1 Color Fresh mosókapszula - 100 db,100 db,100.0,db,8006530348218,13057.0,Nincs készleten 13 057 Ft 131 Ft/db,https://shop.rossmann.hu/termek/ariel-allin1-pods-mosokapszula-100-mosashoz-100-db
2026-08-21,Rossmann,Ariel,Mosás & háztartás,Ariel Allin1 PODS mosókapszula 50 mosáshoz - 50 db,50 db,50.0,db,8700216764285,7026.0,Nincs készleten 7 026 Ft 141 Ft/db,https://shop.rossmann.hu/termek/ariel-allin1-pods-mosokapszula-50-mosashoz-50-db-3
2026-08-21,Rossmann,Ariel,Mosás & háztartás,Ariel Allin1 PODS mosókapszula 50 mosáshoz - 50 db,50 db,50.0,db,8700216764360,7026.0,Nincs készleten 7 026 Ft 141 Ft/db,https://shop.rossmann.hu/termek/ariel-allin1-pods-mosokapszula-50-mosashoz-50-db
2026-08-21,Rossmann,Ariel,Mosás & háztartás,Ariel Color folyékony mosószer 60 mosás - 2700 ml,2700 ml,2700.0,ml,8700216690829,7011.0,Nincs készleten 7 011 Ft 2 597 Ft/l,https://shop.rossmann.hu/termek/ariel-color-folyekony-mososzer-60-mosashoz-2700-ml
2026-08-21,Rossmann,Ariel,Mosás & háztartás,"Ariel Fresh Air folyékony mosószer, 50 mosáshoz - 2250 ml",2250 ml,2250.0,ml,8700216690836,7011.0,Nincs készleten 7 011 Ft 3 116 Ft/l,https://shop.rossmann.hu/termek/ariel-fresh-air-folyekony-mososzer-50-mosashoz-2250-ml
2026-08-21,Rossmann,Ariel,Mosás & háztartás,Ariel Sensitive folyékony mosószer 90 mosás - 4050 ml,4050 ml,4050.0,ml,8006530146289,8543.0,Nincs készleten 8 543 Ft 2 109 Ft/l,https://shop.rossmann.hu/termek/ariel-mososzer-4000-ml
2026-08-21,Rossmann,Ariel,Mosás & háztartás,Ariel Color folyékony mosószer 40 mosás - 1800 ml,1800 ml,1800.0,ml,8700216691604,4981.0,Nincs készleten 4 981 Ft 2 767 Ft/l,https://shop.rossmann.hu/termek/ariel-color-folyekony-mososzer-40-mosashoz-1800-ml
2026-08-21,Rossmann,Ariel,Mosás & háztartás,Ariel +Touch Of Lenor Gold Orchid folyékony mosószer 35 mosás - 1575 ml,1575 ml,1575.0,ml,8006530182003,4981.0,Nincs készleten 4 981 Ft 3 163 Ft/l,https://shop.rossmann.hu/termek/ariel-folyekony-mososzer-touch-of-lenor-gold-orchid-1575-l-35-mosashoz
2026-08-21,Rossmann,Ariel,Mosás & háztartás,Ariel +Touch Of Lenor Gold Orchid folyékony mosószer 50 mosás - 2250 ml,2250 ml,2250.0,ml,8006530182201,7011.0,Nincs készleten 7 011 Ft 3 116 Ft/l,https://shop.rossmann.hu/termek/ariel-folyekony-mososzer-touch-of-lenor-gold-orchid-225-l-50-mosashoz
2026-08-21,Rossmann,Ariel,Mosás & háztartás,Ariel +Touch Of Lenor Spring Awaking folyékony mosószer 35 mosás - 1575 ml,1575 ml,1575.0,ml,8006530182522,4981.0,Nincs készleten 4 981 Ft 3 163 Ft/l,https://shop.rossmann.hu/termek/ariel-folyekony-mososzer-touch-of-lenor-spring-awakening-1575-l-35-mosashoz
2026-08-21,Rossmann,Ariel,Mosás & háztartás,Ariel Allin1 Color Fresh mosókapszula - 19 db,19 db,19.0,db,8006530269889,3342.0,Nincs készleten 3 342 Ft 176 Ft/db,https://shop.rossmann.hu/termek/ariel-allin1-pods-mosokapszula-19-mosashoz-19-db
2026-08-21,Rossmann,Ariel,Mosás & háztartás,Ariel Allin1 Extra Hygiene mosókapszula - 26 db,26 db,26.0,db,8700216765305,4903.0,Nincs készleten 4 903 Ft 189 Ft/db,https://shop.rossmann.hu/termek/ariel-allin1-pods-mosokapszula-26-mosashoz-26-db
2026-08-21,Rossmann,Ariel,Mosás & háztartás,Ariel Allin1 Fresh Air mosókapszula - 26 db,26 db,26.0,db,8700216766043,4903.0,Nincs készleten 4 903 Ft 189 Ft/db,https://shop.rossmann.hu/termek/ariel-allin1-pods-mosokapszula-26-mosashoz-26-db-3
2026-08-21,Rossmann,Ariel,Mosás & háztartás,Ariel Allin1 Mountain Spring mosókapszula - 19 db,19 db,19.0,db,8700216765657,3342.0,Nincs készleten 3 342 Ft 176 Ft/db,https://shop.rossmann.hu/termek/ariel-allin1-pods-mosokapszula-19-mosashoz-19-db-3
2026-08-21,Rossmann,Ariel,Mosás & háztartás,Ariel Allin1 Mountain Spring mosókapszula - 30 db,30 db,30.0,db,8700216765480,4903.0,Nincs készleten 4 903 Ft 163 Ft/db,https://shop.rossmann.hu/termek/ariel-allin1-pods-mosokapszula-30-mosashoz-30-db
2026-08-21,Rossmann,Ariel,Mosás & háztartás,Ariel Allin1 PODS+ mosókapszula 44 mosáshoz - 44 db,44 db,44.0,db,8700216764940,7026.0,Nincs készleten 7 026 Ft 160 Ft/db,https://shop.rossmann.hu/termek/ariel-allin1-pods-mosokapszula-44-mosashoz-44-db
2026-08-21,Rossmann,Ariel,Mosás & háztartás,Ariel Allin1 Pods Japanese Blossom mosókapszula 30 mosás - 30 db,30 db,30.0,db,8006530380782,4903.0,Nincs készleten 4 903 Ft 163 Ft/db,https://shop.rossmann.hu/termek/ariel-allin1-pods-mosokapszula-30-mosashoz-japanese-blossom
2026-08-21,Rossmann,Ariel,Mosás & háztartás,Ariel Color folyékony mosószer 100 mosáshoz - 4500 ml,4500 ml,4500.0,ml,8700216692007,9625.0,Nincs készleten 9 625 Ft 2 139 Ft/l,https://shop.rossmann.hu/termek/ariel-folyekony-mososzer-100-mosashoz-color
2026-08-21,Rossmann,Ariel,Mosás & háztartás,Ariel Color mosókapszula 30 db és Lenor Fresh Air öblítő 504 ml - 1 db,504 ml,504.0,ml,8006530126816,6499.0,Nincs készleten 6 499 Ft 6 499 Ft/db,https://shop.rossmann.hu/termek/ariel-color-mosokapszula-30-db-es-lenor-fresh-air-oblito-504-ml-1-db
2026-08-21,Rossmann,Ariel,Mosás & háztartás,"Ariel Extra Clean folyékony mosószer, 50 mosáshoz - 2250 ml",2250 ml,2250.0,ml,8700216691154,7011.0,Nincs készleten 7 011 Ft 3 116 Ft/l,https://shop.rossmann.hu/termek/ariel-extra-clean-folyekony-mososzer-50-mosashoz-2250-ml
2026-08-21,Rossmann,Ariel,Mosás & háztartás,Ariel Japanese Blossom folyékony mosószer 40 mosás - 1800 ml,1800 ml,1800.0,ml,8006530345446,4981.0,Nincs készleten 4 981 Ft 2 767 Ft/l,https://shop.rossmann.hu/termek/ariel-folyekony-mososzer-40-mosashoz-japanese-blossom
2026-08-21,Rossmann,Ariel,Mosás & háztartás,Ariel Mountain Spring folyékony mosószer 40 mosás - 1800 ml,1800 ml,1800.0,ml,8700216691086,4981.0,Nincs készleten 4 981 Ft 2 767 Ft/l,https://shop.rossmann.hu/termek/ariel-mountain-spring-folyekony-mososzer-40-mosashoz-1800-ml
2026-08-21,Rossmann,Ariel,Mosás & háztartás,Ariel Sensitive folyékony mosószer 60 mosáshoz - 2700 ml,2700 ml,2700.0,ml,8700216691550,7011.0,Nincs készleten 7 011 Ft 2 597 Ft/l,https://shop.rossmann.hu/termek/ariel-sensitive-folyekony-mososzer-60-mosashoz-2700-ml
2026-08-21,Rossmann,Lenor,Mosás & háztartás,Lenor Unstoppables Fresh illatgyöngyök 41 mosás - 495 g,495 g,495.0,g,8700216704694,6499.0,Nincs készleten 6 499 Ft 13 129 Ft/kg,https://shop.rossmann.hu/termek/lenor-ariel-illatgyongy-41-mosas-495-g
2026-08-21,Rossmann,Lenor,Mosás & háztartás,Lenor Fresh Wind öblítő 76 mosás - 1064 ml,1064 ml,1064.0,ml,8700216723077,3025.0,Nincs készleten 3 025 Ft 2 843 Ft/l,https://shop.rossmann.hu/termek/lenor-fresh-wind-oblito-76-mosashoz-1064-ml
2026-08-21,Rossmann,Lenor,Mosás & háztartás,Lenor Gold Orchid & Vanilla illatgyöngy - 495 g,495 g,495.0,g,8700216704809,6499.0,Nincs készleten 6 499 Ft 13 129 Ft/kg,https://shop.rossmann.hu/termek/lenor-gold-orchid-vanilla-illatgyongy-495-g
2026-08-21,Rossmann,Lenor,Mosás & háztartás,Lenor Lotus Flower & Diamond Figs öblítő 59 mosás - 1239 ml,1239 ml,1239.0,ml,8006530218306,1899.0,2 348 Ft 1 895 Ft/l,https://shop.rossmann.hu/termek/lenor-lotus-water-diamond-figs-oblito-59-mosashoz-1239-ml
2026-08-21,Rossmann,Lenor,Mosás & háztartás,Lenor Orchid & Vanilla öblítő 59 mosás - 1239 ml,1239 ml,1239.0,ml,8700216724081,1899.0,2 348 Ft 1 895 Ft/l,https://shop.rossmann.hu/termek/lenor-orchid-vanilla-oblito-59-mosashoz-1239-ml
2026-08-21,Rossmann,Lenor,Mosás & háztartás,Lenor Pink Blossom öblítő 86 mosás - 1204 ml,1204 ml,1204.0,ml,8700216809795,3153.0,Nincs készleten 3 153 Ft 2 619 Ft/l,https://shop.rossmann.hu/termek/lenor-pink-blossom-oblito-86-mosashoz-1204-ml
2026-08-21,Rossmann,Lenor,Mosás & háztartás,Lenor Sensitive öblítő 71 mosás - 1491 ml,1491 ml,1491.0,ml,8700216723985,2119.0,Nincs készleten 2 119 Ft 1 421 Ft/l,https://shop.rossmann.hu/termek/lenor-sensitive-oblito-71-mosashoz-1491-ml
2026-08-21,Rossmann,Lenor,Mosás & háztartás,Lenor Spring Awakening illatgyöngy - 495 g,495 g,495.0,g,8700216704779,6499.0,Nincs készleten 6 499 Ft 13 129 Ft/kg,https://shop.rossmann.hu/termek/lenor-spring-awakening-parfumgyongy-495-g
2026-08-21,Rossmann,Lenor,Mosás & háztartás,Lenor Spring Awakening öblítő 118 mosás - 2478 ml,2478 ml,2478.0,ml,8700216880886,3415.0,Nincs készleten 3 415 Ft 1 378 Ft/l,https://shop.rossmann.hu/termek/lenor-textiloblito-118-mosashoz-spring-awakening
2026-08-21,Rossmann,Lenor,Mosás & háztartás,Lenor Spring Awakening öblítő 71 mosás - 1491 ml,1491 ml,1491.0,ml,8700216724074,2119.0,Nincs készleten 2 119 Ft 1 421 Ft/l,https://shop.rossmann.hu/termek/lenor-spring-awak-oblito-71-mosashoz-1491-ml
2026-08-21,Rossmann,Lenor,Mosás & háztartás,Lenor Spring Awakening illatgyöngy - 195 g,195 g,195.0,g,8700216708418,2299.0,3 099 Ft 15 892 Ft/kg,https://shop.rossmann.hu/termek/lenor-spring-awakening-illatgyongy-195-g
2026-08-21,Rossmann,Lenor,Mosás & háztartás,Lenor Unstoppables Fresh illatgyöngyök 41 mosás - 495 g,495 g,495.0,g,8700216704724,6499.0,Nincs készleten 6 499 Ft 13 129 Ft/kg,https://shop.rossmann.hu/termek/lenor-unstoppables-fresh-illatgyongyok-495-g
2026-08-21,Rossmann,Lenor,Mosás & háztartás,Lenor Gold Orchid & Vanilla illatgyöngy - 195 g,195 g,195.0,g,8700216708517,2299.0,3 099 Ft 15 892 Ft/kg,https://shop.rossmann.hu/termek/lenor-gold-orchid-vanilla-illatgyongy-195-g
2026-08-21,Rossmann,Lenor,Mosás & háztartás,Lenor Sensitive öblítő 76 mosás - 1064 ml,1064 ml,1064.0,ml,8700216723183,3025.0,Nincs készleten 3 025 Ft 2 843 Ft/l,https://shop.rossmann.hu/termek/lenor-sensitive-oblito-76-mosashoz-1064-ml
2026-08-21,Rossmann,Lenor,Mosás & háztartás,Lenor Japanese Blossom illatgyöngy - 195 g,195 g,195.0,g,8006530388450,2299.0,3 099 Ft 15 892 Ft/kg,https://shop.rossmann.hu/termek/lenor-parfumgyongyok-195g-japanese-blossom
2026-08-21,Rossmann,Lenor,Mosás & háztartás,Lenor Cherry Blossom & Sage öblítő 59 mosás - 1239 ml,1239 ml,1239.0,ml,8700216723602,1899.0,2 348 Ft 1 895 Ft/l,https://shop.rossmann.hu/termek/lenor-cherry-blossom-sage-oblito-59-mosashoz-1239-ml
2026-08-21,Rossmann,Lenor,Mosás & háztartás,Lenor Cotton Fresh illatgyöngy - 495 g,495 g,495.0,g,8006530183185,6499.0,Nincs készleten 6 499 Ft 13 129 Ft/kg,https://shop.rossmann.hu/termek/lenor-parfumgyongyok-mosashoz-495-g-cotton-fresh
2026-08-21,Rossmann,Lenor,Mosás & háztartás,Lenor Floral Bouquet öblítő 59 mosás - 1239 ml,1239 ml,1239.0,ml,8700216726900,1899.0,2 348 Ft 1 895 Ft/l,https://shop.rossmann.hu/termek/lenor-floral-bouquet-oblito-59-mosashoz-1239-ml
2026-08-21,Rossmann,Lenor,Mosás & háztartás,Lenor Fresh Wind öblítő 86 mosás - 1204 ml,1204 ml,1204.0,ml,8700216723206,3153.0,Nincs készleten 3 153 Ft 2 619 Ft/l,https://shop.rossmann.hu/termek/lenor-fresh-wind-oblito-86-mosashoz-1204-ml
2026-08-21,Rossmann,Lenor,Mosás & háztartás,Lenor Gold Orchid öblítő 94 mosás - 1974 ml,1974 ml,1974.0,ml,8700216880770,2586.0,Nincs készleten 2 586 Ft 1 310 Ft/l,https://shop.rossmann.hu/termek/lenor-oblito-gold-orchid-1974-ml
2026-08-21,Rossmann,Lenor,Mosás & háztartás,Lenor Japanese Blossom öblítő 59 mosás - 1239 ml,1239 ml,1239.0,ml,8006530389846,1899.0,2 348 Ft 1 895 Ft/l,https://shop.rossmann.hu/termek/lenor-textiloblito-59-mosashoz-japanese-blossom
2026-08-21,Rossmann,Lenor,Mosás & háztartás,Lenor Pink Blossom öblítő 76 mosás - 1064 ml,1064 ml,1064.0,ml,8700216809832,3025.0,Nincs készleten 3 025 Ft 2 843 Ft/l,https://shop.rossmann.hu/termek/lenor-pink-blossom-oblito-76-mosashoz-1064-ml
2026-08-21,Rossmann,Lenor,Mosás & háztartás,Lenor Spring Awakening öblítő 1491 ml és illatgyöngy 195 g - 1 db,195 g,195.0,g,8006530107273,4999.0,Nincs készleten 4 999 Ft 4 999 Ft/db,https://shop.rossmann.hu/termek/lenor-textiloblito-71-mosashoz-spring-awakening
2026-08-21,Rossmann,Lenor,Mosás & háztartás,Lenor Sensitive öblítő 118 mosás - 2478 ml,2478 ml,2478.0,ml,8006530250665,3415.0,Nincs készleten 3 415 Ft 1 378 Ft/l,https://shop.rossmann.hu/termek/lenor-textiloblito-59-mosashoz-sensitive
2026-08-21,Rossmann,Ambi Pur,Mosás & háztartás,Ambi Pur 3Volution Lenor Spring Awakening elektromos légfrissítő-utántöltő - 20 ml,20 ml,20.0,ml,8001841227955,2599.0,Nincs készleten 2 599 Ft 129 950 Ft/l,https://shop.rossmann.hu/termek/ambi-pur-3volution-elektromos-utantolto-lenor-spring-20-ml
2026-08-21,Rossmann,Ambi Pur,Mosás & háztartás,Ambi Pur 3Volution Lenor Spring Awakening elektromos légfrissítő készülék - 20 ml,20 ml,20.0,ml,8006540528921,3749.0,Nincs készleten 3 749 Ft 187 450 Ft/l,https://shop.rossmann.hu/termek/ambi-pur-3volution-lenor-spring-elektromos-keszulek-20-ml
2026-08-21,Rossmann,Ambi Pur,Mosás & háztartás,Ambi Pur Spring Awakening autóillatosító - 2 ml,2 ml,2.0,ml,8001090871619,2049.0,Nincs készleten 2 049 Ft 1 024 500 Ft/l,https://shop.rossmann.hu/termek/ambi-pur-april-fresh-lenor-csiptetos-autoillatosito-utantolto-1-db
2026-08-21,Rossmann,Lenor,Mosás & háztartás,Lenor Tropical Sunset öblítő 76 mosás - 1064 ml,1064 ml,1064.0,ml,8700216723039,3025.0,Nincs készleten 3 025 Ft 2 843 Ft/l,https://shop.rossmann.hu/termek/lenor-tropical-sunset-oblito-76-mosashoz-1064-ml
2026-08-21,Rossmann,Fairy,Mosás & háztartás,Alterra Mono szemhéjpúder /01 Fairy Dust - 1 db,1 db,1.0,db,4068134131201,1699.0,Nincs készleten 1 699 Ft 1 699 Ft/db,https://shop.rossmann.hu/termek/alterra-mono-szemhejpuder-01-fairy-dust-1-db
2026-08-21,Rossmann,Fairy,Mosás & háztartás,Essie Gel Couture körömlakk /40 Fairy Tailor - 1 db,1 db,1.0,db,30151857,4399.0,Nincs készleten 4 399 Ft 4 399 Ft/db,https://shop.rossmann.hu/termek/essie-gel-couture-koromlakk-40-fairy-tailor-1-db
2026-08-21,Rossmann,Fairy,Mosás & háztartás,Herbow Fairy Baby 3in1 mosóparfüm koncentrátum 200 mosás - 1000 ml,1000 ml,1000.0,ml,5999567517517,3959.0,Nincs készleten 3 959 Ft 3 959 Ft/l,https://shop.rossmann.hu/termek/herbow-fairy-baby-3in1-mosoparfum-koncentratum-200-mosas-1000-ml
2026-08-21,Rossmann,Fairy,Mosás & háztartás,Rival Loves Me UV-Gels On The Go géllakk /13 fairy - 1 db,1 db,1.0,db,4068134098399,1799.0,Nincs készleten 1 799 Ft 1 799 Ft/db,https://shop.rossmann.hu/termek/rival-loves-me-uv-gels-on-the-go-gellakk-13-fairy-1-db
2026-08-21,Rossmann,Ambi Pur,Mosás & háztartás,Ambi Pur 3Volution Flowers & Spring elektromos légfrissítő-utántöltő - 20 ml,20 ml,20.0,ml,4015600570637,2599.0,Nincs készleten 2 599 Ft 129 950 Ft/l,https://shop.rossmann.hu/termek/ambi-pur-3vol-el-ut-flowers-spring-20-ml
2026-08-21,Rossmann,Ambi Pur,Mosás & háztartás,Ambi Pur 3Volution Gold Orchid elektromos légfrissítő készülék - 20 ml,20 ml,20.0,ml,8700216486200,3749.0,Nincs készleten 3 749 Ft 187 450 Ft/l,https://shop.rossmann.hu/termek/ambi-pur-3volution-gold-orchid-elektromos-legfrissito-utantolto-20-ml
2026-08-21,Rossmann,Ambi Pur,Mosás & háztartás,Ambi Pur 3Volution Gold Orchid elektromos légfrissítő utántöltő 2x20 ml - 40 ml,40 ml,40.0,ml,8700216686488,3599.0,Nincs készleten 3 599 Ft 89 975 Ft/l,https://shop.rossmann.hu/termek/ambi-pur-3volution-gold-orchid-elektromos-legfrissito-utantolto-2x20-40-ml
2026-08-21,Rossmann,Ambi Pur,Mosás & háztartás,Ambi Pur 3Volution Gold Orchid elektromos légfrissítő utántöltő - 20 ml,20 ml,20.0,ml,8001841922690,2599.0,Nincs készleten 2 599 Ft 129 950 Ft/l,https://shop.rossmann.hu/termek/ambi-pur-3vol-elektromos-utantolto-gold-orchid-20-ml
2026-08-21,Rossmann,Ambi Pur,Mosás & háztartás,Ambi Pur Cotton Fresh fürdőszobai légfrissítő - 1 db,1 db,1.0,db,8700216014434,2099.0,Nincs készleten 2 099 Ft 279 867 Ft/l,https://shop.rossmann.hu/termek/ambi-pur-cotton-furdoszobai-legfrissito-75-ml
2026-08-21,Rossmann,Ambi Pur,Mosás & háztartás,Ambi Pur Flower & Spring légfrissítő spray - 370ml,370 ml,370.0,ml,8700216285780,3099.0,Nincs készleten 3 099 Ft 8 376 Ft/l,https://shop.rossmann.hu/termek/ambi-pur-flower-spring-legfrissito-spray-370ml
2026-08-21,Rossmann,Ambi Pur,Mosás & háztartás,Ambi Pur Flowers & Spring fürdőszobai légfrisssítő - 1 db,1 db,1.0,db,8700216014489,2099.0,Nincs készleten 2 099 Ft 279 867 Ft/l,https://shop.rossmann.hu/termek/ambi-pur-flower-furdoszobai-legfrisssito-75-ml
2026-08-21,Rossmann,Ambi Pur,Mosás & háztartás,Ambi Pur Gold Orchid légfrissítő spray - 185 ml,185 ml,185.0,ml,8700216261623,1799.0,Nincs készleten 1 799 Ft 9 724 Ft/l,https://shop.rossmann.hu/termek/ambi-pur-gold-orchid-legfrissito-spray-185-ml
2026-08-21,Rossmann,Ambi Pur,Mosás & háztartás,Ambi Pur Morning Dew fürdőszobai légfrissítő - 1 db,1 db,1.0,db,8700216696647,2099.0,Nincs készleten 2 099 Ft 262 375 Ft/l,https://shop.rossmann.hu/termek/ambi-pur-morning-dew-furdoszobai-legfrissito-8-ml
2026-08-21,Rossmann,Ambi Pur,Mosás & háztartás,Ambi Pur Pink Hibiskus & Rose WC gél - 750 ml,750 ml,750.0,ml,8435495820802,1399.0,Nincs készleten 1 399 Ft 1 865 Ft/l,https://shop.rossmann.hu/termek/ambi-pur-pink-hibiskus-rose-wc-gel-750-ml
2026-08-21,Rossmann,Ambi Pur,Mosás & háztartás,Ambi Pur Spring Awakening fürdőszobai légfrissítő - 1 db,1 db,1.0,db,8700216014298,2099.0,Nincs készleten 2 099 Ft 279 867 Ft/l,https://shop.rossmann.hu/termek/ambi-pur-spring-awakening-furdoszobai-legfrissito-75-ml
2026-08-21,Rossmann,Ambi Pur,Mosás & háztartás,Ambi Pur Spring Awakening légfrissítő spray - 185 ml,185 ml,185.0,ml,8700216261395,1799.0,Nincs készleten 1 799 Ft 9 724 Ft/l,https://shop.rossmann.hu/termek/ambi-pur-spring-awakening-segfrissito-spray-185-ml
2026-08-21,Rossmann,Ambi Pur,Mosás & háztartás,Ambi Pur Spring Awakening légfrissítő spray - 370 ml,370 ml,370.0,ml,8700216284417,3099.0,Nincs készleten 3 099 Ft 8 376 Ft/l,https://shop.rossmann.hu/termek/ambi-pur-spring-awakening-legfrissito-spray-370-ml
2026-08-21,Rossmann,Ambi Pur,Mosás & háztartás,Ambi Pur 3Volution Spring Awakening elektromos légfrissítő utántöltő (2x20) - 40 ml,40 ml,40.0,ml,8001841922652,3599.0,Nincs készleten 3 599 Ft 89 975 Ft/l,https://shop.rossmann.hu/termek/ambi-pur-3vol-elektromos-utantolto-duo-spring-2x20-40-ml
2026-08-21,Rossmann,Ambi Pur,Mosás & háztartás,Ambi Pur Spring Awakening fürdőszobai légfrissítő - 1 db,1 db,1.0,db,8700216014366,3299.0,Nincs készleten 3 299 Ft 219 933 Ft/l,https://shop.rossmann.hu/termek/ambi-pur-spring-awak-furdoszobai-legfrissito-15-ml
2026-08-21,Rossmann,Ambi Pur,Mosás & háztartás,Ambi Pur Flowers and Spring fürdőszobai légfrissítő - 2 db,2 db,2.0,db,8700216014557,3299.0,Nincs készleten 3 299 Ft 219 933 Ft/l,https://shop.rossmann.hu/termek/ambi-pur-flower-furdoszobai-legfrissito-15-ml
2026-08-21,Rossmann,Ambi Pur,Mosás & háztartás,Ambi Pur Cotton Fresh fürdőszobai légfrissítő - 2 db,2 db,2.0,db,8700216014649,3299.0,Nincs készleten 3 299 Ft 219 933 Ft/l,https://shop.rossmann.hu/termek/ambi-pur-cotton-furdoszobai-legfrissito-15-ml
2026-08-21,Rossmann,Ambi Pur,Mosás & háztartás,Ambi Pur Flowers & Spring autóillatosító 2x2 ml - 4 ml,4 ml,4.0,ml,4084500996779,3199.0,Nincs készleten 3 199 Ft 799 750 Ft/l,https://shop.rossmann.hu/termek/ambi-pur-car-flower-spring-2x2-ml
2026-08-21,Rossmann,Ambi Pur,Mosás & háztartás,Ambi Pur 3Volution Morning Dew elektromos légfrissítő-utántöltő - 20 ml,20 ml,20.0,ml,8700216737128,2599.0,Nincs készleten 2 599 Ft 129 950 Ft/l,https://shop.rossmann.hu/termek/ambi-pur-3volution-morning-dew-elektromos-legfrissito-utantolto-20-ml
2026-08-21,Rossmann,Ambi Pur,Mosás & háztartás,Ambi Pur 3volution Cotton Flower elektromos légfrissítő - 20 ml,20 ml,20.0,ml,8006540265628,2599.0,Nincs készleten 2 599 Ft 129 950 Ft/l,https://shop.rossmann.hu/termek/ambi-pur-elektromos-legfrissito-cotton-flower-20-ml
2026-08-21,Rossmann,Ambi Pur,Mosás & háztartás,Ambi Pur Flowers & Spring elektromos légfrissítő utántöltő - 40 ml,40 ml,40.0,ml,8700216834292,3599.0,Nincs készleten 3 599 Ft 89 975 Ft/l,https://shop.rossmann.hu/termek/ambi-pur-3volution-flowers-spring-elektromos-legfrissito-utantolto-40-ml
2026-08-21,Rossmann,Ambi Pur,Mosás & háztartás,Ambi Pur Gold Orchid fürdőszobai légfrissítő - 8 ml,8 ml,8.0,ml,8006530307444,2099.0,Nincs készleten 2 099 Ft 262 375 Ft/l,https://shop.rossmann.hu/termek/ambi-pur-furdoszobai-legfrissito-folyamatos-szagsemlegesites-es-szagmegelozes-gold-orchid-1-x
2026-08-21,Rossmann,Ambi Pur,Mosás & háztartás,Ambi Pur Japanese Blossom fürdőszobai légfrissítő - 8 ml,8 ml,8.0,ml,8006530394178,2099.0,Nincs készleten 2 099 Ft 262 375 Ft/l,https://shop.rossmann.hu/termek/ambi-pur-furdoszobai-legfrissito-folyamatos-szagsemlegesites-es-szagmegelozes-japanese-blossom-1-x
2026-08-21,Rossmann,Ambi Pur,Mosás & háztartás,Ambi Pur Japanese Blossom légfrissítő spray - 185 ml,185 ml,185.0,ml,8006530394567,1799.0,Nincs készleten 1 799 Ft 9 724 Ft/l,https://shop.rossmann.hu/termek/ambi-pur-legfrissito-spray-japanese-blossom-185-ml
2026-08-21,Rossmann,Ambi Pur,Mosás & háztartás,Ambi Pur Mint & Jasmin WC gél - 750 ml,750 ml,750.0,ml,8435495820956,1449.0,Nincs készleten 1 449 Ft 1 932 Ft/l,https://shop.rossmann.hu/termek/ambi-pur-mint-jasmin-wc-gel-750-ml
2026-08-21,Rossmann,Ambi Pur,Mosás & háztartás,Ambi Pur White Flowers WC gél - 750 ml,750 ml,750.0,ml,8435495837329,1399.0,Nincs készleten 1 399 Ft 1 865 Ft/l,https://shop.rossmann.hu/termek/ambi-pur-white-flowers-wc-gel-750-ml
2026-08-21,Rossmann,Ambi Pur,Mosás & háztartás,Ambi Pur Wild Hibiskus aktív WC illatosító 2x45g - 90 g,90 g,90.0,g,8435495838623,1869.0,Nincs készleten 1 869 Ft 20 767 Ft/kg,https://shop.rossmann.hu/termek/ambi-pur-wild-hibiskus-aktiv-wc-illatosito-2x45g-90-g
2026-08-21,Rossmann,Always,Női higiénia & baba,Always Cotton Protection Long egészségügyi betét - 9 db,9 db,9.0,db,8006540231173,1300.0,Nincs készleten 1 300 Ft 144 Ft/db,https://shop.rossmann.hu/termek/always-cotton-protection-ultra-egeszsegugyi-betet-9-db
2026-08-21,Rossmann,Always,Női higiénia & baba,Always Infinity FlexProtect Normal egészségügyi betét - 12 db,12 db,12.0,db,4015400684428,1427.0,Nincs készleten 1 427 Ft 119 Ft/db,https://shop.rossmann.hu/termek/always-infinity-flexprotect-egeszsegugyi-betet-12-db
2026-08-21,Rossmann,Always,Női higiénia & baba,Always Platinum Normal Duo Pack egészségügyi betét - 16 db,16 db,16.0,db,8001090444912,1330.0,Nincs készleten 1 330 Ft 83 Ft/db,https://shop.rossmann.hu/termek/always-platinum-duo-pack-normal-egeszsegugyi-betet-16-db
2026-08-21,Rossmann,Always,Női higiénia & baba,Always Platinum Normal Quattro Pack egészségügyi betét - 30 db,30 db,30.0,db,8001841913803,2346.0,Nincs készleten 2 346 Ft 78 Ft/db,https://shop.rossmann.hu/termek/always-quattro-ultra-platinum-normal-egeszsegugyi-betet-30-db
2026-08-21,Rossmann,Always,Női higiénia & baba,Always Platinum Secure Night egészségügyi betét - 10 db,10 db,10.0,db,8001841449906,1330.0,Nincs készleten 1 330 Ft 133 Ft/db,https://shop.rossmann.hu/termek/always-egeszsegugyi-betet-platinum-extra-night-10-db
2026-08-21,Rossmann,Always,Női higiénia & baba,Always Platinum Secure Night egészségügyi betét - 20 db,20 db,20.0,db,8700216186797,2346.0,Nincs készleten 2 346 Ft 117 Ft/db,https://shop.rossmann.hu/termek/always-platinum-secure-night-egeszsegugyi-betet-20-db
2026-08-21,Rossmann,Always,Női higiénia & baba,Always Ultimate Night egészségügyi betét 6-os méret - 8 db,8 db,8.0,db,8700216213905,1330.0,Nincs készleten 1 330 Ft 166 Ft/db,https://shop.rossmann.hu/termek/always-ultimate-night-egeszsegugyi-betet-6-os-meret-szarnyas-x-8
2026-08-21,Rossmann,Always,Női higiénia & baba,Always Ultra Normal egészségügyi betét - 20 db,20 db,20.0,db,8700216171311,1345.0,Nincs készleten 1 345 Ft 67 Ft/db,https://shop.rossmann.hu/termek/always-ultra-duo-normal-plus-egeszsegugyi-betet-20-db
2026-08-21,Rossmann,Always,Női higiénia & baba,Always Ultra Secure Night Extra Mega Pack egészségügyi betét - 32 db,32 db,32.0,db,8700216450423,3341.0,Nincs készleten 3 341 Ft 104 Ft/db,https://shop.rossmann.hu/termek/always-ultra-secure-night-extra-egeszsegugyi-betet-32-db
2026-08-21,Rossmann,Always,Női higiénia & baba,Always Ultra Secure Night egészségügyi betét - 36 db,36 db,36.0,db,8700216450379,3341.0,Nincs készleten 3 341 Ft 93 Ft/db,https://shop.rossmann.hu/termek/always-ultra-secure-night-egeszsegugyi-betet-36-db
2026-08-21,Rossmann,Always,Női higiénia & baba,Always Ultra Super Mega Pack egészségügyi betét - 48 db,48 db,48.0,db,8700216450294,3341.0,Nincs készleten 3 341 Ft 70 Ft/db,https://shop.rossmann.hu/termek/always-ultra-long-egeszsegugyi-betet-48-db
2026-08-21,Rossmann,Always,Női higiénia & baba,Always Daily Protect Long Deo tisztasági betét - 64 db,64 db,64.0,db,8006540778197,1799.0,Nincs készleten 1 799 Ft 28 Ft/db,https://shop.rossmann.hu/termek/always-daily-protect-long-deo-tisztasagi-betet-64-db
2026-08-21,Rossmann,Always,Női higiénia & baba,Always Platinum Day & Night egészségügyi betét - 22 db,22 db,22.0,db,8001841913919,2346.0,Nincs készleten 2 346 Ft 107 Ft/db,https://shop.rossmann.hu/termek/always-quattro-ultra-platinum-night-egeszsegugyi-betet-22-db
2026-08-21,Rossmann,Always,Női higiénia & baba,Always Platinum Super egészségügyi betét - 14 db,14 db,14.0,db,8001090444998,1330.0,Nincs készleten 1 330 Ft 95 Ft/db,https://shop.rossmann.hu/termek/always-platinum-duo-pack-super-egeszsegugyi-betet-14-db
2026-08-21,Rossmann,Always,Női higiénia & baba,Always Ultra Secure Night Extra egészségügyi betét - 10 db,10 db,10.0,db,8006540093849,1330.0,Nincs készleten 1 330 Ft 133 Ft/db,https://shop.rossmann.hu/termek/always-ultra-duo-super-night-egeszsegugyi-betet-xp-light-10-db
2026-08-21,Rossmann,Always,Női higiénia & baba,Always Platinum Super Quattro Pack egészségügyi betét - 26 db,26 db,26.0,db,8001841913841,2346.0,Nincs készleten 2 346 Ft 90 Ft/db,https://shop.rossmann.hu/termek/always-quattro-ultra-platinum-super-egeszsegugyi-betet-26-db
2026-08-21,Rossmann,Always,Női higiénia & baba,Always Ultra Secure Night egészségügyi betét - 12 db,12 db,12.0,db,4015400612469,1330.0,Nincs készleten 1 330 Ft 111 Ft/db,https://shop.rossmann.hu/termek/always-ultra-betet-extra-night-12-db
2026-08-21,Rossmann,Always,Női higiénia & baba,Always Daily Protect Extra tisztasági betét - 40 db,40 db,40.0,db,8006540689011,1249.0,Nincs készleten 1 249 Ft 31 Ft/db,https://shop.rossmann.hu/termek/always-daily-protect-extra-tisztasagi-betet-40-db
2026-08-21,Rossmann,Always,Női higiénia & baba,Always Platinum Day & Night egészségügyi betét - 12 db,12 db,12.0,db,8001090445070,1330.0,Nincs készleten 1 330 Ft 111 Ft/db,https://shop.rossmann.hu/termek/always-platinum-duo-pack-ejszakai-egeszsegugyi-betet-12-db
2026-08-21,Rossmann,Always,Női higiénia & baba,Always Ultra Sensitive Super Duo Pack egészségügyi betét - 16 db,16 db,16.0,db,4015400214038,1151.0,Nincs készleten 1 151 Ft 72 Ft/db,https://shop.rossmann.hu/termek/always-ultra-sensitive-super-plus-egeszsegugyi-betet-16-db
2026-08-21,Rossmann,Always,Női higiénia & baba,Always Daily Protect Long tisztasági betét - 54 db,54 db,54.0,db,8006540769652,1799.0,Nincs készleten 1 799 Ft 33 Ft/db,https://shop.rossmann.hu/termek/always-daily-protect-long-tisztasagi-betet-54-db
2026-08-21,Rossmann,Always,Női higiénia & baba,Always Sensitive Normal Duo Pack egészségügyi betét - 20 db,20 db,20.0,db,4015400213932,1151.0,Nincs készleten 1 151 Ft 58 Ft/db,https://shop.rossmann.hu/termek/always-ultra-sensitive-normal-plus-egeszsegugyi-betet-20-db
2026-08-21,Rossmann,Always,Női higiénia & baba,Always Dailies Fresh & Protect Flexistyle tisztasági betét - 58 db,58 db,58.0,db,8001841230658,1499.0,Nincs készleten 1 499 Ft 26 Ft/db,https://shop.rossmann.hu/termek/always-dailies-flexistyle-normal-tisztasagi-betet-58-db
2026-08-21,Rossmann,Always,Női higiénia & baba,Always Infinity FlexProtect Night egészségügyi betét - 10 db,10 db,10.0,db,4015400684534,1427.0,Nincs készleten 1 427 Ft 143 Ft/db,https://shop.rossmann.hu/termek/always-egeszsegugyi-betet-infinity-night-10-db
2026-08-21,Rossmann,Always,Női higiénia & baba,Always Cotton Protection Night egészségügyi betét - 8 db,8 db,8.0,db,8006540678435,1300.0,Nincs készleten 1 300 Ft 163 Ft/db,https://shop.rossmann.hu/termek/always-cotton-protection-ultra-night-egeszsegugyi-betet-8-db
2026-08-21,Rossmann,Always,Női higiénia & baba,Always Cotton Protection Normal egészségügyi betét - 11 db,11 db,11.0,db,8006540231142,1300.0,Nincs készleten 1 300 Ft 118 Ft/db,https://shop.rossmann.hu/termek/always-cotton-protection-ultra-normal-egeszsegugyi-betet-11-db
2026-08-21,Rossmann,Always,Női higiénia & baba,Always Dailies Fresh & Protect Normal tisztasági betét - 58 db,58 db,58.0,db,4015400565574,1549.0,Nincs készleten 1 549 Ft 27 Ft/db,https://shop.rossmann.hu/termek/always-dailies-fresh-protect-normal-fresh-tisztasagi-betet-58-db
2026-08-21,Rossmann,Always,Női higiénia & baba,Always Dailies Normal Fresh Protect tisztasági betét - 60 db,60 db,60.0,db,4015400563747,1499.0,Nincs készleten 1 499 Ft 25 Ft/db,https://shop.rossmann.hu/termek/always-dailies-normal-fresh-protect-tisztasagi-betet-60-db
2026-08-21,Rossmann,Always,Női higiénia & baba,Always Dailies Normal Fresh & Protect tisztasági betét - 80 db,80 db,80.0,db,4015400746812,1799.0,Nincs készleten 1 799 Ft 22 Ft/db,https://shop.rossmann.hu/termek/always-dailies-normal-fresh-protect-tisztasagi-betet-80-db
2026-08-21,Rossmann,Always,Női higiénia & baba,Always Dailies Normal To Go tisztasági betét - 20 db,20 db,20.0,db,8001090361998,799.0,Nincs készleten 799 Ft 40 Ft/db,https://shop.rossmann.hu/termek/always-dailies-singles-to-go-tisztasagi-betet-20-db-1
2026-08-21,Rossmann,Always,Női higiénia & baba,Always Daily Fresh Normal tisztasági betét - 30 db,30 db,30.0,db,4015400743545,869.0,Nincs készleten 869 Ft 29 Ft/db,https://shop.rossmann.hu/termek/always-daily-fresh-normal-friss-illattal-30-db
2026-08-21,Rossmann,Always,Női higiénia & baba,Always Daily Fresh tisztasági betét - 76 db,76 db,76.0,db,8006540769973,1799.0,Nincs készleten 1 799 Ft 24 Ft/db,https://shop.rossmann.hu/termek/always-daily-fresh-normal-tisztasagi-betet-76-db-3
2026-08-21,Rossmann,Always,Női higiénia & baba,Always Daily Protect Long tisztasági betét - 48 db,48 db,48.0,db,8006540688939,1399.0,Nincs készleten 1 399 Ft 29 Ft/db,https://shop.rossmann.hu/termek/always-daily-protect-hosszu-tisztasagi-betet-48-db
2026-08-21,Rossmann,Always,Női higiénia & baba,Always Sensitive Ultra Night Duo Pack egészségügyi betét - 14 db,14 db,14.0,db,4015400552154,1151.0,Nincs készleten 1 151 Ft 82 Ft/db,https://shop.rossmann.hu/termek/always-egeszsegugyi-betet-sensitive-soft-like-cotton-14-db
2026-08-21,Rossmann,Always,Női higiénia & baba,Always Maxi Normal egészségügyi betét 1-es méret - 22 db,22 db,22.0,db,8006530147385,1024.0,Nincs készleten 1 024 Ft 47 Ft/db,https://shop.rossmann.hu/termek/always-maxi-normal-szarnyas-egeszsegugyi-betet-1-es-meret-22-db-betet
2026-08-21,Rossmann,Always,Női higiénia & baba,"Always Maxi Secure Night éjszakai egészségügyi betét, 4-es méret - 14 db",14 db,14.0,db,8006530147323,1024.0,Nincs készleten 1 024 Ft 73 Ft/db,https://shop.rossmann.hu/termek/always-maxi-secure-night-ejszakai-szarnyas-egeszsegugyi-betet-4-es-meret-14-db-betet
2026-08-21,Rossmann,Always,Női higiénia & baba,Always Platinum Secure Night Extra egészségügyi betét - 8 db,8 db,8.0,db,8700216186742,1330.0,Nincs készleten 1 330 Ft 166 Ft/db,https://shop.rossmann.hu/termek/always-platinum-egeszsegugyi-betet-secure-night-extra-5-os-meret-8-db
2026-08-21,Rossmann,Always,Női higiénia & baba,Always Ultra Super Extra egészségügyi betét - 40 db,40 db,40.0,db,8700216450287,3341.0,Nincs készleten 3 341 Ft 84 Ft/db,https://shop.rossmann.hu/termek/always-ultra-daynight-egeszsegugyi-betet-40-db
2026-08-21,Rossmann,Always,Női higiénia & baba,Always Ultra Day&Night Duo Pack egészségügyi betét - 14 db,14 db,14.0,db,8700216861052,1345.0,Nincs készleten 1 345 Ft 96 Ft/db,https://shop.rossmann.hu/termek/always-ultra-night-duo-egeszsegugyi-betet-14-db
2026-08-21,Rossmann,Always,Női higiénia & baba,Always Ultra Normal egészségügyi betét - 56 db,56 db,56.0,db,8700216450348,3341.0,Nincs készleten 3 341 Ft 60 Ft/db,https://shop.rossmann.hu/termek/always-ultra-normal-egeszsegugyi-betet-56-db
2026-08-21,Rossmann,Always,Női higiénia & baba,Always Ultra Micro Touch Normal Plus egészségügyi betét - 10 db,10 db,10.0,db,8700216861120,636.0,Nincs készleten 636 Ft 64 Ft/db,https://shop.rossmann.hu/termek/always-ultra-normal-plus-egeszsegugyi-betet-10-db
2026-08-21,Rossmann,Always,Női higiénia & baba,Always Ultra Super Duo Pack egészségügyi betét - 16 db,16 db,16.0,db,8700216861069,1345.0,Nincs készleten 1 345 Ft 84 Ft/db,https://shop.rossmann.hu/termek/always-ultra-super-plus-duo-egeszsegugyi-betet-16-db
2026-08-21,Rossmann,Always,Női higiénia & baba,Bourjois Always Fabulous korrektor /100 ivory - 1 db,1 db,1.0,db,3616303011321,3224.0,4 299 Ft 4 299 Ft/db,https://shop.rossmann.hu/termek/bouejois-always-fabulous-korrektor-100-1-db
2026-08-21,Rossmann,Always,Női higiénia & baba,Bourjois Always Fabulous korrektor /200 vanilla - 1 db,1 db,1.0,db,3616303011338,3224.0,4 299 Ft 4 299 Ft/db,https://shop.rossmann.hu/termek/bounjois-always-fabolous-korrektor-200-1-db
2026-08-21,Rossmann,Always,Női higiénia & baba,Bourjois Always Fabulous 24H alapozó /120 - 1 db,1 db,1.0,db,3614228413428,4349.0,5 799 Ft 5 799 Ft/db,https://shop.rossmann.hu/termek/bourjois-alapozo-always-fabulous-24h-120-1-db
2026-08-21,Rossmann,Always,Női higiénia & baba,Bourjois Always Fabulous 24H alapozó /125 ivory - 1 db,1 db,1.0,db,3614228413435,4349.0,5 799 Ft 5 799 Ft/db,https://shop.rossmann.hu/termek/bourjois-alapozo-always-fabulous-24h-125-1-db
2026-08-21,Rossmann,Always,Női higiénia & baba,Bourjois Always Fabulous 24H alapozó /200 - 1 db,1 db,1.0,db,3614228413442,4349.0,5 799 Ft 5 799 Ft/db,https://shop.rossmann.hu/termek/bourjois-alapozo-always-fabulous-24h-200-1-db
2026-08-21,Rossmann,Always,Női higiénia & baba,Bourjois Always Fabulous 24H alapozó /400 - 1 db,1 db,1.0,db,3614228413473,4349.0,5 799 Ft 5 799 Ft/db,https://shop.rossmann.hu/termek/bourjois-alapozo-always-fabulous-24h-400-1-db
2026-08-21,Rossmann,Always,Női higiénia & baba,Bourjois Always Fabulous 24H alapozó /105 - 1 db,1 db,1.0,db,3616302732722,4349.0,5 799 Ft 5 799 Ft/db,https://shop.rossmann.hu/termek/bourjois-always-fabulous-24h-alapozo-105-1-db
2026-08-21,Rossmann,Always,Női higiénia & baba,Bourjois Always Fabulous 24H alapozó /300 - 1 db,1 db,1.0,db,3616302732777,4349.0,5 799 Ft 5 799 Ft/db,https://shop.rossmann.hu/termek/bourjois-always-fabulous-24h-alapozo-300-1-db
2026-08-21,Rossmann,Always,Női higiénia & baba,Bourjois Always Fabulous 24H alapozó /425 miel - 1 db,1 db,1.0,db,3616302732753,4349.0,5 799 Ft 5 799 Ft/db,https://shop.rossmann.hu/termek/bourjois-always-fabulous-24h-alapozo-425-1-db
2026-08-21,Rossmann,Always,Női higiénia & baba,Bourjois Always Fabulous 24H alapozó /520 - 1 db,1 db,1.0,db,3614228412995,4349.0,5 799 Ft 5 799 Ft/db,https://shop.rossmann.hu/termek/bourjois-always-fabulous-24h-alapozo-520-1-db
2026-08-21,Rossmann,Always,Női higiénia & baba,Bourjois Always Fabulous korrektor /300 beige rose - 1 db,1 db,1.0,db,3616303011345,3224.0,4 299 Ft 4 299 Ft/db,https://shop.rossmann.hu/termek/bourjois-always-fabulous-korrektor-300-1-db
2026-08-21,Rossmann,Always,Női higiénia & baba,Bourjois Always Fabulous korrektor /400 beige dore - 1 db,1 db,1.0,db,3616303011352,3224.0,4 299 Ft 4 299 Ft/db,https://shop.rossmann.hu/termek/bourjois-always-fabulous-korrektor-400-1-db
2026-08-21,Rossmann,Tampax,Női higiénia & baba,Tampax Compak Super Plus tampon - 16 db,16 db,16.0,db,8001841300399,863.0,Nincs készleten 863 Ft 54 Ft/db,https://shop.rossmann.hu/termek/tampax-compak-super-plus-tampon-16-db
2026-08-21,Rossmann,Tampax,Női higiénia & baba,Tampax Compak Super tampon - 16 db,16 db,16.0,db,4015400219743,833.0,Nincs készleten 833 Ft 52 Ft/db,https://shop.rossmann.hu/termek/tampax-tampon-compak-super-16-db
2026-08-21,Rossmann,Always,Női higiénia & baba,NYX Professional Makeup Vivid Rich Mechanical szemceruza /always onyx - 1 db,1 db,1.0,db,0800897246020,2999.0,Nincs készleten 2 999 Ft 2 999 Ft/db,https://shop.rossmann.hu/termek/nyx-professional-makeup-vivid-rich-mechanical-szemceruza-always-onyx-1-db
2026-08-21,Rossmann,Tampax,Női higiénia & baba,Tampax Pearl Compak tampon - 16 db,16 db,16.0,db,8001841300573,1691.0,Nincs készleten 1 691 Ft 106 Ft/db,https://shop.rossmann.hu/termek/tampax-compak-pearl-super-tampon-16-db
2026-08-21,Rossmann,Tampax,Női higiénia & baba,Tampax Compak Regular tampon - 16 db,16 db,16.0,db,4015400219538,833.0,Nincs készleten 833 Ft 52 Ft/db,https://shop.rossmann.hu/termek/tampax-tampon-compak-regular-16-db
2026-08-21,Rossmann,Tampax,Női higiénia & baba,Tampax Pearl Compak tampon - 16 db,16 db,16.0,db,8001841300511,1691.0,Nincs készleten 1 691 Ft 106 Ft/db,https://shop.rossmann.hu/termek/tampax-compak-pearl-regular-tampon-16-db
2026-08-21,Rossmann,Discreet,Női higiénia & baba,Discreet Multiform Waterlilly tisztasági betét - 100 db,100 db,100.0,db,8001090162274,1669.0,Nincs készleten 1 669 Ft 17 Ft/db,https://shop.rossmann.hu/termek/discreet-multiform-waterlilly-tisztasagi-betet-100-db
2026-08-21,Rossmann,Tampax,Női higiénia & baba,Tampax Regular tampon - 18 db,18 db,18.0,db,8006540858509,863.0,Nincs készleten 863 Ft 48 Ft/db,https://shop.rossmann.hu/termek/tampax-regular-tampon-18-db
2026-08-21,Rossmann,Discreet,Női higiénia & baba,Discreet Normal tisztasági betét - 100 db,100 db,100.0,db,8001090162038,1669.0,Nincs készleten 1 669 Ft 17 Ft/db,https://shop.rossmann.hu/termek/discreet-illatmentes-tisztasagi-betet-100-db
2026-08-21,Rossmann,Discreet,Női higiénia & baba,Discreet Protective Waterlilly Plus tisztasági betét - 48 db,48 db,48.0,db,8700216425773,1699.0,Nincs készleten 1 699 Ft 20 Ft/db,https://shop.rossmann.hu/termek/discreet-protective-waterlilly-plus-tisztasagi-betetek-x84
2026-08-21,Rossmann,Discreet,Női higiénia & baba,Discreet Multiform Spring Breeze tisztasági betét - 60 db,60 db,60.0,db,8001090170316,1199.0,Nincs készleten 1 199 Ft 20 Ft/db,https://shop.rossmann.hu/termek/discreet-multiform-spring-breeze-tisztasagi-betetek-x60
2026-08-21,Rossmann,Discreet,Női higiénia & baba,Dailee Discreet Premium Slim Maxi Plus inkontinencia betét - 10 db,10 db,10.0,db,8595611628870,3199.0,Nincs készleten 3 199 Ft 320 Ft/db,https://shop.rossmann.hu/termek/dailee-discreet-premium-slim-maxi-plus-inkontinencia-betet-10-db
2026-08-21,Rossmann,Naturella,Női higiénia & baba,Naturella Camomile Normal tisztasági betét - 52 db,52 db,52.0,db,8001090604040,1199.0,Nincs készleten 1 199 Ft 23 Ft/db,https://shop.rossmann.hu/termek/naturella-camomile-normal-tisztasagi-betet-52-db
2026-08-21,Rossmann,Naturella,Női higiénia & baba,Naturella Normal Camomile tisztasági betét - 100 db,100 db,100.0,db,8001090603807,1699.0,Nincs készleten 1 699 Ft 17 Ft/db,https://shop.rossmann.hu/termek/naturella-normal-camomile-tisztasagi-betet-100-db
2026-08-21,Rossmann,Naturella,Női higiénia & baba,Naturella Normal Camomile tisztasági betét - 44 db,44 db,44.0,db,8006540100769,1199.0,Nincs készleten 1 199 Ft 27 Ft/db,https://shop.rossmann.hu/termek/naturella-tisztasagi-betet-regular-chamomile-44-db
2026-08-21,Rossmann,Naturella,Női higiénia & baba,Naturella Ultra Maxi Camomile egészségügyi betét - 16 db,16 db,16.0,db,8001090586032,884.0,Nincs készleten 884 Ft 55 Ft/db,https://shop.rossmann.hu/termek/naturella-ultra-maxi-camomile-egeszsegugyi-betet-16-db
2026-08-21,Rossmann,Naturella,Női higiénia & baba,Naturella Ultra Night egészségügyi betét - 14 db,14 db,14.0,db,8001090585394,884.0,Nincs készleten 884 Ft 63 Ft/db,https://shop.rossmann.hu/termek/naturella-ultra-night-egeszsegugyi-betet-14-db
2026-08-21,Rossmann,Naturella,Női higiénia & baba,Naturella Ultra Night egészségügyi betét - 28 db,28 db,28.0,db,8006540399521,1508.0,Nincs készleten 1 508 Ft 54 Ft/db,https://shop.rossmann.hu/termek/naturella-ultra-night-egeszsegugyi-betet-28-db
2026-08-21,Rossmann,Naturella,Női higiénia & baba,Naturella Ultra Normal Plus egészségügyi betét - 18 db,18 db,18.0,db,8006540098257,883.0,Nincs készleten 883 Ft 49 Ft/db,https://shop.rossmann.hu/termek/naturella-ultra-normal-plus-egeszsegugyi-betet-18-db
2026-08-21,Rossmann,Naturella,Női higiénia & baba,Naturella Ultra Normal Plus egészségügyi betét - 36 db,36 db,36.0,db,8006540981092,1508.0,Nincs készleten 1 508 Ft 42 Ft/db,https://shop.rossmann.hu/termek/naturella-ultra-normal-plus-egeszsegugyi-betet-36-db
2026-08-21,Rossmann,Naturella,Női higiénia & baba,Naturella Ultra Normal egészségügyi betét - 40 db,40 db,40.0,db,4015400197546,1508.0,Nincs készleten 1 508 Ft 38 Ft/db,https://shop.rossmann.hu/termek/naturella-ultra-normal-szarnyas-egeszsegugyi-betet-40-db
2026-08-21,Rossmann,Naturella,Női higiénia & baba,Naturella Ultra Normal egészségügyi betét - 20 db,20 db,20.0,db,8001090585592,884.0,Nincs készleten 884 Ft 44 Ft/db,https://shop.rossmann.hu/termek/naturella-ultra-normal-egeszsegugyi-betet-20-db-1
2026-08-21,Rossmann,Naturella,Női higiénia & baba,Naturella Classic Night Camomile egészségügyi betét - 7 db,7 db,7.0,db,4015400437543,438.0,Nincs készleten 438 Ft 63 Ft/db,https://shop.rossmann.hu/termek/naturella-classic-night-camomile-egeszsegugyi-betet-7-db
2026-08-21,Rossmann,Naturella,Női higiénia & baba,Naturella Normal Camomile tisztasági betét - 74 db,74 db,74.0,db,8006540100806,1699.0,Nincs készleten 1 699 Ft 23 Ft/db,https://shop.rossmann.hu/termek/naturella-normal-camomile-tisztasagi-betet-74-db
2026-08-21,Rossmann,Naturella,Női higiénia & baba,Naturella Ultra Night Plus egészségügyi betét - 12 db,12 db,12.0,db,8700216882347,884.0,Nincs készleten 884 Ft 74 Ft/db,https://shop.rossmann.hu/termek/naturella-ultra-night-plus-szarnyas-betet-5-os-meret-12-db
2026-08-21,Rossmann,Naturella,Női higiénia & baba,Naturella Ultra Night Plus egészségügyi betét - 24 db,24 db,24.0,db,8700216882378,1508.0,Nincs készleten 1 508 Ft 63 Ft/db,https://shop.rossmann.hu/termek/naturella-ultra-night-plus-szarnyas-betet-5-os-meret-24-db
2026-08-21,Rossmann,Naturella,Női higiénia & baba,Naturella Ultra egészségügyi betét - 32 db,32 db,32.0,db,8006540399569,1508.0,Nincs készleten 1 508 Ft 47 Ft/db,https://shop.rossmann.hu/termek/naturella-ultra-egeszsegugyi-betet-32-db
2026-08-21,Rossmann,Pampers,Női higiénia & baba,Ninjamas Pyjama bugyipelenka 27-43 kg /szívecskés - 9 db,43000 g,43000.0,g,8006540630648,2110.0,Nincs készleten 2 110 Ft 234 Ft/db,https://shop.rossmann.hu/termek/ninjamas-pyjama-pants-bugyipelenka-8-12-ev-27-43-kg-szivecskes-9-db
2026-08-21,Rossmann,Pampers,Női higiénia & baba,Ninjamas Pyjama bugyipelenka 27-43 kg /űrhajós - 9 db,43000 g,43000.0,g,8006540630617,2110.0,Nincs készleten 2 110 Ft 234 Ft/db,https://shop.rossmann.hu/termek/ninjamas-pyjama-pants-bugyipelenka-8-12-ev-27-43-kg-urhajos-9-db
2026-08-21,Rossmann,Pampers,Női higiénia & baba,"Pampers Active Baby Giant Pack pelenka 11-16 kg, méret: 5 - 64 db",16000 g,16000.0,g,8001090949974,8764.0,Nincs készleten 8 764 Ft 137 Ft/db,https://shop.rossmann.hu/termek/pampers-active-baby-dry-pelenka-5-junior-64-db
2026-08-21,Rossmann,Pampers,Női higiénia & baba,"Pampers Active Baby Giant Pack pelenka 13-18 kg, méret: 6 - 56 db",18000 g,18000.0,g,8001090950130,8764.0,Nincs készleten 8 764 Ft 157 Ft/db,https://shop.rossmann.hu/termek/pampers-active-baby-dry-pelenka-6-extra-large-56-db
2026-08-21,Rossmann,Pampers,Női higiénia & baba,"Pampers Active Baby Jumbo Pack bugyipelenka 17+kg, méret: 8 - 32 db",32 db,32.0,db,8006540499382,6699.0,Nincs készleten 6 699 Ft 209 Ft/db,https://shop.rossmann.hu/termek/pampers-pants-jumbo-pack-8-as-19-kg-32-db
2026-08-21,Rossmann,Pampers,Női higiénia & baba,"Pampers Active Baby Mega Pack bugyipelenka 13-19 kg, méret: 6 - 84 db",19000 g,19000.0,g,8006540069530,11699.0,Nincs készleten 11 699 Ft 139 Ft/db,https://shop.rossmann.hu/termek/pampers-pants-mega-pack-6-os-15-kg-84-db
2026-08-21,Rossmann,Pampers,Női higiénia & baba,"Pampers Active Baby Mega Pack bugyipelenka 15+ kg, méret: 7 - 74 db",74 db,74.0,db,8006540069622,11699.0,Nincs készleten 11 699 Ft 158 Ft/db,https://shop.rossmann.hu/termek/pampers-pants-mega-pack-7-es-17-kg-74-db
2026-08-21,Rossmann,Pampers,Női higiénia & baba,"Pampers Active Baby bugyipelenka /mancs őrjárat méret: 4, 9-15 kg - 72 db",15000 g,15000.0,g,8006540863572,9238.0,Nincs készleten 9 238 Ft 128 Ft/db,https://shop.rossmann.hu/termek/pampers-pants-mancs-orjarat-bugyipelenka-4-es-meret-9-15-kg-72-db
2026-08-21,Rossmann,Pampers,Női higiénia & baba,"Pampers Active Baby bugyipelenka 9-15 kg, méret: 4 - 176 db",15000 g,15000.0,g,8006540068557,18299.0,Nincs készleten 18 299 Ft 104 Ft/db,https://shop.rossmann.hu/termek/pampers-pants-monthly-pack-4-es-9-15-kg-176-db-1
2026-08-21,Rossmann,Pampers,Női higiénia & baba,"Pampers Active Baby pelenka 13-18 kg, méret: 6 - 96 db",18000 g,18000.0,g,8001090951892,14839.0,Nincs készleten 14 839 Ft 155 Ft/db,https://shop.rossmann.hu/termek/pampers-active-baby-mega-pack-6-os-13-18kg-96-db
2026-08-21,Rossmann,Pampers,Női higiénia & baba,"Pampers Active Baby pelenka 9-14kg, méret: 4 - 132 db",14000 g,14000.0,g,8001090951618,14839.0,Nincs készleten 14 839 Ft 112 Ft/db,https://shop.rossmann.hu/termek/pampers-active-baby-mega-pack-4-es-9-14kg-132-db
2026-08-21,Rossmann,Pampers,Női higiénia & baba,Pampers Fresh Clean nedves törlőkendő (4x52) - 208 db,208 db,208.0,db,8006530098441,3599.0,Nincs készleten 3 599 Ft 17 Ft/db,https://shop.rossmann.hu/termek/pampers-fresh-clean-torlokendo-4x52-208-db
2026-08-21,Rossmann,Pampers,Női higiénia & baba,Pampers Fresh Clean nedves törlőkendő (4x80) - 320 db,320 db,320.0,db,8001841078052,4999.0,Nincs készleten 4 999 Ft 16 Ft/db,https://shop.rossmann.hu/termek/pampers-torlokendo-fresh-clean-4x80-320-db
2026-08-21,Rossmann,Pampers,Női higiénia & baba,Pampers Fresh Clean nedves törlőkendő (6*80) - 480 db,480 db,480.0,db,8006540174746,6199.0,Nincs készleten 6 199 Ft 13 Ft/db,https://shop.rossmann.hu/termek/pampers-torlokendo-fresh-clean-6-80-480-db-1
2026-08-21,Rossmann,Pampers,Női higiénia & baba,Pampers Fresh Clean nedves törlőkendő - 1200 db,1200 db,1200.0,db,8001841078496,13699.0,Nincs készleten 13 699 Ft 11 Ft/db,https://shop.rossmann.hu/termek/pampers-fresh-clean-nedves-torlokendo-15-csomag-1200-db
2026-08-21,Rossmann,Pampers,Női higiénia & baba,Pampers Fresh Clean nedves törlőkendő - 52 db,52 db,52.0,db,8006530098366,919.0,Nincs készleten 919 Ft 18 Ft/db,https://shop.rossmann.hu/termek/pampers-fresh-clean-torlokendo-52-db
2026-08-21,Rossmann,Pampers,Női higiénia & baba,Pampers Fresh Clean nedves törlőkendő - 80 db,80 db,80.0,db,8001841077598,1369.0,Nincs készleten 1 369 Ft 17 Ft/db,https://shop.rossmann.hu/termek/pampers-fresh-clean-torlokendo-80-db
2026-08-21,Rossmann,Pampers,Női higiénia & baba,"Pampers Premium Care Mega Pack pelenka 4-es méret, 9-14 kg - 104 db",14000 g,14000.0,g,4015400465447,11699.0,Nincs készleten 11 699 Ft 112 Ft/db,https://shop.rossmann.hu/termek/pampers-premium-care-megabox-4-es-9-14-kg-104-db
2026-08-21,Rossmann,Pampers,Női higiénia & baba,"Pampers Premium Care pelenka 11-16 kg, méret: 5 - 44 db",16000 g,16000.0,g,4015400278870,6499.0,Nincs készleten 6 499 Ft 148 Ft/db,https://shop.rossmann.hu/termek/pampers-premium-care-junior-pelenka-44-db
2026-08-21,Rossmann,Pampers,Női higiénia & baba,"Pampers Premium Care pelenka 13+ kg, méret: 6 - 38 db",38 db,38.0,db,8001841105130,6499.0,Nincs készleten 6 499 Ft 171 Ft/db,https://shop.rossmann.hu/termek/pampers-premium-care-6-os-13-kg-38-db
2026-08-21,Rossmann,Pampers,Női higiénia & baba,Pampers Premium Care pelenka 2-5 kg /méret: 1 - 156 db,5000 g,5000.0,g,8700216346757,13199.0,Nincs készleten 13 199 Ft 85 Ft/db,https://shop.rossmann.hu/termek/pampers-premium-care-pelenka-1-meret-2kg-5kg-156-db
2026-08-21,Rossmann,Pampers,Női higiénia & baba,Pampers Premium Care pelenka 15+kg/méret: 7 - 32 db,32 db,32.0,db,8700216423915,6499.0,Nincs készleten 6 499 Ft 203 Ft/db,https://shop.rossmann.hu/termek/pampers-premium-care-pelenka-7-es-meret-15kg-32-db
2026-08-21,Rossmann,Pampers,Női higiénia & baba,Pampers Premium Care pelenka 4-8 kg/ méret: 2 - 136 db,8000 g,8000.0,g,8006540855812,12239.0,Nincs készleten 12 239 Ft 90 Ft/db,https://shop.rossmann.hu/termek/pampers-premium-care-pelenka-2-es-meret-4-8-kg-136-db
2026-08-21,Rossmann,Pampers,Női higiénia & baba,Pampers Premium Care pelenka 9-14 kg /méret: 4 - 174 db,14000 g,14000.0,g,8006540855935,18999.0,Nincs készleten 18 999 Ft 109 Ft/db,https://shop.rossmann.hu/termek/pampers-premium-care-pelenka-4-es-meret-9-14-kg-174-db
2026-08-21,Rossmann,Pampers,Női higiénia & baba,Pampers Fresh Clean nedves törlőkendő - 260 db,260 db,260.0,db,8006530117630,4349.0,Nincs készleten 4 349 Ft 17 Ft/db,https://shop.rossmann.hu/termek/a-pampers-fresh-clean-nedves-torlokendo-260-db
2026-08-21,Rossmann,Pampers,Női higiénia & baba,Pampers Water nedves törlőkendő 12x60 db - 720 db,720 db,720.0,db,8006530116152,13599.0,Nincs készleten 13 599 Ft 19 Ft/db,https://shop.rossmann.hu/termek/pampers-99-ban-vizalapu-baby-nedves-torlokendo-12-csomag-x-60-torlokendo-db-baba-nedves-torlokendo
2026-08-21,Rossmann,Pampers,Női higiénia & baba,Pampers 99% Water törlőkendő - 60 db,60 db,60.0,db,8006530116558,1499.0,Nincs készleten 1 499 Ft 25 Ft/db,https://shop.rossmann.hu/termek/pampers-99-ban-vizalapu-baby-nedves-torlokendo-1-csomag-x-60-torlokendo-db-baba-nedves-torlokendo
2026-08-21,Rossmann,Pampers,Női higiénia & baba,Pampers Water nedves törlőkendő 18x60 - 1080 db,1080 db,1080.0,db,8006530116374,16499.0,Nincs készleten 16 499 Ft 15 Ft/db,https://shop.rossmann.hu/termek/pampers-99-ban-vizalapu-baby-nedves-torlokendo-18-csomag-x-60-torlokendo-db-baba-nedves-torlokendo
2026-08-21,Rossmann,Pampers,Női higiénia & baba,Pampers 99% Water törlőkendő 3x60 db - 180 db,180 db,180.0,db,8006530116206,3699.0,Nincs készleten 3 699 Ft 21 Ft/db,https://shop.rossmann.hu/termek/pampers-99-ban-vizalapu-baby-nedves-torlokendo-3-csomag-x-60-torlokendo-db-baba-nedves-torlokendo
2026-08-21,Rossmann,Pampers,Női higiénia & baba,Pampers 99% Water törlőkendő 4x60 db - 240 db,240 db,240.0,db,8006530116305,4599.0,Nincs készleten 4 599 Ft 19 Ft/db,https://shop.rossmann.hu/termek/pampers-99-ban-vizalapu-baby-nedves-torlokendo-4-csomag-x-60-torlokendo-db-baba-nedves-torlokendo
2026-08-21,Rossmann,Pampers,Női higiénia & baba,Pampers Water nedves törlőkendő 6x60 db - 360 db,360 db,360.0,db,8006530116596,6699.0,Nincs készleten 6 699 Ft 19 Ft/db,https://shop.rossmann.hu/termek/pampers-99-ban-vizalapu-baby-nedves-torlokendo-6-csomag-x-60-torlokendo-db-baba-nedves-torlokendo
2026-08-21,Rossmann,Pampers,Női higiénia & baba,Pampers Water nedves törlőkendő 9x60 db - 540 db,540 db,540.0,db,8006530116459,9999.0,Nincs készleten 9 999 Ft 19 Ft/db,https://shop.rossmann.hu/termek/pampers-99-ban-vizalapu-baby-nedves-torlokendo-9-csomag-x-60-torlokendo-db-baba-nedves-torlokendo
2026-08-21,Rossmann,Pampers,Női higiénia & baba,"Pampers Pants Monthly Pack bugyipelenka 3-as méret, 6-11 kg - 180 db",11000 g,11000.0,g,8006530305716,16557.0,Nincs készleten 16 557 Ft 92 Ft/db,https://shop.rossmann.hu/termek/pampers-active-baby-bugyipelenka-meret-3-180-db-pelenka-6kg-11kg
2026-08-21,Rossmann,Pampers,Női higiénia & baba,"Pampers Pants Monthly Pack bugyipelenka 4-es méret, 9-15 kg - 156 db",15000 g,15000.0,g,8006530305662,16557.0,Nincs készleten 16 557 Ft 106 Ft/db,https://shop.rossmann.hu/termek/pampers-active-baby-bugyipelenka-meret-4-156-db-pelenka-9kg-15kg
2026-08-21,Rossmann,Pampers,Női higiénia & baba,"Pampers Pants Jumbo Pack bugyipelenka 4-es méret, 9-15 kg - 54 db",15000 g,15000.0,g,8006530316668,6699.0,Nincs készleten 6 699 Ft 124 Ft/db,https://shop.rossmann.hu/termek/pampers-active-baby-bugyipelenka-meret-4-54-db-pelenka-9kg-15kg
2026-08-21,Rossmann,Pampers,Női higiénia & baba,"Pampers Pants Monthly Pack bugyipelenka 5-ös méret, 11-17 kg - 136 db",17000 g,17000.0,g,8006530305679,16557.0,Nincs készleten 16 557 Ft 122 Ft/db,https://shop.rossmann.hu/termek/pampers-active-baby-bugyipelenka-meret-5-136-db-pelenka-11kg-17kg
2026-08-21,Rossmann,Pampers,Női higiénia & baba,"Pampers Pants Monthly Pack bugyipelenka 6-os méret, 13-19 kg - 120 db",19000 g,19000.0,g,8006530305617,16557.0,Nincs készleten 16 557 Ft 138 Ft/db,https://shop.rossmann.hu/termek/pampers-active-baby-bugyipelenka-meret-6-120-db-pelenka-13kg-19kg
2026-08-21,Rossmann,Pampers,Női higiénia & baba,Pampers Pants Jumbo Pack bugyipelenka 6-os méret 13-19 kg - 42 db,19000 g,19000.0,g,8006530316699,6699.0,Nincs készleten 6 699 Ft 160 Ft/db,https://shop.rossmann.hu/termek/pampers-active-baby-bugyipelenka-meret-6-44-db-pelenka-13kg-19kg
2026-08-21,Rossmann,Pampers,Női higiénia & baba,"Pampers Pants Monthly Pack bugyipelenka 7-es méret, 15+ kg - 108 db",108 db,108.0,db,8006530305747,16557.0,Nincs készleten 16 557 Ft 153 Ft/db,https://shop.rossmann.hu/termek/pampers-active-baby-bugyipelenka-meret-7-108-db-pelenka-15kg
2026-08-21,Rossmann,Pampers,Női higiénia & baba,"Pampers Pants Mega Pack+ bugyipelenka 8-as méret, 17+ kg - 64 db",64 db,64.0,db,8006530304627,11699.0,Nincs készleten 11 699 Ft 183 Ft/db,https://shop.rossmann.hu/termek/pampers-active-baby-bugyipelenka-meret-8-64-db-pelenka-17kg
2026-08-21,Rossmann,Pampers,Női higiénia & baba,"Pampers Pants Monthly Pack bugyipelenka 8-as méret, 17+ kg - 92 db",92 db,92.0,db,8006530305761,16557.0,Nincs készleten 16 557 Ft 180 Ft/db,https://shop.rossmann.hu/termek/pampers-active-baby-bugyipelenka-meret-8-92-db-pelenka-17kg
2026-08-21,Rossmann,Pampers,Női higiénia & baba,"Pampers Active Baby Giantpack pelenka 6-10 kg, méret: 3 - 90 db",10000 g,10000.0,g,8001090949455,8764.0,Nincs készleten 8 764 Ft 97 Ft/db,https://shop.rossmann.hu/termek/pampers-active-baby-dry-pelenka-3-midi-90-db
2026-08-21,Rossmann,Pampers,Női higiénia & baba,"Pampers Active Baby Giant Pack pelenka 9-14 kg, méret: 4 - 76 db",14000 g,14000.0,g,8001090949615,8764.0,Nincs készleten 8 764 Ft 115 Ft/db,https://shop.rossmann.hu/termek/pampers-active-baby-dry-pelenka-4-maxi-76-db
2026-08-21,Rossmann,Pampers,Női higiénia & baba,"Pampers Active Baby Giant Pack bugyipelenka 7-es méret, 15+ kg - 52 db",52 db,52.0,db,8006530230131,8764.0,Nincs készleten 8 764 Ft 169 Ft/db,https://shop.rossmann.hu/termek/pampers-active-baby-giant-pack-bugyipelenka-7-es-meret-15-kg-52-db
2026-08-21,Rossmann,Pampers,Női higiénia & baba,"Pampers Active Baby pelenka 6-10kg, méret: 3 - 152 db",10000 g,10000.0,g,8001090951533,14839.0,Nincs készleten 14 839 Ft 98 Ft/db,https://shop.rossmann.hu/termek/pampers-active-baby-mega-pack-3-as-6-10kg-152-db
2026-08-21,Rossmann,Pampers,Női higiénia & baba,"Pampers Active Baby pelenka 6-10 kg, méret: 3 - 208 db",10000 g,10000.0,g,8001090910745,16599.0,Nincs készleten 16 599 Ft 80 Ft/db,https://shop.rossmann.hu/termek/pampers-active-baby-monthly-pack-3-as-6-10-kg-208-db
2026-08-21,Rossmann,Pampers,Női higiénia & baba,"Pampers Active Baby pelenka 9-14 kg, méret: 4 - 180 db",14000 g,14000.0,g,8006540032725,16599.0,Nincs készleten 16 599 Ft 92 Ft/db,https://shop.rossmann.hu/termek/pampers-active-baby-monthly-pack-4-es-9-14-kg-180-db
2026-08-21,Rossmann,Pampers,Női higiénia & baba,"Pampers Active Baby pelenka 11-16 kg, méret: 5 - 150 db",16000 g,16000.0,g,8001090910981,16599.0,Nincs készleten 16 599 Ft 111 Ft/db,https://shop.rossmann.hu/termek/pampers-active-baby-monthly-pack-5-11-16-kg-150-db
2026-08-21,Rossmann,Pampers,Női higiénia & baba,"Pampers Active Baby pelenka 13-18 kg, méret: 6 - 128 db",18000 g,18000.0,g,8006540032688,16599.0,Nincs készleten 16 599 Ft 130 Ft/db,https://shop.rossmann.hu/termek/pampers-active-baby-monthly-pack-6-13-18-kg-128-db
2026-08-21,Rossmann,Pampers,Női higiénia & baba,Pampers Aqua Soft Touch törlőkendő - 60 db,60 db,60.0,db,8006530140171,1599.0,Nincs készleten 1 599 Ft 27 Ft/db,https://shop.rossmann.hu/termek/pampers-aqua-soft-touch-baby-nedves-torlokendo-1-csomag-x-60-torlokendo-db-baba-nedves-torlokendo
2026-08-21,Rossmann,Pampers,Női higiénia & baba,Pampers Aqua Soft Touch törlőkendő 12x48 db - 576 db,576 db,576.0,db,8006530140225,12999.0,Nincs készleten 12 999 Ft 23 Ft/db,https://shop.rossmann.hu/termek/pampers-aqua-soft-touch-baby-nedves-torlokendo-12-csomag-x-48-torlokendo-db-baba-nedves-torlokendo
2026-08-21,Rossmann,Pampers,Női higiénia & baba,Pampers Aqua Soft nedves törlőkendő 18x48 db - 864 db,864 db,864.0,db,8006530139977,18699.0,Nincs készleten 18 699 Ft 22 Ft/db,https://shop.rossmann.hu/termek/pampers-aqua-soft-touch-baby-nedves-torlokendo-15-csomag-x-48-torlokendo-db-baba-nedves-torlokendo
2026-08-21,Rossmann,Pampers,Női higiénia & baba,Pampers Aqua Soft nedves törlőkendő 15x60 db - 900 db,900 db,900.0,db,8006530140232,19999.0,Nincs készleten 19 999 Ft 22 Ft/db,https://shop.rossmann.hu/termek/pampers-aqua-soft-touch-baby-nedves-torlokendo-15-csomag-x-60-torlokendo-db-baba-nedves-torlokendo
2026-08-21,Rossmann,Pampers,Női higiénia & baba,Pampers Aqua Soft Touch nedves törlőkendő 3x60 db - 180 db,180 db,180.0,db,8006530139953,4599.0,Nincs készleten 4 599 Ft 26 Ft/db,https://shop.rossmann.hu/termek/pampers-aqua-soft-touch-baby-nedves-torlokendo-3-csomag-x-60-torlokendo-db-baba-nedves-torlokendo
2026-08-21,Rossmann,Pampers,Női higiénia & baba,Pampers Aqua Soft Touch nedves törlőkendő 4x60 db - 240 db,240 db,240.0,db,8006530140027,5699.0,Nincs készleten 5 699 Ft 24 Ft/db,https://shop.rossmann.hu/termek/pampers-aqua-soft-touch-baby-nedves-torlokendo-4-csomag-x-60-torlokendo-db-baba-nedves-torlokendo
2026-08-21,Rossmann,Pampers,Női higiénia & baba,Pampers Aqua Soft Touch nedves törlőkendő 6x60 db - 360 db,360 db,360.0,db,8006530140133,9699.0,Nincs készleten 9 699 Ft 27 Ft/db,https://shop.rossmann.hu/termek/pampers-aqua-soft-touch-baby-nedves-torlokendo-6-csomag-x-60-torlokendo-db-baba-nedves-torlokendo
2026-08-21,Rossmann,Pampers,Női higiénia & baba,Pampers Fresh Clean nedves törlőkendő 2x80 db - 160 db,160 db,160.0,db,8006530135269,2799.0,Nincs készleten 2 799 Ft 17 Ft/db,https://shop.rossmann.hu/termek/pampers-fresh-clean-baby-nedves-torlokendo-2-csomag-x-80-torlokendo-db-baba-nedves-torlokendo
2026-08-21,Rossmann,Pampers,Női higiénia & baba,Pampers Fresh Clean törlőkendő 3x80 db - 240 db,240 db,240.0,db,8006530134422,3999.0,Nincs készleten 3 999 Ft 17 Ft/db,https://shop.rossmann.hu/termek/pampers-fresh-clean-baby-nedves-torlokendo-3-csomag-x-80-torlokendo-db-baba-nedves-torlokendo
2026-08-21,Rossmann,Pampers,Női higiénia & baba,Pampers Harmonie Aqua nedves törlőkendő - 10 db,10 db,10.0,db,8006540811085,699.0,Nincs készleten 699 Ft 70 Ft/db,https://shop.rossmann.hu/termek/pampers-harmonie-aqua-nedves-torlokendo-muanyagmentes-10-db
2026-08-21,Rossmann,Pampers,Női higiénia & baba,Pampers Harmonie pelenka 9-15kg /méret: 4 - 24 db,15000 g,15000.0,g,8700216251686,4136.0,Nincs készleten 4 136 Ft 172 Ft/db,https://shop.rossmann.hu/termek/pampers-harmonie-bugyielenka-meret-4-9kg-15kg-24-db
2026-08-21,Rossmann,Pampers,Női higiénia & baba,Pampers Harmonie pelenka 2-5kg /méret: 1 - 35 db,5000 g,5000.0,g,8700216251792,3012.0,Nincs készleten 3 012 Ft 86 Ft/db,https://shop.rossmann.hu/termek/pampers-harmonie-bugyipelenka-meret-1-35-pelenka-2kg-5kg-35-db
2026-08-21,Rossmann,Pampers,Női higiénia & baba,Pampers Harmonie pelenka 6-10kg /méret: 3 - 28 db,10000 g,10000.0,g,8700216251716,4490.0,Nincs készleten 4 490 Ft 160 Ft/db,https://shop.rossmann.hu/termek/pampers-harmonie-bugyipelenka-meret-3-6kg-10kg-28-db
2026-08-21,Rossmann,Pampers,Női higiénia & baba,Pampers Harmonie pelenka 11-16kg /méret: 5 - 21 db,16000 g,16000.0,g,8700216251679,4490.0,Nincs készleten 4 490 Ft 214 Ft/db,https://shop.rossmann.hu/termek/pampers-harmonie-bugyipelenka-meret-5-11kg-16kg-21-db
2026-08-21,Rossmann,Pampers,Női higiénia & baba,"Pampers Harmonie bugyipelenka 15+ kg, méret: 6 - 19 db",19 db,19.0,db,8700216235648,4587.0,Nincs készleten 4 587 Ft 241 Ft/db,https://shop.rossmann.hu/termek/pampers-harmonie-pants-pelenka-6-os-15-kg-18-db
2026-08-21,Rossmann,Pampers,Női higiénia & baba,"Pampers Night Jumbo Pants bugyipelenka 4-es méret, 9-15 kg - 52 db",15000 g,15000.0,g,8006530320665,7499.0,Nincs készleten 7 499 Ft 144 Ft/db,https://shop.rossmann.hu/termek/pampers-night-bugyipelenka-meret-4-52-db-pelenka-9kg-15kg
2026-08-21,Rossmann,Pampers,Női higiénia & baba,"Pampers Night Jumbo Pants bugyipelenka 5-ös méret, 12-17 kg - 46 db",17000 g,17000.0,g,8006530320658,7499.0,Nincs készleten 7 499 Ft 163 Ft/db,https://shop.rossmann.hu/termek/pampers-night-bugyipelenka-meret-5-46-db-pelenka-11kg-17kg
2026-08-21,Rossmann,Pampers,Női higiénia & baba,"Pampers Night Jumbo Pants bugyipelenka 6-os méret, 15+ kg - 40 db",40 db,40.0,db,8006530320603,7499.0,Nincs készleten 7 499 Ft 187 Ft/db,https://shop.rossmann.hu/termek/pampers-night-bugyipelenka-meret-6-40-db-pelenka-13kg-19kg
2026-08-21,Rossmann,Pampers,Női higiénia & baba,"Pampers Night Pants éjszakai bugyipelenka 7-es méret, 15+ kg - 17 db",17 db,17.0,db,8006530320696,3729.0,Nincs készleten 3 729 Ft 219 Ft/db,https://shop.rossmann.hu/termek/pampers-night-bugyipelenka-meret-7-17-db-pelenka-15kg
2026-08-21,Rossmann,Pampers,Női higiénia & baba,"Pampers Night Jumbo Pants bugyipelenka 7-es méret, 15+ kg - 35 db",35 db,35.0,db,8006530320573,7499.0,Nincs készleten 7 499 Ft 214 Ft/db,https://shop.rossmann.hu/termek/pampers-night-bugyipelenka-meret-7-35-db-pelenka-15kg
2026-08-21,Rossmann,Pampers,Női higiénia & baba,"Pampers Night Pants éjszakai bugyipelenka 15+kg, méret: 6 - 19 db",19 db,19.0,db,8006540234761,3729.0,Nincs készleten 3 729 Ft 196 Ft/db,https://shop.rossmann.hu/termek/pampers-night-pants-6-os-15-kg-19-db
2026-08-21,Rossmann,Pampers,Női higiénia & baba,"Pampers Night Pants bugyipelenka 9-15 kg, méret: 4 - 25 db",15000 g,15000.0,g,8006540234709,3729.0,Nincs készleten 3 729 Ft 149 Ft/db,https://shop.rossmann.hu/termek/pampers-night-pants-bugyipelenka-4-es-9-45-kg-25-db
2026-08-21,Rossmann,Pampers,Női higiénia & baba,"Pampers Night Pants éjszakai bugyipelenka 12-17 kg, méret: 5 - 22 db",17000 g,17000.0,g,8006540234730,3729.0,Nincs készleten 3 729 Ft 170 Ft/db,https://shop.rossmann.hu/termek/pampers-night-pants-bugyipelenka-5-os-12-17-kg-22-db
2026-08-21,Rossmann,Pampers,Női higiénia & baba,"Pampers Active Baby Jumbo Pack bugyipelenka 6-11 kg, méret: 3 - 62 db",11000 g,11000.0,g,8006540069233,6699.0,Nincs készleten 6 699 Ft 108 Ft/db,https://shop.rossmann.hu/termek/pampers-pants-jumbo-pack-3-as-6-11-kg-62-db
2026-08-21,Rossmann,Pampers,Női higiénia & baba,"Pampers Active Baby Jumbo Pack bugyipelenka 15+kg, méret: 7 - 38 db",38 db,38.0,db,8006540069387,6699.0,Nincs készleten 6 699 Ft 176 Ft/db,https://shop.rossmann.hu/termek/pampers-pants-jumbo-pack-7-es-17-kg-38-db
2026-08-21,Rossmann,Pampers,Női higiénia & baba,"Pampers Active Baby Jumbo Pack bugyipelenka 12-17 kg, méret: 5- 48 db",17000 g,17000.0,g,8006540069325,6699.0,Nincs készleten 6 699 Ft 140 Ft/db,https://shop.rossmann.hu/termek/pampers-pants-jumbo-pack-pelenka-5-os-12-17kg-48-db
2026-08-21,Rossmann,Pampers,Női higiénia & baba,"Pampers Active Baby Mega Pack bugyipelenka 6-11 kg, méret: 3 - 128 db",11000 g,11000.0,g,8006540069417,11699.0,Nincs készleten 11 699 Ft 91 Ft/db,https://shop.rossmann.hu/termek/pampers-pants-mega-pack-3-as-6-11-kg-128-db
2026-08-21,Rossmann,Pampers,Női higiénia & baba,"Pampers Active Baby Mega Pack bugyipelenka 9-15 kg, méret: 4 - 108 db",15000 g,15000.0,g,8006540069448,11699.0,Nincs készleten 11 699 Ft 108 Ft/db,https://shop.rossmann.hu/termek/pampers-pants-mega-pack-4-es-9-15-kg-108-db
2026-08-21,Rossmann,Pampers,Női higiénia & baba,"Pampers Active Baby Mega Pack bugyipelenka 11-17 kg, méret: 5 - 96 db",17000 g,17000.0,g,8006540069509,11699.0,Nincs készleten 11 699 Ft 122 Ft/db,https://shop.rossmann.hu/termek/pampers-pants-mega-pack-5-os-12-17-kg-96-db-1
2026-08-21,Rossmann,Pampers,Női higiénia & baba,"Pampers Premium Care pelenka 4-8 kg, méret: 2 - 68 db",8000 g,8000.0,g,8001841104874,6299.0,Nincs készleten 6 299 Ft 93 Ft/db,https://shop.rossmann.hu/termek/pampers-premium-care-2-es-3-6-kg-68-db
2026-08-21,Rossmann,Pampers,Női higiénia & baba,"Pampers Premium Care pelenka 9-14 kg, méret: 4 - 68 db",14000 g,14000.0,g,8001841104959,8299.0,Nincs készleten 8 299 Ft 122 Ft/db,https://shop.rossmann.hu/termek/pampers-premium-care-4-es-8-14-kg-68-db
2026-08-21,Rossmann,Pampers,Női higiénia & baba,"Pampers Premium Care pelenka 2-5 kg, méret: 1 - 72 db",5000 g,5000.0,g,8006540858073,6299.0,Nincs készleten 6 299 Ft 87 Ft/db,https://shop.rossmann.hu/termek/pampers-premium-care-1-es-2-5-kg-72-db
2026-08-21,Rossmann,Pampers,Női higiénia & baba,"Pampers Premium Care pelenka 11-16 kg, méret: 5 - 58 db",16000 g,16000.0,g,8001841104997,8299.0,Nincs készleten 8 299 Ft 143 Ft/db,https://shop.rossmann.hu/termek/pampers-premium-care-5-os-11-16-kg-58-db
2026-08-21,Rossmann,Pampers,Női higiénia & baba,"Pampers Premium Care Pants Month Box bugyipelenka 3-as méret, 6-11 kg - 114 db",11000 g,11000.0,g,8006530320184,12324.0,Nincs készleten 12 324 Ft 108 Ft/db,https://shop.rossmann.hu/termek/pampers-premium-care-bugyipelenka-meret-3-114-db-pelenka-6kg-11kg
2026-08-21,Rossmann,Pampers,Női higiénia & baba,"Pampers Premium Care Pants Monthly Box bugyipelenka 4-es méret, 9-15 kg - 94 db",15000 g,15000.0,g,8006530320160,12324.0,Nincs készleten 12 324 Ft 131 Ft/db,https://shop.rossmann.hu/termek/pampers-premium-care-bugyipelenka-meret-4-94-db-pelenka-9kg-15kg
2026-08-21,Rossmann,Pampers,Női higiénia & baba,"Pampers Premium Care Pants bugyipelenka 5-ös méret, 11-17 kg - 50 db",17000 g,17000.0,g,8006530320085,8399.0,Nincs készleten 8 399 Ft 168 Ft/db,https://shop.rossmann.hu/termek/pampers-premium-care-bugyipelenka-meret-5-50-db-pelenka-11kg-17kg
2026-08-21,Rossmann,Pampers,Női higiénia & baba,"Pampers Premium Care Pants Monthly Box bugyipelenka 5-ös méret, 11-17 kg - 80 db",17000 g,17000.0,g,8006530320153,12324.0,Nincs készleten 12 324 Ft 154 Ft/db,https://shop.rossmann.hu/termek/pampers-premium-care-bugyipelenka-meret-5-80-db-pelenka-11kg-17kg
2026-08-21,Rossmann,Pampers,Női higiénia & baba,Pampers Premium Care bugyipelenka 13-19 kg /méret: 6 - 93 db,19000 g,19000.0,g,8006540491010,15599.0,Nincs készleten 15 599 Ft 168 Ft/db,https://shop.rossmann.hu/termek/pampers-premium-care-bugyipelenka-meret-6-15kg-93-db
2026-08-21,Rossmann,Pampers,Női higiénia & baba,"Pampers Premium Care Pants Monthly Box bugyipelenka 6-os méret, 13-19 kg - 72 db",19000 g,19000.0,g,8006530320139,12324.0,Nincs készleten 12 324 Ft 171 Ft/db,https://shop.rossmann.hu/termek/pampers-premium-care-bugyipelenka-meret-6-72-db-pelenka-13kg-19kg
2026-08-21,Rossmann,Pampers,Női higiénia & baba,"Pampers Premium Care bugyipelenka 7-es méret, 15+ kg - 62 db",62 db,62.0,db,8006530320245,12324.0,Nincs készleten 12 324 Ft 199 Ft/db,https://shop.rossmann.hu/termek/pampers-premium-care-bugyipelenka-meret-7-62-db-pelenka-15kg
2026-08-21,Rossmann,Pampers,Női higiénia & baba,"Pampers Premium Care nadrágpelenka 9-14 kg, méret: 4 - 52 db",14000 g,14000.0,g,4015400278818,6499.0,Nincs készleten 6 499 Ft 125 Ft/db,https://shop.rossmann.hu/termek/pampers-premium-care-maxi-pelenka-7-18-kg-52-db
2026-08-21,Rossmann,Pampers,Női higiénia & baba,"Pampers Premium Care Mega Box pelenka 3-as méret, 6-10 kg - 120 db",10000 g,10000.0,g,4015400465461,11699.0,Nincs készleten 11 699 Ft 97 Ft/db,https://shop.rossmann.hu/termek/pampers-premium-care-megabox-3-as-4-9-kg-120-db
2026-08-21,Rossmann,Pampers,Női higiénia & baba,"Pampers Premium Care Mega Box pelenka 11-16 kg, méret: 5 - 88 db",16000 g,16000.0,g,4015400541813,11699.0,Nincs készleten 11 699 Ft 133 Ft/db,https://shop.rossmann.hu/termek/pampers-premium-care-megabox-5-os-11-18-kg-88-db
2026-08-21,Rossmann,Pampers,Női higiénia & baba,"Pampers Premium Care nadrágpelenka 6-10 kg, méret: 3 - 60 db",10000 g,10000.0,g,4015400274780,6499.0,Nincs készleten 6 499 Ft 108 Ft/db,https://shop.rossmann.hu/termek/pampers-premium-care-midi-pelenka-4-9-kg-60-db
2026-08-21,Rossmann,Pampers,Női higiénia & baba,Pampers Premium Care nadrágelenka 6-os méret 13kg-18kg - 50 db,18000 g,18000.0,g,8700216865029,8299.0,Nincs készleten 8 299 Ft 166 Ft/db,https://shop.rossmann.hu/termek/pampers-premium-care-nadragelenka-6-os-meret-13kg-18kg-50-db
2026-08-21,Rossmann,Pampers,Női higiénia & baba,"Pampers Premium Care bugyipelenka 6-11 kg, méret: 3 - 70 db",11000 g,11000.0,g,8001090759955,8399.0,Nincs készleten 8 399 Ft 120 Ft/db,https://shop.rossmann.hu/termek/pampers-premium-care-pants-3-as-6-11-kg-70-db
2026-08-21,Rossmann,Pampers,Női higiénia & baba,"Pampers Premium Care bugyipelenka 9-15 kg, méret: 4 - 58 db",15000 g,15000.0,g,8001090759993,8399.0,Nincs készleten 8 399 Ft 145 Ft/db,https://shop.rossmann.hu/termek/pampers-premium-care-pants-4-es-9-15-kg-58-db
2026-08-21,Rossmann,Pampers,Női higiénia & baba,Pampers Premium Care Pants bugyipelenka 6-os méret 13-19 kg - 46 db,19000 g,19000.0,g,8006530320054,8399.0,Nincs készleten 8 399 Ft 183 Ft/db,https://shop.rossmann.hu/termek/pampers-premium-care-pants-bugyipelenka-6-os-meret-13-19-kg-46-db
2026-08-21,Rossmann,Pampers,Női higiénia & baba,Pampers Premium Care Pants bugyipelenka 7-es méret 15+ kg - 40 db,40 db,40.0,db,8006530320221,8399.0,Nincs készleten 8 399 Ft 210 Ft/db,https://shop.rossmann.hu/termek/pampers-premium-care-pants-bugyipelenka-7-es-meret-15-kg-40-db
2026-08-21,Rossmann,Pampers,Női higiénia & baba,"Pampers Premium Care pelenka 4-8 kg, méret: 2 - 88 db",8000 g,8000.0,g,8006540857717,8899.0,Nincs készleten 8 899 Ft 101 Ft/db,https://shop.rossmann.hu/termek/pampers-premium-care-pelenka-2-es-meret-4kg-8kg-88-db
2026-08-21,Rossmann,Pampers,Női higiénia & baba,"Pampers Premium Care pelenka 6-10 kg, méret: 3 - 78 db",10000 g,10000.0,g,8006540857755,8299.0,Nincs készleten 8 299 Ft 106 Ft/db,https://shop.rossmann.hu/termek/pampers-premium-care-pelenka-3-as-meret-6kg-10kg-78-db
2026-08-21,Rossmann,Pampers,Női higiénia & baba,Pampers Premium Care Monthly Pack bugyipelenka 2-es méret 4-8 kg - 204 db,8000 g,8000.0,g,8006530223669,17072.0,Nincs készleten 17 072 Ft 84 Ft/db,https://shop.rossmann.hu/termek/pampers-premium-care-pelenka-meret-2-204-db-4kg-8kg
2026-08-21,Rossmann,Pampers,Női higiénia & baba,"Pampers Premium Care bugyipelenka 3-as méret, 6-10 kg - 180 db",10000 g,10000.0,g,8006530223720,17072.0,Nincs készleten 17 072 Ft 95 Ft/db,https://shop.rossmann.hu/termek/pampers-premium-care-pelenka-meret-3-180-db-6kg-10kg
2026-08-21,Rossmann,Pampers,Női higiénia & baba,"Pampers Premium Care Monthly Pack bugyipelenka 4-es méret, 9-14 kg - 156 db",14000 g,14000.0,g,8006530223591,17072.0,Nincs készleten 17 072 Ft 109 Ft/db,https://shop.rossmann.hu/termek/pampers-premium-care-pelenka-meret-4-156-db-9kg-14kg
2026-08-21,Rossmann,Pampers,Női higiénia & baba,"Pampers Premium Care Monthly Pack bugyipelenka 5-ös méret, 11-16 kg - 132 db",16000 g,16000.0,g,8006530223478,17072.0,Nincs készleten 17 072 Ft 129 Ft/db,https://shop.rossmann.hu/termek/pampers-premium-care-pelenka-meret-5-132-db-11kg-16kg
2026-08-21,Rossmann,Pampers,Női higiénia & baba,"Pampers Premium Care Month Pack bugyipelenka 6-os méret, 13-18 kg - 116 db",18000 g,18000.0,g,8006530223744,17072.0,Nincs készleten 17 072 Ft 147 Ft/db,https://shop.rossmann.hu/termek/pampers-premium-care-pelenka-meret-6-116-db-13kg-18kg
2026-08-21,Rossmann,Pampers,Női higiénia & baba,"Pampers Premium Care Megabox bugyipelenka 6-os méret, 13-18 kg - 76 db",18000 g,18000.0,g,8006530260176,11699.0,Nincs készleten 11 699 Ft 154 Ft/db,https://shop.rossmann.hu/termek/pampers-premium-care-pelenka-meret-6-76-db-13kg-18kg
2026-08-21,Rossmann,Pampers,Női higiénia & baba,"Pampers Premium Care Megabox bugyipelenka 7-es méret, 15+ kg - 64 db",64 db,64.0,db,8006530260145,11699.0,Nincs készleten 11 699 Ft 183 Ft/db,https://shop.rossmann.hu/termek/pampers-premium-care-pelenka-meret-7-64-db-15kg
2026-08-21,Rossmann,Pampers,Női higiénia & baba,Pampers Premium Care Monthly Pack 7-es 15+kg - 99db,99 db,99.0,db,8006530223584,17072.0,Nincs készleten 17 072 Ft 172 Ft/db,https://shop.rossmann.hu/termek/pampers-premium-care-pelenka-meret-7-99-db-15kg
2026-08-21,Rossmann,Pampers,Női higiénia & baba,"Pampers Premium Care pelenka 0-ás méret, 1-2,5 kg - 30 db",2500 g,2500.0,g,4015400536857,2376.0,Nincs készleten 2 376 Ft 79 Ft/db,https://shop.rossmann.hu/termek/pampers-premium-care-ujszulott-30-db
2026-08-21,Rossmann,Pampers,Női higiénia & baba,Pampers Sensitive XXL nedves törlőkendő 12x80 db - 960 db,960 db,960.0,db,8006530134668,11399.0,Nincs készleten 11 399 Ft 12 Ft/db,https://shop.rossmann.hu/termek/pampers-sensitive-baby-nedves-torlokendo-12-csomag-x-80-torlokendo-960-db-baba-nedves-torlokendo
2026-08-21,Rossmann,Pampers,Női higiénia & baba,Pampers Sensitive nedves törlőkendő 2x80 - 160 db,160 db,160.0,db,8006530135252,2799.0,Nincs készleten 2 799 Ft 17 Ft/db,https://shop.rossmann.hu/termek/pampers-sensitive-baby-nedves-torlokendo-2-csomag-x-80-torlokendo-160-db-baba-nedves-torlokendo
2026-08-21,Rossmann,Pampers,Női higiénia & baba,Pampers Sensitive XXL nedves törlőkendő 3x80 db - 240 db,240 db,240.0,db,8006530134521,3999.0,Nincs készleten 3 999 Ft 17 Ft/db,https://shop.rossmann.hu/termek/pampers-sensitive-baby-nedves-torlokendo-3-csomag-x-80-torlokendo-240-db-baba-nedves-torlokendo
2026-08-21,Rossmann,Pampers,Női higiénia & baba,Pampers Sensitive XXL nedves törlőkendő 9x80 db - 720 db,720 db,720.0,db,8006530134750,8729.0,Nincs készleten 8 729 Ft 12 Ft/db,https://shop.rossmann.hu/termek/pampers-sensitive-baby-nedves-torlokendo-9-csomag-x-80-torlokendo-720-db-baba-nedves-torlokendo
2026-08-21,Rossmann,Pampers,Női higiénia & baba,Pampers Sensitive nedves törlőkendő (15x80 db) - 1200 db,1200 db,1200.0,db,8001841063188,13699.0,Nincs készleten 13 699 Ft 11 Ft/db,https://shop.rossmann.hu/termek/pampers-sensitive-torlokendo-15x80-1200-db
2026-08-21,Rossmann,Pampers,Női higiénia & baba,Pampers Sensitive nedves törlőkendő (4x52) - 208 db,208 db,208.0,db,8700216783491,3599.0,Nincs készleten 3 599 Ft 17 Ft/db,https://shop.rossmann.hu/termek/pampers-sensitive-torlokendo-4x52-208-db
2026-08-21,Rossmann,Pampers,Női higiénia & baba,Pampers Sensitive nedves törlőkendő - 52 db,52 db,52.0,db,8006540523056,899.0,Nincs készleten 899 Ft 17 Ft/db,https://shop.rossmann.hu/termek/pampers-sensitive-torlokendo-52-db-3
2026-08-21,Rossmann,Pampers,Női higiénia & baba,Pampers Sensitive nedves törlőkendő - 80 db,80 db,80.0,db,8001841041421,1369.0,Nincs készleten 1 369 Ft 17 Ft/db,https://shop.rossmann.hu/termek/pampers-sensitive-torlokendo-80-db
2026-08-21,Rossmann,Pampers,Női higiénia & baba,Pampers Sensitive nedves törlőkendő (4x80) - 320 db,320 db,320.0,db,8001841062754,4999.0,Nincs készleten 4 999 Ft 16 Ft/db,https://shop.rossmann.hu/termek/pampers-torlokendo-sensitive-4x80-320-db
2026-08-21,Rossmann,Pampers,Női higiénia & baba,Pampers Sensitive nedves törlőkendő (6*80) - 480 db,480 db,480.0,db,8006540174531,6199.0,Nincs készleten 6 199 Ft 13 Ft/db,https://shop.rossmann.hu/termek/pampers-torlokendo-sensitive-6-80-480-db-1
2026-08-21,dm,Head & Shoulders,Hajápolás,"Sampon hajhullás és korpásodás ellen, 400 ml",400 ml,400.0,ml,8006540833605,2149.0,,https://www.dm.hu/p/d/2026973/head-shoulders-sampon-hajhullas-es-korpasodas-ellen
2026-08-21,dm,Head & Shoulders,Hajápolás,"Sampon korpásodás ellen, Citrus Fresh, 250 ml",250 ml,250.0,ml,8006540063286,1299.0,,https://www.dm.hu/p/d/2032460/head-shoulders-sampon-korpasodas-ellen-citrus-fresh
2026-08-21,dm,Head & Shoulders,Hajápolás,"Sampon korpásodás ellen Citrus Fresh, XXL, 800 ml",800 ml,800.0,ml,8700216156172,3739.0,,https://www.dm.hu/p/d/2032461/head-shoulders-sampon-korpasodas-ellen-citrus-fresh-xxl
2026-08-21,dm,Head & Shoulders,Hajápolás,"Sampon korpásodás ellen Classic Clean XXL, 800 ml",800 ml,800.0,ml,8700216156134,3739.0,,https://www.dm.hu/p/d/2032462/head-shoulders-sampon-korpasodas-ellen-classic-clean-xxl
2026-08-21,dm,Head & Shoulders,Hajápolás,"Sampon korpásodás ellen, Menthol Fresh, nagy kiszerelés, 400 ml",400 ml,400.0,ml,5011321336094,2149.0,,https://www.dm.hu/p/d/2032476/head-shoulders-sampon-korpasodas-ellen-menthol-fresh-nagy-kiszereles
2026-08-21,dm,Head & Shoulders,Hajápolás,"Sampon korpásodás ellen Apple Fresh, nagy kiszerelés, 400 ml",400 ml,400.0,ml,5410076659456,2149.0,,https://www.dm.hu/p/d/2032479/head-shoulders-sampon-korpasodas-ellen-apple-fresh-nagy-kiszereles
2026-08-21,dm,Head & Shoulders,Hajápolás,"Sampon korpásodás ellen Menthol Fresh XXL, 800 ml",800 ml,800.0,ml,8700216156196,3739.0,,https://www.dm.hu/p/d/2032513/head-shoulders-sampon-korpasodas-ellen-menthol-fresh-xxl
2026-08-21,dm,Head & Shoulders,Hajápolás,"Sampon korpásodás ellen Citrus Fresh, nagy kiszerelés, 400 ml",400 ml,400.0,ml,5011321336032,2149.0,,https://www.dm.hu/p/d/2036398/head-shoulders-sampon-korpasodas-ellen-citrus-fresh-nagy-kiszereles
2026-08-21,dm,Head & Shoulders,Hajápolás,"Sampon korpásodás ellen Deep hydration, 400 ml",400 ml,400.0,ml,8001841406688,2149.0,,https://www.dm.hu/p/d/2115035/head-shoulders-sampon-korpasodas-ellen-deep-hydration
2026-08-21,dm,Head & Shoulders,Hajápolás,"Sampon Korpásodás ellen Classic Clean, 400 ml",400 ml,400.0,ml,5011321336049,2149.0,,https://www.dm.hu/p/d/2127665/head-shoulders-sampon-korpasodas-ellen-classic-clean
2026-08-21,dm,Head & Shoulders,Hajápolás,"Sampon korpásodás ellen, Classic Clean, 250 ml",250 ml,250.0,ml,8006540063330,1299.0,,https://www.dm.hu/p/d/2137430/head-shoulders-sampon-korpasodas-ellen-classic-clean
2026-08-21,dm,Head & Shoulders,Hajápolás,"Sampon korpásodás ellen Apple Fresh, 250 ml",250 ml,250.0,ml,8006540063248,1299.0,,https://www.dm.hu/p/d/2137462/head-shoulders-sampon-korpasodas-ellen-apple-fresh
2026-08-21,dm,Head & Shoulders,Hajápolás,"Sampon korpásodás ellen Classic Clean 2in1, 330 ml",330 ml,330.0,ml,8700216157919,1259.0,,https://www.dm.hu/p/d/2277961/head-shoulders-sampon-korpasodas-ellen-classic-clean-2in1
2026-08-21,dm,Head & Shoulders,Hajápolás,"Sampon korpásodás ellen Apple Fresh 2in1, 330 ml",330 ml,330.0,ml,8700216304689,1259.0,,https://www.dm.hu/p/d/2277962/head-shoulders-sampon-korpasodas-ellen-apple-fresh-2in1
2026-08-21,dm,Head & Shoulders,Hajápolás,"Sampon korpásodás ellen Menthol Fresh 2in1, 330 ml",330 ml,330.0,ml,8700216304825,1259.0,,https://www.dm.hu/p/d/2277963/head-shoulders-sampon-korpasodas-ellen-menthol-fresh-2in1
2026-08-21,dm,Head & Shoulders,Hajápolás,"Sampon korpásodás ellen Smooth&Silky 2in1, 330 ml",330 ml,330.0,ml,8700216304856,1259.0,,https://www.dm.hu/p/d/2277964/head-shoulders-sampon-korpasodas-ellen-smooth-silky-2in1
2026-08-21,dm,Head & Shoulders,Hajápolás,"Sampon korpásodás ellen, Menthol Fresh, 250 ml",250 ml,250.0,ml,8006540063385,1299.0,,https://www.dm.hu/p/d/2277965/head-shoulders-sampon-korpasodas-ellen-menthol-fresh
2026-08-21,dm,Head & Shoulders,Hajápolás,"Sampon korpásodás ellen Citrus Fresh, 500 ml",500 ml,500.0,ml,8700216305303,1629.0,,https://www.dm.hu/p/d/2717902/head-shoulders-sampon-korpasodas-ellen-citrus-fresh
2026-08-21,dm,Head & Shoulders,Hajápolás,"Sampon korpásodás ellen Classic Clean, 500 ml",500 ml,500.0,ml,8700216157933,1629.0,,https://www.dm.hu/p/d/2717905/head-shoulders-sampon-korpasodas-ellen-classic-clean
2026-08-21,dm,Head & Shoulders,Hajápolás,"Sampon korpásodás ellen Apple Fresh, XXL, 800 ml",800 ml,800.0,ml,8700216306782,3739.0,,https://www.dm.hu/p/d/2717907/head-shoulders-sampon-korpasodas-ellen-apple-fresh-xxl
2026-08-21,dm,Head & Shoulders,Hajápolás,"Sampon korpásodás ellen Menthol Fresh, 500 ml",500 ml,500.0,ml,8700216158114,1629.0,,https://www.dm.hu/p/d/2951398/head-shoulders-sampon-korpasodas-ellen-menthol-fresh
2026-08-21,dm,Head & Shoulders,Hajápolás,"Sampon korpásodás ellen Deep Hydration, 500 ml",500 ml,500.0,ml,8700216305327,1629.0,,https://www.dm.hu/p/d/2951399/head-shoulders-sampon-korpasodas-ellen-deep-hydration
2026-08-21,dm,Head & Shoulders,Hajápolás,"Sampon korpásodás ellen Apple Fresh, 500 ml",500 ml,500.0,ml,8700216305259,1629.0,,https://www.dm.hu/p/d/2951400/head-shoulders-sampon-korpasodas-ellen-apple-fresh
2026-08-21,dm,Head & Shoulders,Hajápolás,"Sampon Korpásodás ellen Citrus Fresh 2in1, 330 ml",330 ml,330.0,ml,8700216304733,1259.0,,https://www.dm.hu/p/d/2951401/head-shoulders-sampon-korpasodas-ellen-citrus-fresh-2in1
2026-08-21,dm,Old Spice,Borotválkozás & testápolás,"Férfi sampon Ultra Old Spice, 800 ml",800 ml,800.0,ml,8700216658317,3739.0,,https://www.dm.hu/p/d/3045625/head-shoulders-ferfi-sampon-ultra-old-spice
2026-08-21,dm,Head & Shoulders,Hajápolás,"Sampon korpásodás ellen Clarify and Shine, 400 ml",400 ml,400.0,ml,8700216658461,2149.0,,https://www.dm.hu/p/d/3049661/head-shoulders-sampon-korpasodas-ellen-clarify-and-shine
2026-08-21,dm,Head & Shoulders,Hajápolás,"Sampon és balzsam 2in1 korpásodás ellen Classic Clean, 400 ml",400 ml,400.0,ml,8700216304917,2149.0,,https://www.dm.hu/p/d/3124781/head-shoulders-sampon-es-balzsam-2in1-korpasodas-ellen-classic-clean
2026-08-21,dm,Head & Shoulders,Hajápolás,"Sampon és balzsam 2 in 1 korpásodás ellen Citrus Fresh, 400 ml",400 ml,400.0,ml,8006530305372,2149.0,,https://www.dm.hu/p/d/3124788/head-shoulders-sampon-es-balzsam-2-in-1-korpasodas-ellen-citrus-fresh
2026-08-21,dm,Head & Shoulders,Hajápolás,"Sampon korpásodás ellen Thick & Strong, 400 ml",400 ml,400.0,ml,8006530171182,2149.0,,https://www.dm.hu/p/d/3124846/head-shoulders-sampon-korpasodas-ellen-thick-strong
2026-08-21,dm,Head & Shoulders,Hajápolás,"Sampon és balzsam 2in1 korpásodás ellen, Menthol Fresh, 400 ml",400 ml,400.0,ml,8700216305419,2149.0,,https://www.dm.hu/p/d/3124862/head-shoulders-sampon-es-balzsam-2in1-korpasodas-ellen-menthol-fresh
2026-08-21,dm,Head & Shoulders,Hajápolás,"Sampon és balzsam 2 in 1 korpásodás ellen Smooth & Silky, 400 ml",400 ml,400.0,ml,8006530305259,2149.0,,https://www.dm.hu/p/d/3124872/head-shoulders-sampon-es-balzsam-2-in-1-korpasodas-ellen-smooth-silky
2026-08-21,dm,Pantene,Hajápolás,"Keratinos hajpakolás Intensive Repair, gyenge és károsodott hajra, 300 ml",300 ml,300.0,ml,8006540608494,2499.0,,https://www.dm.hu/p/d/2009082/pantene-pro-v-keratinos-hajpakolas-intensive-repair-gyenge-es-karosodott-hajra
2026-08-21,dm,Pantene,Hajápolás,"Hajlakk Ultra Strong Hold, 250 ml",250 ml,250.0,ml,8006540650776,2199.0,,https://www.dm.hu/p/d/2026980/pantene-pro-v-hajlakk-ultra-strong-hold
2026-08-21,dm,Pantene,Hajápolás,"Hajhab Perfect Volume, 200 ml",200 ml,200.0,ml,8006540346815,2199.0,,https://www.dm.hu/p/d/2026981/pantene-pro-v-hajhab-perfect-volume
2026-08-21,dm,Pantene,Hajápolás,"Sampon Hydra Glow, száraz hajra, 250 ml",250 ml,250.0,ml,8700216323512,739.0,,https://www.dm.hu/p/d/2031849/pantene-pro-v-sampon-hydra-glow-szaraz-hajra
2026-08-21,dm,Pantene,Hajápolás,"Hidratáló hajpakolás Deep Hydration, száraz, károsodott hajra, 300 MM",,,,8700216173346,2099.0,,https://www.dm.hu/p/d/2033331/pantene-pro-v-hidratalo-hajpakolas-deep-hydration-szaraz-karosodott-hajra
2026-08-21,dm,Pantene,Hajápolás,"Hajápoló olaj, Keratin Protect, 100 ml",100 ml,100.0,ml,8006540124758,2399.0,,https://www.dm.hu/p/d/2073061/pantene-pro-v-hajapolo-olaj-keratin-protect
2026-08-21,dm,Pantene,Hajápolás,"Hajápoló olaj, Argan Infused, 100 ml",100 ml,100.0,ml,8006540124833,2399.0,,https://www.dm.hu/p/d/2089717/pantene-pro-v-hajapolo-olaj-argan-infused
2026-08-21,dm,Pantene,Hajápolás,"Sampon Intensive Repair, igénybevett hajra, nagy kiszerelés, 1 l",1000 ml,1000.0,ml,8001841617817,3175.0,,https://www.dm.hu/p/d/2125200/pantene-pro-v-sampon-intensive-repair-igenybevett-hajra-nagy-kiszereles
2026-08-21,dm,Pantene,Hajápolás,"Sampon Extra Volume, XXL, vékonyszálú hajú, 1 000 ml",0 ml,0.0,ml,8006540381830,3175.0,,https://www.dm.hu/p/d/2129095/pantene-pro-v-sampon-extra-volume-xxl-vekonyszalu-haju
2026-08-21,dm,Pantene,Hajápolás,"Balzsam Hydra Glow, száraz hajra, 160 MM",,,,8700216191609,999.0,,https://www.dm.hu/p/d/2277968/pantene-pro-v-balzsam-hydra-glow-szaraz-hajra
2026-08-21,dm,Pantene,Hajápolás,"Balzsam Infinitely Long, töredezett hajvégekre, 275 ml",275 ml,275.0,ml,8700216508957,1499.0,,https://www.dm.hu/p/d/2725033/pantene-pro-v-balzsam-infinitely-long-toredezett-hajvegekre
2026-08-21,dm,Pantene,Hajápolás,"Balzsam Intensive Repair, 275 ml",275 ml,275.0,ml,8700216422338,1499.0,,https://www.dm.hu/p/d/2725036/pantene-pro-v-balzsam-intensive-repair
2026-08-21,dm,Pantene,Hajápolás,"Balzsam Intensive Repair, 800 ml",800 ml,800.0,ml,8700216467391,3999.0,,https://www.dm.hu/p/d/2725037/pantene-pro-v-balzsam-intensive-repair
2026-08-21,dm,Pantene,Hajápolás,"Balzsma Aqualight, zsírosodásra hajlamos hajra, 275 ml",275 ml,275.0,ml,8700216509015,1499.0,,https://www.dm.hu/p/d/2725039/pantene-pro-v-balzsma-aqualight-zsirosodasra-hajlamos-hajra
2026-08-21,dm,Pantene,Hajápolás,"Sampon 3in1 Intensive Repair, 325 ml",325 ml,325.0,ml,8700216509022,1165.0,,https://www.dm.hu/p/d/2969971/pantene-pro-v-sampon-3in1-intensive-repair
2026-08-21,dm,Pantene,Hajápolás,"Sampon Intensive Repair, gyenge, sérült hajra, 625 ml",625 ml,625.0,ml,8700216509084,2069.0,,https://www.dm.hu/p/d/2970501/pantene-pro-v-sampon-intensive-repair-gyenge-serult-hajra
2026-08-21,dm,Pantene,Hajápolás,"Sampon Aqualight, vékonyszálú, zsírosodásra hajlamos hajra, 625 ml",625 ml,625.0,ml,8700216509299,2069.0,,https://www.dm.hu/p/d/2970544/pantene-pro-v-sampon-aqualight-vekonyszalu-zsirosodasra-hajlamos-hajra
2026-08-21,dm,Pantene,Hajápolás,"Sampon Infinitely Long, töredezett hajvégekre, 625 ml",625 ml,625.0,ml,8700216509312,2069.0,,https://www.dm.hu/p/d/2970557/pantene-pro-v-sampon-infinitely-long-toredezett-hajvegekre
2026-08-21,dm,Pantene,Hajápolás,"Regeneráló sampon Intensive Repair, 250 ml",250 ml,250.0,ml,8700216779463,605.0,,https://www.dm.hu/p/d/3058035/pantene-pro-v-regeneralo-sampon-intensive-repair
2026-08-21,dm,Pantene,Hajápolás,"Sampon és hajpakolás Intensive Repair, gyenge és sérült hajra, 700 ml",700 ml,700.0,ml,8700216883412,3299.0,,https://www.dm.hu/p/d/3059941/pantene-pro-v-sampon-es-hajpakolas-intensive-repair-gyenge-es-serult-hajra
2026-08-21,dm,Pantene,Hajápolás,"Hajpakolás Keratin Protect Smooth & Silky, 300 ml",300 ml,300.0,ml,8700216823555,2499.0,,https://www.dm.hu/p/d/3059950/pantene-pro-v-hajpakolas-keratin-protect-smooth-silky
2026-08-21,dm,Pantene,Hajápolás,"Balzsam Smooth & Silky, szálkás és megfakult hajra, 275 ml",275 ml,275.0,ml,8700216821124,1499.0,,https://www.dm.hu/p/d/3059956/pantene-pro-v-balzsam-smooth-silky-szalkas-es-megfakult-hajra
2026-08-21,dm,Pantene,Hajápolás,"Mélykondicionáló balzsam 3 Minute Miracle Smooth & Silky, 220 ml",220 ml,220.0,ml,8700216823609,1299.0,,https://www.dm.hu/p/d/3059964/pantene-pro-v-melykondicionalo-balzsam-3-minute-miracle-smooth-silky
2026-08-21,dm,Pantene,Hajápolás,"Sampon Smooth & Silky, szálkás és megfakult hajra, 400 ml",400 ml,400.0,ml,8700216821254,1329.0,,https://www.dm.hu/p/d/3059974/pantene-pro-v-sampon-smooth-silky-szalkas-es-megfakult-hajra
2026-08-21,dm,Pantene,Hajápolás,"Sampon és balzsam duopack Infinitely Long, 675 ml",675 ml,675.0,ml,8700216874229,2499.0,,https://www.dm.hu/p/d/3060768/pantene-pro-v-sampon-es-balzsam-duopack-infinitely-long
2026-08-21,dm,Pantene,Hajápolás,"Sampon és balzsam duopack Intensive Repair, 675 ml",675 ml,675.0,ml,8700216808675,2499.0,,https://www.dm.hu/p/d/3060924/pantene-pro-v-sampon-es-balzsam-duopack-intensive-repair
2026-08-21,dm,Pantene,Hajápolás,"Hajpermet Sunkiss Glow, 200 ml",200 ml,200.0,ml,8006530050999,2999.0,,https://www.dm.hu/p/d/3069612/pantene-pro-v-hajpermet-sunkiss-glow
2026-08-21,dm,Pantene,Hajápolás,"Hajbalzsam Hydration Recharge, normál és száraz hajra, 275 ml",275 ml,275.0,ml,8700216938839,1499.0,,https://www.dm.hu/p/d/3101851/pantene-pro-v-hajbalzsam-hydration-recharge-normal-es-szaraz-hajra
2026-08-21,dm,Pantene,Hajápolás,"Sampon Hydration Recharge, normál és száraz hajra, 400 ml",400 ml,400.0,ml,8700216938808,1329.0,,https://www.dm.hu/p/d/3101916/pantene-pro-v-sampon-hydration-recharge-normal-es-szaraz-hajra
2026-08-21,dm,Pantene,Hajápolás,"Hajpakolás Hydration Recharge Keratin Protect, rendkívül száraz hajra, 300 ml",300 ml,300.0,ml,8700216938761,2499.0,,https://www.dm.hu/p/d/3101926/pantene-pro-v-hajpakolas-hydration-recharge-keratin-protect-rendkivul-szaraz-hajra
2026-08-21,dm,Pantene,Hajápolás,"Hajápoló krém Hydration Recharge Heat & Glow, száraz, károsodott hajra, 135 ml",135 ml,135.0,ml,8006530007740,2749.0,,https://www.dm.hu/p/d/3101927/pantene-pro-v-hajapolo-krem-hydration-recharge-heat-glow-szaraz-karosodott-hajra
2026-08-21,dm,Pantene,Hajápolás,"Sampon Hydration Recharge, normál és száraz hajra, nagy kiszerelés, 1 l",1000 ml,1000.0,ml,8700216939195,3175.0,,https://www.dm.hu/p/d/3101928/pantene-pro-v-sampon-hydration-recharge-normal-es-szaraz-hajra-nagy-kiszereles
2026-08-21,dm,Pantene,Hajápolás,"Kerationos hajápoló olaj Love, Robert Indiana Artist Edition, 100 ml",100 ml,100.0,ml,8006530274661,2399.0,,https://www.dm.hu/p/d/3117875/pantene-pro-v-kerationos-hajapolo-olaj-love-robert-indiana-artist-edition
2026-08-21,dm,Pantene,Hajápolás,"Kerations balzsam Love, Robert Indiana Artist Edition, 220 ml",220 ml,220.0,ml,8006530275088,1999.0,,https://www.dm.hu/p/d/3117876/pantene-pro-v-kerations-balzsam-love-robert-indiana-artist-edition
2026-08-21,dm,Pantene,Hajápolás,"Keratinos sampon Love, Robert Indiana Artist Edition, 250 ml",250 ml,250.0,ml,8006530274722,885.0,,https://www.dm.hu/p/d/3117877/pantene-pro-v-keratinos-sampon-love-robert-indiana-artist-edition
2026-08-21,dm,Pantene,Hajápolás,"Keratinos hajpakolás Love, Robert Indiana Artist Edition, 300 ml",300 ml,300.0,ml,8006530274869,2499.0,,https://www.dm.hu/p/d/3117904/pantene-pro-v-keratinos-hajpakolas-love-robert-indiana-artist-edition
2026-08-21,dm,Pantene,Hajápolás,"Hajhullás elleni hajpakolás Grow Abundant, 300 ml",300 ml,300.0,ml,8006530058988,4599.0,,https://www.dm.hu/p/d/3121239/pantene-pro-v-hajhullas-elleni-hajpakolas-grow-abundant
2026-08-21,dm,Pantene,Hajápolás,"Hajhullás elleni sampon Grow Abundant, 290 ml",290 ml,290.0,ml,8006530060110,2229.0,,https://www.dm.hu/p/d/3121351/pantene-pro-v-hajhullas-elleni-sampon-grow-abundant
2026-08-21,dm,Pantene,Hajápolás,"Hajhullás elleni balzsam Grow Abundant, 250 ml",250 ml,250.0,ml,8006530059169,3599.0,,https://www.dm.hu/p/d/3121374/pantene-pro-v-hajhullas-elleni-balzsam-grow-abundant
2026-08-21,dm,Pantene,Hajápolás,"Hajregeneráló pakolás Molecular Bond, 90 ml",90 ml,90.0,ml,8700216637299,3199.0,,https://www.dm.hu/p/d/3124925/pantene-pro-v-hajregeneralo-pakolas-molecular-bond
2026-08-21,dm,Pantene,Hajápolás,"Hajhullás elleni szérum Grow Abundant, 60 ml",60 ml,60.0,ml,8006530088909,6599.0,,https://www.dm.hu/p/d/3124926/pantene-pro-v-hajhullas-elleni-szerum-grow-abundant
2026-08-21,dm,Pantene,Hajápolás,"Nem kiöblítendő hajspray, 75 ml",75 ml,75.0,ml,8006530443722,1599.0,,https://www.dm.hu/p/d/3145167/pantene-pro-v-nem-kioblitendo-hajspray
2026-08-21,dm,Aussie,Hajápolás,"Sampon SOS, száraz, igénybevett hajra, 300 ml",300 ml,300.0,ml,8700216421300,1815.0,,https://www.dm.hu/p/d/2724759/aussie-sampon-sos-szaraz-igenybevett-hajra
2026-08-21,dm,Aussie,Hajápolás,"Balzsam SOS 1 Minute Miracle All In One Repair, száraz, károsodott hajra, 250 ml",250 ml,250.0,ml,8700216437264,2699.0,,https://www.dm.hu/p/d/2724761/aussie-balzsam-sos-1-minute-miracle-all-in-one-repair-szaraz-karosodott-hajra
2026-08-21,dm,Aussie,Hajápolás,"Hajpakolás SOS Repair & Revive, rendkívül száraz, sérült hajra, 500 ml",500 ml,500.0,ml,8700216441063,3699.0,,https://www.dm.hu/p/d/2724763/aussie-hajpakolas-sos-repair-revive-rendkivul-szaraz-serult-hajra
2026-08-21,dm,Aussie,Hajápolás,"Hajápoló olaj SOS, 100 ml",100 ml,100.0,ml,8006540004876,2699.0,,https://www.dm.hu/p/d/2724820/aussie-hajapolo-olaj-sos
2026-08-21,dm,Aussie,Hajápolás,"SOS hajszérum Hydration, száraz hajra, 160 ml",160 ml,160.0,ml,8700216441094,2699.0,,https://www.dm.hu/p/d/2724845/aussie-sos-hajszerum-hydration-szaraz-hajra
2026-08-21,dm,Aussie,Hajápolás,"Hajbalzsam Deep Hydration, nagyon száraz hajra, 200 ml",200 ml,200.0,ml,8700216923781,2699.0,,https://www.dm.hu/p/d/3100857/aussie-hajbalzsam-deep-hydration-nagyon-szaraz-hajra
2026-08-21,dm,Aussie,Hajápolás,"Hajszérum Oh My Gloss, száraz hajra, 160 ml",160 ml,160.0,ml,8700216923125,2699.0,,https://www.dm.hu/p/d/3100881/aussie-hajszerum-oh-my-gloss-szaraz-hajra
2026-08-21,dm,Aussie,Hajápolás,"Sampon Deep Hydration, nagyon száraz hajra, 300 ml",300 ml,300.0,ml,8700216923446,1815.0,,https://www.dm.hu/p/d/3100884/aussie-sampon-deep-hydration-nagyon-szaraz-hajra
2026-08-21,dm,Aussie,Hajápolás,"Hajmaszk Deep Hydration, száraz, töredezett hajra, 500 ml",500 ml,500.0,ml,8700216890106,3699.0,,https://www.dm.hu/p/d/3100886/aussie-hajmaszk-deep-hydration-szaraz-toredezett-hajra
2026-08-21,dm,Aussie,Hajápolás,"Sampon Oh My Gloss, száraz hajra, 300 ml",300 ml,300.0,ml,8700216923132,1815.0,,https://www.dm.hu/p/d/3100896/aussie-sampon-oh-my-gloss-szaraz-hajra
2026-08-21,dm,Aussie,Hajápolás,"Balzsam Oh My Gloss, 200 ml",200 ml,200.0,ml,8700216923057,2699.0,,https://www.dm.hu/p/d/3102066/aussie-balzsam-oh-my-gloss
2026-08-21,dm,Aussie,Hajápolás,"Hajápoló olaj Reconstructor, 100 ml",100 ml,100.0,ml,8700216923521,2699.0,,https://www.dm.hu/p/d/3102082/aussie-hajapolo-olaj-reconstructor
2026-08-21,dm,Gillette,Borotválkozás & testápolás,"Borotvabetét Fusion5, 4 db",4 db,4.0,db,7702018866984,6739.0,,https://www.dm.hu/p/d/1414820/gillette-borotvabetet-fusion5
2026-08-21,dm,Gillette,Borotválkozás & testápolás,"Spa Breeze női borotvabetét, 4 db",4 db,4.0,db,7702018966783,5629.0,,https://www.dm.hu/p/d/1585994/gillette-venus-spa-breeze-noi-borotvabetet
2026-08-21,dm,Gillette,Borotválkozás & testápolás,"Férfi borotvabetét, Fusion5, 12 db",12 db,12.0,db,8006540986141,13899.0,,https://www.dm.hu/p/d/1690039/gillette-ferfi-borotvabetet-fusion5
2026-08-21,dm,Gillette,Borotválkozás & testápolás,"Series borotvazselé, érzékeny bőrre, 200 ml",200 ml,200.0,ml,7702018982011,1135.0,,https://www.dm.hu/p/d/1866617/gillette-series-borotvazsele-erzekeny-borre
2026-08-21,dm,Gillette,Borotválkozás & testápolás,"Mach3 borotva, 1 db",1 db,1.0,db,7702018020676,3999.0,,https://www.dm.hu/p/d/1868630/gillette-mach3-borotva
2026-08-21,dm,Gillette,Borotválkozás & testápolás,"Fusion5 borotvakészülék 2 betéttel, 1 db",1 db,1.0,db,7702018866946,5999.0,,https://www.dm.hu/p/d/2023909/gillette-fusion5-borotvakeszulek-2-betettel
2026-08-21,dm,Gillette,Borotválkozás & testápolás,"Fusion power borotvabetét, 4 db",4 db,4.0,db,7702018867219,7629.0,,https://www.dm.hu/p/d/2023912/gillette-fusion-power-borotvabetet
2026-08-21,dm,Gillette,Borotválkozás & testápolás,"Borotvazselé, Fusion sensitive, 200 ml",200 ml,200.0,ml,7702018617098,1515.0,,https://www.dm.hu/p/d/2023913/gillette-borotvazsele-fusion-sensitive
2026-08-21,dm,Gillette,Borotválkozás & testápolás,"Series Borotvazselé, Revitalising, 200 ml",200 ml,200.0,ml,7702018619658,1135.0,,https://www.dm.hu/p/d/2026791/gillette-series-borotvazsele-revitalising
2026-08-21,dm,Gillette,Borotválkozás & testápolás,"After shave krém, fényvédővel, SPF15, 50 ml",50 ml,50.0,ml,8001090303929,1449.0,,https://www.dm.hu/p/d/2026897/gillette-after-shave-krem-fenyvedovel-spf15
2026-08-21,dm,Gillette,Borotválkozás & testápolás,"Pro Borotvazselé Sensitive, 200 ml",200 ml,200.0,ml,7702018604005,519.0,,https://www.dm.hu/p/d/2027516/gillette-pro-borotvazsele-sensitive
2026-08-21,dm,Gillette,Borotválkozás & testápolás,"Női borotva készülék, 1 db",1 db,1.0,db,8006540816769,4999.0,,https://www.dm.hu/p/d/2029999/gillette-venus-noi-borotva-keszulek
2026-08-21,dm,Gillette,Borotválkozás & testápolás,"Női borotvapenge bikini, 3 db",3 db,3.0,db,8006540816837,4959.0,,https://www.dm.hu/p/d/2030002/gillette-venus-noi-borotvapenge-bikini
2026-08-21,dm,Gillette,Borotválkozás & testápolás,"Borotvabetét, Fusion5, 16 db",16 db,16.0,db,8001090819536,17055.0,,https://www.dm.hu/p/d/2030792/gillette-borotvabetet-fusion5
2026-08-21,dm,Gillette,Borotválkozás & testápolás,"Series Borotvahab Sensitive Soothing, 200 ml",200 ml,200.0,ml,8001090870926,199.0,,https://www.dm.hu/p/d/2031299/gillette-series-borotvahab-sensitive-soothing
2026-08-21,dm,Gillette,Borotválkozás & testápolás,"Borotvakészülék női 1 betéttel sugarberry, 1 db",1 db,1.0,db,8700216130516,3599.0,,https://www.dm.hu/p/d/2032929/gillette-venus-borotvakeszulek-noi-1-betettel-sugarberry
2026-08-21,dm,Gillette,Borotválkozás & testápolás,"Eldobható borotva Blue3 Plus Comfort, 4 db",4 db,4.0,db,7702018489787,1409.0,,https://www.dm.hu/p/d/2033228/gillette-eldobhato-borotva-blue3-plus-comfort
2026-08-21,dm,Gillette Venus,Borotválkozás & testápolás,"Női borotvabetét Venus ComfortGlide Breeze, 4 db",4 db,4.0,db,7702018886364,5865.0,,https://www.dm.hu/p/d/2036965/gillette-venus-noi-borotvabetet-venus-comfortglide-breeze
2026-08-21,dm,Gillette,Borotválkozás & testápolás,"Női borotvakészülék + 2 db betét ComfortGlide Breeze, 1 db",1 db,1.0,db,7702018886166,5199.0,,https://www.dm.hu/p/d/2036966/gillette-venus-noi-borotvakeszulek-2-db-betet-comfortglide-breeze
2026-08-21,dm,Gillette,Borotválkozás & testápolás,"Mach3 borotvabetét, 8 db",8 db,8.0,db,3014260239640,7505.0,,https://www.dm.hu/p/d/2041448/gillette-mach3-borotvabetet
2026-08-21,dm,Gillette,Borotválkozás & testápolás,"Embrace Borotvabetét, 4 db",4 db,4.0,db,7702018955527,6789.0,,https://www.dm.hu/p/d/2042944/gillette-venus-embrace-borotvabetet
2026-08-21,dm,Gillette,Borotválkozás & testápolás,"Férfi izzadásgátló gél, Arctic Ice, 70 ml",70 ml,70.0,ml,8006530030502,1419.0,,https://www.dm.hu/p/d/2043320/gillette-ferfi-izzadasgatlo-gel-arctic-ice
2026-08-21,dm,Gillette,Borotválkozás & testápolás,"Férfi izzadásgátló gél, Cool wave, 70 ml",70 ml,70.0,ml,8006530030564,1419.0,,https://www.dm.hu/p/d/2043322/gillette-ferfi-izzadasgatlo-gel-cool-wave
2026-08-21,dm,Gillette,Borotválkozás & testápolás,"Fusion5 borotvabetét, 8 db",8 db,8.0,db,7702018867059,11219.0,,https://www.dm.hu/p/d/2050305/gillette-fusion5-borotvabetet
2026-08-21,dm,Gillette,Borotválkozás & testápolás,"Női borotvakészülék Extra Smooth + betét, 1 db",1 db,1.0,db,7702018323012,4999.0,,https://www.dm.hu/p/d/2056274/gillette-venus-noi-borotvakeszulek-extra-smooth-betet
2026-08-21,dm,Gillette,Borotválkozás & testápolás,"Blue3 férfi eldobható borotva, 8 db",8 db,8.0,db,7702018489978,2519.0,,https://www.dm.hu/p/d/2058605/gillette-blue3-ferfi-eldobhato-borotva
2026-08-21,dm,Gillette,Borotválkozás & testápolás,"ProGlide manual borotvabetét, 4 db",4 db,4.0,db,7702018085514,7805.0,,https://www.dm.hu/p/d/2060825/gillette-proglide-manual-borotvabetet
2026-08-21,dm,Gillette,Borotválkozás & testápolás,"ProGlide power borotvabetét, 4 db",4 db,4.0,db,7702018085576,8469.0,,https://www.dm.hu/p/d/2060826/gillette-proglide-power-borotvabetet
2026-08-21,dm,Gillette,Borotválkozás & testápolás,"ProGlide manual borotva betét, 8 db",8 db,8.0,db,7702018085545,13185.0,,https://www.dm.hu/p/d/2060827/gillette-proglide-manual-borotva-betet
2026-08-21,dm,Gillette,Borotválkozás & testápolás,"Borotvazselé Proglide Hydrating, 200 ml",200 ml,200.0,ml,7702018465156,1515.0,,https://www.dm.hu/p/d/2060837/gillette-borotvazsele-proglide-hydrating
2026-08-21,dm,Gillette,Borotválkozás & testápolás,"Férfi borotvabetét, Mach3, 12 db",12 db,12.0,db,8006530028875,9285.0,,https://www.dm.hu/p/d/2065868/gillette-ferfi-borotvabetet-mach3
2026-08-21,dm,Gillette,Borotválkozás & testápolás,"Blue3 férfi eldobható borotva, 12 db",12 db,12.0,db,8700216148092,3229.0,,https://www.dm.hu/p/d/2066065/gillette-blue3-ferfi-eldobhato-borotva
2026-08-21,dm,Gillette,Borotválkozás & testápolás,"After shave, Sea Mist, 100 ml",100 ml,100.0,ml,7702018620265,3399.0,,https://www.dm.hu/p/d/2075685/gillette-after-shave-sea-mist
2026-08-21,dm,Gillette,Borotválkozás & testápolás,"Férfi blue II plus eldobható borotva, 14 db",14 db,14.0,db,7702018466979,2149.0,,https://www.dm.hu/p/d/2076243/gillette-ferfi-blue-ii-plus-eldobhato-borotva
2026-08-21,dm,Gillette,Borotválkozás & testápolás,"Eldobható borotva, Blue3 Sensitive, 3 db",3 db,3.0,db,7702018490080,1409.0,,https://www.dm.hu/p/d/2080436/gillette-eldobhato-borotva-blue3-sensitive
2026-08-21,dm,Gillette,Borotválkozás & testápolás,"Borotvanyél + 2db borotvapenge Fusion ProGlide FlexBall, 1 db",1 db,1.0,db,7702018390816,5999.0,,https://www.dm.hu/p/d/2084188/gillette-borotvanyel-2db-borotvapenge-fusion-proglide-flexball
2026-08-21,dm,Gillette,Borotválkozás & testápolás,"Borotvabetét Mach3 Turbo, 8 db",8 db,8.0,db,7702018416400,2299.0,,https://www.dm.hu/p/d/2087568/gillette-borotvabetet-mach3-turbo
2026-08-21,dm,Gillette,Borotválkozás & testápolás,"Blue II plus férfi eldobható borotva, 5 db",5 db,5.0,db,3014260283254,1249.0,,https://www.dm.hu/p/d/2097870/gillette-blue-ii-plus-ferfi-eldobhato-borotva
2026-08-21,dm,Gillette,Borotválkozás & testápolás,"Spa Breeze női borotvakészülék + betét, 1 db",1 db,1.0,db,7702018322862,5199.0,,https://www.dm.hu/p/d/2105006/gillette-venus-spa-breeze-noi-borotvakeszulek-betet
2026-08-21,dm,Gillette,Borotválkozás & testápolás,"Sensitive női eldobható borotva, 3 db",3 db,3.0,db,7702018491544,1409.0,,https://www.dm.hu/p/d/2105007/gillette-venus-sensitive-noi-eldobhato-borotva
2026-08-21,dm,Gillette,Borotválkozás & testápolás,"Plus 3 női eldobható borotva, 6 db",6 db,6.0,db,7702018426201,1645.0,,https://www.dm.hu/p/d/2105011/gillette-venus-plus-3-noi-eldobhato-borotva
2026-08-21,dm,Gillette,Borotválkozás & testápolás,"Smooth női borotvanyél + 5 db betét, 1 db",1 db,1.0,db,7702018363490,6599.0,,https://www.dm.hu/p/d/2111376/gillette-venus-smooth-noi-borotvanyel-5-db-betet
2026-08-21,dm,Gillette,Borotválkozás & testápolás,"Női borotva készülék Deluxe Smooth Sensitive RoseGold, 1 db",1 db,1.0,db,7702018609994,7999.0,,https://www.dm.hu/p/d/2118860/gillette-venus-noi-borotva-keszulek-deluxe-smooth-sensitive-rosegold
2026-08-21,dm,Gillette,Borotválkozás & testápolás,"Borotva, 5 db betéttel, 1 db",1 db,1.0,db,7702018590148,6999.0,,https://www.dm.hu/p/d/2123635/king-c-gillette-borotva-5-db-betettel
2026-08-21,dm,Gillette,Borotválkozás & testápolás,"Borotva betét, 10 db",10 db,10.0,db,7702018590179,599.0,,https://www.dm.hu/p/d/2123637/king-c-gillette-borotva-betet
2026-08-21,dm,Gillette,Borotválkozás & testápolás,"Simply női eldobható borotva, 12 db",12 db,12.0,db,7702018070732,2529.0,,https://www.dm.hu/p/d/2124724/gillette-venus-simply-noi-eldobhato-borotva
2026-08-21,dm,Gillette,Borotválkozás & testápolás,"Női borotvabetét Smooth Sensitive, 4 db",4 db,4.0,db,7702018575381,3249.0,,https://www.dm.hu/p/d/2124726/gillette-venus-noi-borotvabetet-smooth-sensitive
2026-08-21,dm,Gillette,Borotválkozás & testápolás,"Mach3 borotva 5db betéttel, 1 db",1 db,1.0,db,7702018610181,5999.0,,https://www.dm.hu/p/d/2125341/gillette-mach3-borotva-5db-betettel
2026-08-21,dm,Gillette,Borotválkozás & testápolás,"Mach3 borotvabetét, 5 db",5 db,5.0,db,7702018552313,5599.0,,https://www.dm.hu/p/d/2125342/gillette-mach3-borotvabetet
2026-08-21,dm,Gillette,Borotválkozás & testápolás,"Mach3 borotvabetét, 16 db",16 db,16.0,db,7702018582907,11459.0,,https://www.dm.hu/p/d/2125343/gillette-mach3-borotvabetet
2026-08-21,dm,Gillette,Borotválkozás & testápolás,"Borotvabetét Mach3 Turbo, 5 db",5 db,5.0,db,7702018552344,1899.0,,https://www.dm.hu/p/d/2125346/gillette-borotvabetet-mach3-turbo
2026-08-21,dm,Gillette,Borotválkozás & testápolás,"Eldobható női borotva Simply Venus3, 4 db",4 db,4.0,db,8700216143608,939.0,,https://www.dm.hu/p/d/2283610/gillette-venus-eldobhato-noi-borotva-simply-venus3
2026-08-21,dm,Gillette,Borotválkozás & testápolás,"Series Artic Ice, After Shave Splash, 100 ml",100 ml,100.0,ml,7702018620180,3399.0,,https://www.dm.hu/p/d/2327413/gillette-series-artic-ice-after-shave-splash
2026-08-21,dm,Gillette,Borotválkozás & testápolás,"Eldobható borotva dragonfruit, 6 db",6 db,6.0,db,7702018615063,1679.0,,https://www.dm.hu/p/d/2428102/gillette-venus-eldobhato-borotva-dragonfruit
2026-08-21,dm,Gillette,Borotválkozás & testápolás,"Borotvazselé Mach3 Extra Comfort, 240 ml",240 ml,240.0,ml,7702018405015,1375.0,,https://www.dm.hu/p/d/2441184/gillette-borotvazsele-mach3-extra-comfort
2026-08-21,dm,Gillette,Borotválkozás & testápolás,"Series Borotvazselé Cooling, 200 ml",200 ml,200.0,ml,7702018457786,1139.0,,https://www.dm.hu/p/d/2441185/gillette-series-borotvazsele-cooling
2026-08-21,dm,Gillette,Borotválkozás & testápolás,"Eldobható női borotva, tropical, 3 db",3 db,3.0,db,7702018426263,1489.0,,https://www.dm.hu/p/d/2481889/gillette-venus-eldobhato-noi-borotva-tropical
2026-08-21,dm,Gillette,Borotválkozás & testápolás,"Fusion borotva készülék 5db betéttel + állvánnyal, 1 db",1 db,1.0,db,8700216356794,10999.0,,https://www.dm.hu/p/d/2486674/gillette-fusion-borotva-keszulek-5db-betettel-allvannyal
2026-08-21,dm,Gillette,Borotválkozás & testápolás,"Mach3 borotva készülék 6 db betéttel + állvánnyal, 1 db",1 db,1.0,db,8700216399807,2299.0,,https://www.dm.hu/p/d/2486727/gillette-mach3-borotva-keszulek-6-db-betettel-allvannyal
2026-08-21,dm,Gillette,Borotválkozás & testápolás,"ProGlide borotva készülék 4 db betéttel és állvánnyal, 1 db",1 db,1.0,db,8700216357227,10999.0,,https://www.dm.hu/p/d/2486755/gillette-proglide-borotva-keszulek-4-db-betettel-es-allvannyal
2026-08-21,dm,Gillette,Borotválkozás & testápolás,"Eldobható borotva Blue 3, 6 db",6 db,6.0,db,7702018490134,1955.0,,https://www.dm.hu/p/d/2625554/gillette-eldobhato-borotva-blue-3
2026-08-21,dm,Gillette,Borotválkozás & testápolás,"Férfi izzadásgátló gél, Power Rush, 70 ml",70 ml,70.0,ml,8006530030342,1419.0,,https://www.dm.hu/p/d/2628189/gillette-ferfi-izzadasgatlo-gel-power-rush
2026-08-21,dm,Gillette,Borotválkozás & testápolás,"After shave balzsam, Sensitive, 100 ml",100 ml,100.0,ml,8700216467346,2899.0,,https://www.dm.hu/p/d/2695139/gillette-after-shave-balzsam-sensitive
2026-08-21,dm,Gillette,Borotválkozás & testápolás,"Blue3 Plus férfi eldobható borotva, 4 db",4 db,4.0,db,8700216423489,1409.0,,https://www.dm.hu/p/d/2718277/gillette-blue3-plus-ferfi-eldobhato-borotva
2026-08-21,dm,Gillette,Borotválkozás & testápolás,"Férfi izzadásgátló gél, Champion Gold, 70 ml",70 ml,70.0,ml,8006530030045,1419.0,,https://www.dm.hu/p/d/2951686/gillette-ferfi-izzadasgatlo-gel-champion-gold
2026-08-21,dm,Gillette,Borotválkozás & testápolás,"Női eldobható borotva tropical, 6 db",6 db,6.0,db,8700216274746,1969.0,,https://www.dm.hu/p/d/2952013/gillette-venus-noi-eldobhato-borotva-tropical
2026-08-21,dm,Gillette,Borotválkozás & testápolás,"Borotvabetét breeze, 10 db",10 db,10.0,db,8006540854747,10559.0,,https://www.dm.hu/p/d/2952149/gillette-venus-borotvabetet-breeze
2026-08-21,dm,Gillette,Borotválkozás & testápolás,"Borotva + betét breeze, 6 db",6 db,6.0,db,8006540854860,10999.0,,https://www.dm.hu/p/d/2952150/gillette-venus-borotva-betet-breeze
2026-08-21,dm,Gillette,Borotválkozás & testápolás,"Series borotvazselé Sensitive, 400 ml",400 ml,400.0,ml,8700216591850,2215.0,,https://www.dm.hu/p/d/2971718/gillette-series-borotvazsele-sensitive
2026-08-21,dm,Gillette,Borotválkozás & testápolás,"King C. PRO szakállvágó, 1 db",1 db,1.0,db,8700216659659,21999.0,,https://www.dm.hu/p/d/2974153/king-c-gillette-king-c-pro-szakallvago
2026-08-21,dm,Gillette,Borotválkozás & testápolás,"Borotválkozás előtti krém, 177 ml",177 ml,177.0,ml,8700216600132,599.0,,https://www.dm.hu/p/d/2974160/gillette-intimate-borotvalkozas-elotti-krem
2026-08-21,dm,Gillette,Borotválkozás & testápolás,"Kipattogás elleni stift, 48 g",48 g,48.0,g,8700216600002,999.0,,https://www.dm.hu/p/d/2974171/gillette-intimate-kipattogas-elleni-stift
2026-08-21,dm,Gillette,Borotválkozás & testápolás,"Szőrtelenítő trimmer, 1 db",1 db,1.0,db,8700216631204,10999.0,,https://www.dm.hu/p/d/2974184/gillette-intimate-szortelenito-trimmer
2026-08-21,dm,Gillette,Borotválkozás & testápolás,"Szőrtelenítő trimmer i3, 1 db",1 db,1.0,db,8700216631211,4699.0,,https://www.dm.hu/p/d/2974194/gillette-intimate-szortelenito-trimmer-i3
2026-08-21,dm,Gillette,Borotválkozás & testápolás,"Borotvahab érzékeny bőrre, 400 ml",400 ml,400.0,ml,8700216497039,1145.0,,https://www.dm.hu/p/d/2974853/gillette-borotvahab-erzekeny-borre
2026-08-21,dm,Gillette,Borotválkozás & testápolás,"Blue3 férfi eldobható borotva, 12 db",12 db,12.0,db,8006540808771,2579.0,,https://www.dm.hu/p/d/2975220/gillette-blue3-ferfi-eldobhato-borotva
2026-08-21,dm,Gillette,Borotválkozás & testápolás,"Blue3 férfi eldobható borotva, 8 db",8 db,8.0,db,8006540808764,2015.0,,https://www.dm.hu/p/d/2977378/gillette-blue3-ferfi-eldobhato-borotva
2026-08-21,dm,Gillette,Borotválkozás & testápolás,"Férfi izzadásgátló gél, Sport Triumph, 70 ml",70 ml,70.0,ml,8006530030458,1419.0,,https://www.dm.hu/p/d/3008495/gillette-ferfi-izzadasgatlo-gel-sport-triumph
2026-08-21,dm,Gillette,Borotválkozás & testápolás,"Sensor 3+ borotva Sensitive, 8db betéttel, 1 db",1 db,1.0,db,8700216639477,1079.0,,https://www.dm.hu/p/d/3058482/gillette-sensor-3-borotva-sensitive-8db-betettel
2026-08-21,dm,Gillette,Borotválkozás & testápolás,"Sensor 3+ borotva betét, Sensitive, 8 db",8 db,8.0,db,8700216743099,1299.0,,https://www.dm.hu/p/d/3058493/gillette-sensor-3-borotva-betet-sensitive
2026-08-21,dm,Gillette,Borotválkozás & testápolás,"Sensor 3+ borotva 8 db betéttel, Special Edition, 1 db",1 db,1.0,db,8700216639606,3799.0,,https://www.dm.hu/p/d/3058494/gillette-sensor-3-borotva-8-db-betettel-special-edition
2026-08-21,dm,Gillette,Borotválkozás & testápolás,"Smooth Miami Női eldobható borotva, 6 db",6 db,6.0,db,8700216756907,1969.0,,https://www.dm.hu/p/d/3062308/gillette-venus-smooth-miami-noi-eldobhato-borotva
2026-08-21,dm,Gillette,Borotválkozás & testápolás,"ComfortGlide Miami Női borotva sugarberry illattal, 1 db",1 db,1.0,db,8700216674195,4899.0,,https://www.dm.hu/p/d/3062395/gillette-venus-comfortglide-miami-noi-borotva-sugarberry-illattal
2026-08-21,dm,Gillette,Borotválkozás & testápolás,"Smooth Miami Női eldobható borotva, 3 db",3 db,3.0,db,8700216756884,1509.0,,https://www.dm.hu/p/d/3062413/gillette-venus-smooth-miami-noi-eldobhato-borotva
2026-08-21,dm,Gillette,Borotválkozás & testápolás,"ComfortGlide Miami női borotvabetét sugarberry illattal, 3 db",3 db,3.0,db,8700216674164,6029.0,,https://www.dm.hu/p/d/3065339/gillette-venus-comfortglide-miami-noi-borotvabetet-sugarberry-illattal
2026-08-21,dm,Gillette,Borotválkozás & testápolás,"ComfortGlide Breeze borotva + 4 borotvabetét, 4 db",4 db,4.0,db,8700216895538,7999.0,,https://www.dm.hu/p/d/3065803/gillette-venus-comfortglide-breeze-borotva-4-borotvabetet
2026-08-21,dm,Gillette,Borotválkozás & testápolás,"3 Colors Női eldobható borotva, 4 db",4 db,4.0,db,8700216506991,849.0,,https://www.dm.hu/p/d/3065822/gillette-venus-3-colors-noi-eldobhato-borotva
2026-08-21,dm,Gillette,Borotválkozás & testápolás,"Borotva ComfortGlow Argan Oil +3 borotvafej, 1 db",1 db,1.0,db,8006530183796,8999.0,,https://www.dm.hu/p/d/3120149/gillette-venus-borotva-comfortglow-argan-oil-3-borotvafej
2026-08-21,dm,Gillette,Borotválkozás & testápolás,"Labs borotva, 1 db betéttel, 1 db",1 db,1.0,db,8006530112406,5999.0,,https://www.dm.hu/p/d/3124396/gillette-labs-borotva-1-db-betettel
2026-08-21,dm,Gillette,Borotválkozás & testápolás,"Labs Borotvabetét, 4 db",4 db,4.0,db,8006530277846,7995.0,,https://www.dm.hu/p/d/3124588/gillette-labs-borotvabetet
2026-08-21,dm,Gillette,Borotválkozás & testápolás,"Labs Borotvakészülék, 3 db betéttel, 1 db",1 db,1.0,db,8006530112529,10999.0,,https://www.dm.hu/p/d/3124594/gillette-labs-borotvakeszulek-3-db-betettel
2026-08-21,dm,Gillette,Borotválkozás & testápolás,"Labs Borotvagél, 198 ml",198 ml,198.0,ml,8006530215138,1879.0,,https://www.dm.hu/p/d/3124606/gillette-labs-borotvagel
2026-08-21,dm,Gillette,Borotválkozás & testápolás,"Labs Borotvabetét, 8 db",8 db,8.0,db,8006530277907,14019.0,,https://www.dm.hu/p/d/3124752/gillette-labs-borotvabetet
2026-08-21,dm,Gillette,Borotválkozás & testápolás,"Férfi borotvahab, 250 ml",250 ml,250.0,ml,8006530159142,1009.0,,https://www.dm.hu/p/d/3124753/gillette-ferfi-borotvahab
2026-08-21,dm,Gillette,Borotválkozás & testápolás,"Férfi borotvahab, Sensitive, 250 ml",250 ml,250.0,ml,8006530154710,1009.0,,https://www.dm.hu/p/d/3124754/gillette-ferfi-borotvahab-sensitive
2026-08-21,dm,Gillette,Borotválkozás & testápolás,"Férfi borotvahab, 400 ml",400 ml,400.0,ml,8006530162982,1199.0,,https://www.dm.hu/p/d/3124755/gillette-ferfi-borotvahab
2026-08-21,dm,Gillette,Borotválkozás & testápolás,"Borotvabetét argánolajjal ComfortGlow, 6 db",6 db,6.0,db,8006530183963,10749.0,,https://www.dm.hu/p/d/3126485/gillette-venus-borotvabetet-arganolajjal-comfortglow
2026-08-21,dm,Gillette,Borotválkozás & testápolás,"Borotvabetét Smooth, 8 db",8 db,8.0,db,8700216969031,6789.0,,https://www.dm.hu/p/d/3126492/gillette-venus-borotvabetet-smooth
2026-08-21,dm,Gillette,Borotválkozás & testápolás,"Borotvabetét ComfortGlide Breeze + pengevédő, 6 db",6 db,6.0,db,8700216969314,7895.0,,https://www.dm.hu/p/d/3126494/gillette-venus-borotvabetet-comfortglide-breeze-pengevedo
2026-08-21,dm,Gillette,Borotválkozás & testápolás,"Női borotva Pro Comfortglide Sugarberry, 1 db",1 db,1.0,db,8700216970020,8999.0,,https://www.dm.hu/p/d/3126496/gillette-venus-noi-borotva-pro-comfortglide-sugarberry
2026-08-21,dm,Gillette,Borotválkozás & testápolás,"Borotvabetét Pro ComfortGlide Sugarberry, 6 db",6 db,6.0,db,8700216969253,10749.0,,https://www.dm.hu/p/d/3126497/gillette-venus-borotvabetet-pro-comfortglide-sugarberry
2026-08-21,dm,Gillette,Borotválkozás & testápolás,"Eldobható női borotva Extra Comfort Sensitive, 6 db",6 db,6.0,db,8006530108256,1999.0,,https://www.dm.hu/p/d/3133769/gillette-venus-eldobhato-noi-borotva-extra-comfort-sensitive
2026-08-21,dm,Gillette,Borotválkozás & testápolás,"Női borotvabetét Pro Smooth Sensitive érzékeny bőrre, 3 db",3 db,3.0,db,8700216968928,6439.0,,https://www.dm.hu/p/d/3133772/gillette-venus-noi-borotvabetet-pro-smooth-sensitive-erzekeny-borre
2026-08-21,dm,Gillette Venus,Borotválkozás & testápolás,"Női eldobható borotva Venus Comfort Colours, 8 db",8 db,8.0,db,8006530129954,2029.0,,https://www.dm.hu/p/d/3133784/gillette-venus-noi-eldobhato-borotva-venus-comfort-colours
2026-08-21,dm,Braun,Borotválkozás & testápolás,"Epilátor Silk·épil 7, 1 db",1 db,1.0,db,8700216963367,37999.0,,https://www.dm.hu/p/d/1714559/braun-epilator-silk-epil-7
2026-08-21,dm,Braun,Borotválkozás & testápolás,"Brows Lady Shaver FG1100 Box - mini trimmer, szemöldökformázó, 1 db",1 db,1.0,db,4210201423645,12999.0,,https://www.dm.hu/p/d/1722814/braun-brows-lady-shaver-fg1100-box-mini-trimmer-szemoldokformazo
2026-08-21,dm,Braun,Borotválkozás & testápolás,"Elektromos borotva, Series 3, 1 db",1 db,1.0,db,4210201163305,26999.0,,https://www.dm.hu/p/d/1899588/braun-elektromos-borotva-series-3
2026-08-21,dm,Braun,Borotválkozás & testápolás,"Epilátor női SE3-276, 1 db",1 db,1.0,db,4210201423461,15399.0,,https://www.dm.hu/p/d/2164560/braun-epilator-noi-se3-276
2026-08-21,dm,Braun,Borotválkozás & testápolás,"Multifunkciós elektromos borotva és szakállvágó, XT5, 1 db",1 db,1.0,db,8001090794987,21999.0,,https://www.dm.hu/p/d/2446495/braun-multifunkcios-elektromos-borotva-es-szakallvago-xt5
2026-08-21,dm,Braun,Borotválkozás & testápolás,"Villanófényes szőrtelenítő PL1124, 1 db",1 db,1.0,db,4210201439141,104999.0,,https://www.dm.hu/p/d/2952147/braun-villanofenyes-szortelenito-pl1124
2026-08-21,dm,Braun,Borotválkozás & testápolás,"Elektromos borotva, XT3, 1 db",1 db,1.0,db,8001090941015,4999.0,,https://www.dm.hu/p/d/3078968/braun-elektromos-borotva-xt3
2026-08-21,dm,Braun,Borotválkozás & testápolás,"Multifunkciós elektromos borotva és szakállvágó, AIO3500, 1 db",1 db,1.0,db,8700216429337,15999.0,,https://www.dm.hu/p/d/3079022/braun-multifunkcios-elektromos-borotva-es-szakallvago-aio3500
2026-08-21,dm,Braun,Borotválkozás & testápolás,"Multifunkciós elektromos borotva és szakállvágó és testszőrzet ápoló, AIO55400, 1 db",1 db,1.0,db,8700216429504,25999.0,,https://www.dm.hu/p/d/3079023/braun-multifunkcios-elektromos-borotva-es-szakallvago-es-testszorzet-apolo-aio55400
2026-08-21,dm,Braun,Borotválkozás & testápolás,"Elektromos szakállvágó BT3500, 1 db",1 db,1.0,db,8700216428262,17999.0,,https://www.dm.hu/p/d/3079024/braun-elektromos-szakallvago-bt3500
2026-08-21,dm,Braun,Borotválkozás & testápolás,"Epilátor Silk·épil 5 SE5-011, 1 db",1 db,1.0,db,8700216963015,27999.0,,https://www.dm.hu/p/d/3121852/braun-epilator-silk-epil-5-se5-011
2026-08-21,dm,Braun,Borotválkozás & testápolás,"Elektromos szakállvágó BT5520, 1 db",1 db,1.0,db,8700216428422,23999.0,,https://www.dm.hu/p/d/3124711/braun-elektromos-szakallvago-bt5520
2026-08-21,dm,Braun,Borotválkozás & testápolás,"Vezetékes epilátor Silk·épil 3 3-000, rózsaszín, 1 db",1 db,1.0,db,8700216962988,17999.0,,https://www.dm.hu/p/d/3132468/braun-vezetekes-epilator-silk-epil-3-3-000-rozsaszin
2026-08-21,dm,Braun,Borotválkozás & testápolás,"Vezetékes epilátor Silk·épil 3 SE3-033, 1 db",1 db,1.0,db,8700216962940,21999.0,,https://www.dm.hu/p/d/3137226/braun-vezetekes-epilator-silk-epil-3-se3-033
2026-08-21,dm,Braun,Borotválkozás & testápolás,"Epilátor Silk-épil SES9-000, 1 db",1 db,1.0,db,8700216963404,51999.0,,https://www.dm.hu/p/d/3139483/braun-epilator-silk-epil-ses9-000
2026-08-21,dm,Braun,Borotválkozás & testápolás,"Villanófényes szőrtelenítő SilkExpert P5 IPL Flash PL5210, 1 db",1 db,1.0,db,8700216937481,169000.0,,https://www.dm.hu/p/d/3139488/braun-villanofenyes-szortelenito-silkexpert-p5-ipl-flash-pl5210
2026-08-21,dm,Braun,Borotválkozás & testápolás,"Villanófényes szőrtelenítő SilkExpert Mini PL1100, 1 db",1 db,1.0,db,8006530145558,99999.0,,https://www.dm.hu/p/d/3139502/braun-villanofenyes-szortelenito-silkexpert-mini-pl1100
2026-08-21,dm,Old Spice,Borotválkozás & testápolás,"Tusfürdő 3in1 Whitewater, nagy kiszerelés, 400 ml",400 ml,400.0,ml,8700216856812,1315.0,,https://www.dm.hu/p/d/1314382/old-spice-tusfurdo-3in1-whitewater-nagy-kiszereles
2026-08-21,dm,Old Spice,Borotválkozás & testápolás,"After shave lotion Original, 100 ml",100 ml,100.0,ml,5011321772335,3399.0,,https://www.dm.hu/p/d/1398456/old-spice-after-shave-lotion-original
2026-08-21,dm,Old Spice,Borotválkozás & testápolás,"Férfi After shave, Captain, 100 ml",100 ml,100.0,ml,8001090978752,3399.0,,https://www.dm.hu/p/d/1460682/old-spice-ferfi-after-shave-captain
2026-08-21,dm,Old Spice,Borotválkozás & testápolás,"Tusfürdő 3in1 Whitewater, Extra XL, 1 l",1000 ml,1000.0,ml,8006540818862,2999.0,,https://www.dm.hu/p/d/1917555/old-spice-tusfurdo-3in1-whitewater-extra-xl
2026-08-21,dm,Old Spice,Borotválkozás & testápolás,"Tusfürdő Captain, 1 l",1000 ml,1000.0,ml,8006540818824,2999.0,,https://www.dm.hu/p/d/1917558/old-spice-tusfurdo-captain
2026-08-21,dm,Old Spice,Borotválkozás & testápolás,"Izzadásgátló zselés stift Whitewater, 70 ml",70 ml,70.0,ml,5000174917710,1675.0,,https://www.dm.hu/p/d/2021544/old-spice-izzadasgatlo-zseles-stift-whitewater
2026-08-21,dm,Old Spice,Borotválkozás & testápolás,"Tusfürdő Oasis, 400 ml",400 ml,400.0,ml,8006540838761,1315.0,,https://www.dm.hu/p/d/2027695/old-spice-tusfurdo-oasis
2026-08-21,dm,Old Spice,Borotválkozás & testápolás,"Deo stift Oasis, 50 ml",50 ml,50.0,ml,8006540839362,1299.0,,https://www.dm.hu/p/d/2027696/old-spice-deo-stift-oasis
2026-08-21,dm,Old Spice,Borotválkozás & testápolás,"Deo spray Oasis, 150 ml",150 ml,150.0,ml,8006540785874,1299.0,,https://www.dm.hu/p/d/2027697/old-spice-deo-spray-oasis
2026-08-21,dm,Old Spice,Borotválkozás & testápolás,"Deo stift Rockstar, 50 ml",50 ml,50.0,ml,8700216203906,1299.0,,https://www.dm.hu/p/d/2033100/old-spice-deo-stift-rockstar
2026-08-21,dm,Old Spice,Borotválkozás & testápolás,"Tusfürdő Rockstar, 400 ml",400 ml,400.0,ml,8700216232746,1315.0,,https://www.dm.hu/p/d/2033101/old-spice-tusfurdo-rockstar
2026-08-21,dm,Old Spice,Borotválkozás & testápolás,"Deo spray Rockstar, 150 ml",150 ml,150.0,ml,8700216169820,1299.0,,https://www.dm.hu/p/d/2033105/old-spice-deo-spray-rockstar
2026-08-21,dm,Old Spice,Borotválkozás & testápolás,"Deo stift Wolfthorn, 50 ml",50 ml,50.0,ml,8700216162173,1299.0,,https://www.dm.hu/p/d/2068920/old-spice-deo-stift-wolfthorn
2026-08-21,dm,Old Spice,Borotválkozás & testápolás,"After shave Whitewater, 100 ml",100 ml,100.0,ml,5000174440256,3399.0,,https://www.dm.hu/p/d/2081244/old-spice-after-shave-whitewater
2026-08-21,dm,Old Spice,Borotválkozás & testápolás,"Deo stift Whitewater, 50 ml",50 ml,50.0,ml,8700216162180,1299.0,,https://www.dm.hu/p/d/2083578/old-spice-deo-stift-whitewater
2026-08-21,dm,Old Spice,Borotválkozás & testápolás,"Deo stift Original, 50 ml",50 ml,50.0,ml,4084500490543,1299.0,,https://www.dm.hu/p/d/2083589/old-spice-deo-stift-original
2026-08-21,dm,Old Spice,Borotválkozás & testápolás,"Deo spray Whitewater, 125 ml",125 ml,125.0,ml,4084500479821,1299.0,,https://www.dm.hu/p/d/2106495/old-spice-deo-spray-whitewater
2026-08-21,dm,Old Spice,Borotválkozás & testápolás,"Deo stift Captain, 50 ml",50 ml,50.0,ml,8700216203982,1299.0,,https://www.dm.hu/p/d/2110818/old-spice-deo-stift-captain
2026-08-21,dm,Old Spice,Borotválkozás & testápolás,"Izzadásgátló zselés stift Captain, 70 ml",70 ml,70.0,ml,8001090999153,1675.0,,https://www.dm.hu/p/d/2110820/old-spice-izzadasgatlo-zseles-stift-captain
2026-08-21,dm,Old Spice,Borotválkozás & testápolás,"Deo spray Captain, 150 ml",150 ml,150.0,ml,8001090962867,1299.0,,https://www.dm.hu/p/d/2110826/old-spice-deo-spray-captain
2026-08-21,dm,Old Spice,Borotválkozás & testápolás,"Deo spray Deep sea, 150 ml",150 ml,150.0,ml,8001841282473,649.0,,https://www.dm.hu/p/d/2118695/old-spice-deo-spray-deep-sea
2026-08-21,dm,Old Spice,Borotválkozás & testápolás,"Deo stift Deep sea, 50 ml",50 ml,50.0,ml,8001841283906,1299.0,,https://www.dm.hu/p/d/2118697/old-spice-deo-stift-deep-sea
2026-08-21,dm,Old Spice,Borotválkozás & testápolás,"Deo stift Whitewater, 2x50 ml, 100 ml",100 ml,100.0,ml,8006530049023,2219.0,,https://www.dm.hu/p/d/2119694/old-spice-deo-stift-whitewater-2x50-ml
2026-08-21,dm,Old Spice,Borotválkozás & testápolás,"Deo spray Whitewater 2x150ml, 300 ml",300 ml,300.0,ml,8001841670720,649.0,,https://www.dm.hu/p/d/2119695/old-spice-deo-spray-whitewater-2x150ml
2026-08-21,dm,Old Spice,Borotválkozás & testápolás,"Tusfürdő Tigerclaw, 3 in 1, 400 ml",400 ml,400.0,ml,8006540456484,299.0,,https://www.dm.hu/p/d/2129208/old-spice-tusfurdo-tigerclaw-3-in-1
2026-08-21,dm,Old Spice,Borotválkozás & testápolás,"Deo stift Nightpanther, 50 ml",50 ml,50.0,ml,8700216884617,1299.0,,https://www.dm.hu/p/d/2129212/old-spice-deo-stift-nightpanther
2026-08-21,dm,Old Spice,Borotválkozás & testápolás,"Deo Stift Tigerclaw, 50 ml",50 ml,50.0,ml,8700216884686,1299.0,,https://www.dm.hu/p/d/2129214/old-spice-deo-stift-tigerclaw
2026-08-21,dm,Old Spice,Borotválkozás & testápolás,"Deo stift Bearglove, 50 ml",50 ml,50.0,ml,8700216884662,1299.0,,https://www.dm.hu/p/d/2191389/old-spice-deo-stift-bearglove
2026-08-21,dm,Old Spice,Borotválkozás & testápolás,"Férfi deo stift, Whitewater, 85 ml",85 ml,85.0,ml,8700216357814,1899.0,,https://www.dm.hu/p/d/2252279/old-spice-ferfi-deo-stift-whitewater
2026-08-21,dm,Old Spice,Borotválkozás & testápolás,"Férfi deo stift, Captain, 85 ml",85 ml,85.0,ml,8700216879866,1899.0,,https://www.dm.hu/p/d/2252292/old-spice-ferfi-deo-stift-captain
2026-08-21,dm,Old Spice,Borotválkozás & testápolás,"Deo spray Bear Glove, 150 ml",150 ml,150.0,ml,4015600860332,1299.0,,https://www.dm.hu/p/d/2277276/old-spice-deo-spray-bear-glove
2026-08-21,dm,Old Spice,Borotválkozás & testápolás,"Tusfürdő Bearglove, 400 ml",400 ml,400.0,ml,8001090533869,1315.0,,https://www.dm.hu/p/d/2291332/old-spice-tusfurdo-bearglove
2026-08-21,dm,Old Spice,Borotválkozás & testápolás,"Deo spray, Whitewater, XXL, 250 ml",250 ml,250.0,ml,8700216875677,1905.0,,https://www.dm.hu/p/d/2440780/old-spice-deo-spray-whitewater-xxl
2026-08-21,dm,Old Spice,Borotválkozás & testápolás,"Deo spray, Captain, XXL, 250 ml",250 ml,250.0,ml,8700216875714,1905.0,,https://www.dm.hu/p/d/2445434/old-spice-deo-spray-captain-xxl
2026-08-21,dm,Old Spice,Borotválkozás & testápolás,"Deo stift Astronaut, 50 ml",50 ml,50.0,ml,8006540592939,319.0,,https://www.dm.hu/p/d/2709021/old-spice-deo-stift-astronaut
2026-08-21,dm,Old Spice,Borotválkozás & testápolás,"Tusfürdő Deep Sea, XL, 1 000 ml",0 ml,0.0,ml,8700216452755,2999.0,,https://www.dm.hu/p/d/2974743/old-spice-tusfurdo-deep-sea-xl
2026-08-21,dm,Old Spice,Borotválkozás & testápolás,"Tusfürdő 3in1 Wolfthorn, Extra XL, 1 000 ml",0 ml,0.0,ml,8700216452588,2999.0,,https://www.dm.hu/p/d/2974759/old-spice-tusfurdo-3in1-wolfthorn-extra-xl
2026-08-21,dm,Old Spice,Borotválkozás & testápolás,"Deo stift Oasis, 2X50ml, 100 ml",100 ml,100.0,ml,8700216810982,2219.0,,https://www.dm.hu/p/d/2977379/old-spice-deo-stift-oasis-2x50ml
2026-08-21,dm,Old Spice,Borotválkozás & testápolás,"Tusfürdő, Epic Legend, 400 ml",400 ml,400.0,ml,8700216611046,1315.0,,https://www.dm.hu/p/d/3050106/old-spice-tusfurdo-epic-legend
2026-08-21,dm,Old Spice,Borotválkozás & testápolás,"Deo stift, Sport Power, 50 ml",50 ml,50.0,ml,8700216658867,649.0,,https://www.dm.hu/p/d/3058484/old-spice-deo-stift-sport-power
2026-08-21,dm,Old Spice,Borotválkozás & testápolás,"Deo stift, Night Power, 50 ml",50 ml,50.0,ml,8700216659093,649.0,,https://www.dm.hu/p/d/3058485/old-spice-deo-stift-night-power
2026-08-21,dm,Old Spice,Borotválkozás & testápolás,"Férfi deo spray, Power Start, 150 ml",150 ml,150.0,ml,8700216639262,379.0,,https://www.dm.hu/p/d/3058486/old-spice-ferfi-deo-spray-power-start
2026-08-21,dm,Old Spice,Borotválkozás & testápolás,"Férfi deo spray, Sport Power, 150 ml",150 ml,150.0,ml,8700216639279,379.0,,https://www.dm.hu/p/d/3058487/old-spice-ferfi-deo-spray-sport-power
2026-08-21,dm,Old Spice,Borotválkozás & testápolás,"Férfi deo spray, Night Power, 150 ml",150 ml,150.0,ml,8700216639309,379.0,,https://www.dm.hu/p/d/3058488/old-spice-ferfi-deo-spray-night-power
2026-08-21,dm,Old Spice,Borotválkozás & testápolás,"Deo stift Epic Legend, 50 ml",50 ml,50.0,ml,8700216607360,1299.0,,https://www.dm.hu/p/d/3058489/old-spice-deo-stift-epic-legend
2026-08-21,dm,Old Spice,Borotválkozás & testápolás,"Férfi deo spray, Epic Legend, 150 ml",150 ml,150.0,ml,8700216606035,1299.0,,https://www.dm.hu/p/d/3058490/old-spice-ferfi-deo-spray-epic-legend
2026-08-21,dm,Old Spice,Borotválkozás & testápolás,"Tusfürdő Oasis, 2x400 ml, 800 ml",800 ml,800.0,ml,8700216811071,2339.0,,https://www.dm.hu/p/d/3058491/old-spice-tusfurdo-oasis-2x400-ml
2026-08-21,dm,Old Spice,Borotválkozás & testápolás,"Tusfürdő, Bearglove, 1 000 ml",0 ml,0.0,ml,8700216610933,2999.0,,https://www.dm.hu/p/d/3058492/old-spice-tusfurdo-bearglove
2026-08-21,dm,Old Spice,Borotválkozás & testápolás,"Férfi tusfürdő, Captain, 2x400 ml, 800 ml",800 ml,800.0,ml,8700216961967,2339.0,,https://www.dm.hu/p/d/3068188/old-spice-ferfi-tusfurdo-captain-2x400-ml
2026-08-21,dm,Old Spice,Borotválkozás & testápolás,"Férfi tusfürdő, Whitewater, 2x400ml, 800 ml",800 ml,800.0,ml,8700216980319,2339.0,,https://www.dm.hu/p/d/3068197/old-spice-ferfi-tusfurdo-whitewater-2x400ml
2026-08-21,dm,Old Spice,Borotválkozás & testápolás,"Férfi deo stift, Captain, 2x50ml, 100 ml",100 ml,100.0,ml,8700216961998,2219.0,,https://www.dm.hu/p/d/3068214/old-spice-ferfi-deo-stift-captain-2x50ml
2026-08-21,dm,Old Spice,Borotválkozás & testápolás,"Férfi tusfürdő, Cold spice, 400 ml",400 ml,400.0,ml,8006530139311,1315.0,,https://www.dm.hu/p/d/3124100/old-spice-ferfi-tusfurdo-cold-spice
2026-08-21,dm,Old Spice,Borotválkozás & testápolás,"Férfi deo stift, Bearglove, 85 ml",85 ml,85.0,ml,8700216752466,1899.0,,https://www.dm.hu/p/d/3124756/old-spice-ferfi-deo-stift-bearglove
2026-08-21,dm,Old Spice,Borotválkozás & testápolás,"Férfi deo spray, Bearglove, 250 ml",250 ml,250.0,ml,8700216752497,1905.0,,https://www.dm.hu/p/d/3124757/old-spice-ferfi-deo-spray-bearglove
2026-08-21,dm,Old Spice,Borotválkozás & testápolás,"Férfi tusfürdő, Rockstar, 1 000 ml",0 ml,0.0,ml,8006530074001,2999.0,,https://www.dm.hu/p/d/3124758/old-spice-ferfi-tusfurdo-rockstar
2026-08-21,dm,Old Spice,Borotválkozás & testápolás,"Férfi deo gél, Cold spice, 70 ml",70 ml,70.0,ml,8006530155557,1675.0,,https://www.dm.hu/p/d/3124759/old-spice-ferfi-deo-gel-cold-spice
2026-08-21,dm,Old Spice,Borotválkozás & testápolás,"Férfi deo spray, Cold spice, 150 ml",150 ml,150.0,ml,8006530101608,1299.0,,https://www.dm.hu/p/d/3124760/old-spice-ferfi-deo-spray-cold-spice
2026-08-21,dm,Old Spice,Borotválkozás & testápolás,"Férfi tusfürdő, Cold spice, 1 000 ml",0 ml,0.0,ml,8006530139021,2999.0,,https://www.dm.hu/p/d/3124761/old-spice-ferfi-tusfurdo-cold-spice
2026-08-21,dm,Old Spice,Borotválkozás & testápolás,"Férfi izzadásgátló gél, Whitewater, 70 ml",70 ml,70.0,ml,8006530030014,1675.0,,https://www.dm.hu/p/d/3125371/old-spice-ferfi-izzadasgatlo-gel-whitewater
2026-08-21,dm,Old Spice,Borotválkozás & testápolás,"Férfi izzadásgátló gél, Captain, 70 ml",70 ml,70.0,ml,8006530030397,1675.0,,https://www.dm.hu/p/d/3125378/old-spice-ferfi-izzadasgatlo-gel-captain
2026-08-21,dm,Oral-B,Szájápolás,"Fogselyem Superfloss, 50 db",50 db,50.0,db,8700216538961,1549.0,,https://www.dm.hu/p/d/1672365/oral-b-fogselyem-superfloss
2026-08-21,dm,Oral-B,Szájápolás,"Elekt fogkefe iO5 quite white, 1 db",1 db,1.0,db,4210201415343,39999.0,,https://www.dm.hu/p/d/2022906/oral-b-elekt-fogkefe-io5-quite-white
2026-08-21,dm,Oral-B,Szájápolás,"Elektromos fogkefe Vitality Pro Protect X Clean, fekete, 1 db",1 db,1.0,db,4210201427124,13499.0,,https://www.dm.hu/p/d/2022914/oral-b-elektromos-fogkefe-vitality-pro-protect-x-clean-fekete
2026-08-21,dm,Oral-B,Szájápolás,"Fogkrém Pro-Expert Protection, 75 ml",75 ml,75.0,ml,8700216106863,499.0,,https://www.dm.hu/p/d/2030368/oral-b-fogkrem-pro-expert-protection
2026-08-21,dm,Oral-B,Szájápolás,"Fogkrém Pro-Expert Healthy Whitening, 75 ml",75 ml,75.0,ml,8700216106788,499.0,,https://www.dm.hu/p/d/2030369/oral-b-fogkrem-pro-expert-healthy-whitening
2026-08-21,dm,Oral-B,Szájápolás,"Fogkrém Pro-Expert Sensitive, 75 ml",75 ml,75.0,ml,8700216106818,499.0,,https://www.dm.hu/p/d/2030370/oral-b-fogkrem-pro-expert-sensitive
2026-08-21,dm,Oral-B,Szájápolás,"Fogkrém Pro Expert Advanced, 75 ml",75 ml,75.0,ml,8700216106702,649.0,,https://www.dm.hu/p/d/2030372/oral-b-fogkrem-pro-expert-advanced
2026-08-21,dm,Oral-B,Szájápolás,"Elektromos fogkefe IO9 white, 1 db",1 db,1.0,db,4210201449614,104999.0,,https://www.dm.hu/p/d/2030513/oral-b-elektromos-fogkefe-io9-white
2026-08-21,dm,Oral-B,Szájápolás,"Elektromos fogkefe IO3 Ice Blue, 1 db",1 db,1.0,db,8006540731321,30999.0,,https://www.dm.hu/p/d/2030514/oral-b-elektromos-fogkefe-io3-ice-blue
2026-08-21,dm,Oral-B,Szájápolás,"Fogkefe pótfej Kids Jégvarázs, 4 db",4 db,4.0,db,4210201385233,7799.0,,https://www.dm.hu/p/d/2030714/oral-b-fogkefe-potfej-kids-jegvarazs
2026-08-21,dm,Oral-B,Szájápolás,"Elektromos fogkefe Pro series 1 kék, 1 db",1 db,1.0,db,8001090916464,16999.0,,https://www.dm.hu/p/d/2030715/oral-b-elektromos-fogkefe-pro-series-1-kek
2026-08-21,dm,Oral-B,Szájápolás,"Fogkefe pótfej Pro Sensitive Clean, 8 db",8 db,8.0,db,8006540848036,11999.0,,https://www.dm.hu/p/d/2031444/oral-b-fogkefe-potfej-pro-sensitive-clean
2026-08-21,dm,Oral-B,Szájápolás,"Pótfej elektromos fogkeféhez Sensitive Clean, 4 db",4 db,4.0,db,8006540847961,6499.0,,https://www.dm.hu/p/d/2031445/oral-b-potfej-elektromos-fogkefehez-sensitive-clean
2026-08-21,dm,Oral-B,Szájápolás,"fogkefe pótfej Pro Cross Action, 8 db",8 db,8.0,db,8006540847855,11999.0,,https://www.dm.hu/p/d/2031446/oral-b-fogkefe-potfej-pro-cross-action
2026-08-21,dm,Oral-B,Szájápolás,"Fogkefe pótfej Pro Cross Action, 4 db",4 db,4.0,db,8006540847770,7499.0,,https://www.dm.hu/p/d/2031447/oral-b-fogkefe-potfej-pro-cross-action
2026-08-21,dm,Oral-B,Szájápolás,"Fogkefe pótfej Pro Precision Clean XXL Pack, 8 db",8 db,8.0,db,8006540847459,11499.0,,https://www.dm.hu/p/d/2031448/oral-b-fogkefe-potfej-pro-precision-clean-xxl-pack
2026-08-21,dm,Oral-B,Szájápolás,"Fogkefe pótfej Pro Kids 3 éves kortól Spiderman, 4 db",4 db,4.0,db,8006540805237,7799.0,,https://www.dm.hu/p/d/2031449/oral-b-fogkefe-potfej-pro-kids-3-eves-kortol-spiderman
2026-08-21,dm,Oral-B,Szájápolás,"Fogkrém Pro-expert duo pack, 150 ml",150 ml,150.0,ml,8700216384643,819.0,,https://www.dm.hu/p/d/2032693/oral-b-fogkrem-pro-expert-duo-pack
2026-08-21,dm,Oral-B,Szájápolás,"Fogkefe Black Allrorunder (többféle), 3 db",3 db,3.0,db,3014260101503,729.0,,https://www.dm.hu/p/d/2220339/oral-b-fogkefe-black-allrorunder-tobbfele
2026-08-21,dm,Oral-B,Szájápolás,"Elektromos fogkefe gyermekeknek, Pro Kids 3+ Frozen, tokkal, 1 db",1 db,1.0,db,8006540773338,16999.0,,https://www.dm.hu/p/d/2276668/oral-b-elektromos-fogkefe-gyermekeknek-pro-kids-3-frozen-tokkal
2026-08-21,dm,Oral-B,Szájápolás,"Fogkefe 3-Effect medium (többféle), 2 db",2 db,2.0,db,3014260022839,575.0,,https://www.dm.hu/p/d/2376804/oral-b-fogkefe-3-effect-medium-tobbfele
2026-08-21,dm,Oral-B,Szájápolás,"Elektromos fogkefe Vitality Pro Protect x Clean, lila, 1 db",1 db,1.0,db,4210201427025,13499.0,,https://www.dm.hu/p/d/2440948/oral-b-elektromos-fogkefe-vitality-pro-protect-x-clean-lila
2026-08-21,dm,Oral-B,Szájápolás,"Elektromos fogkefe iO6 Black Lava, 1 db",1 db,1.0,db,4210201409199,58999.0,,https://www.dm.hu/p/d/2443359/oral-b-elektromos-fogkefe-io6-black-lava
2026-08-21,dm,Oral-B,Szájápolás,"Elektromos fogkefe Prp Series 1 Duo Edition, 2 db",2 db,2.0,db,8006540789193,29999.0,,https://www.dm.hu/p/d/2445746/oral-b-elektromos-fogkefe-prp-series-1-duo-edition
2026-08-21,dm,Oral-B,Szájápolás,"Pótfej elektromos fogkeféhez 3d white, 4 db",4 db,4.0,db,4210201358725,6499.0,,https://www.dm.hu/p/d/2472285/oral-b-potfej-elektromos-fogkefehez-3d-white
2026-08-21,dm,Oral-B,Szájápolás,"Elektromos fogkefe Pro Series 1 utazótokkal, 1 db",1 db,1.0,db,8001090914316,18499.0,,https://www.dm.hu/p/d/2714342/oral-b-elektromos-fogkefe-pro-series-1-utazotokkal
2026-08-21,dm,Oral-B,Szájápolás,"Fogkefe pótfej Pro Cross Action, 6 db",6 db,6.0,db,8006540847879,10499.0,,https://www.dm.hu/p/d/2717780/oral-b-fogkefe-potfej-pro-cross-action
2026-08-21,dm,Oral-B,Szájápolás,"Pótfej elektromos fogkeféhez Pulsonic Clean, 4 db",4 db,4.0,db,4210201299851,7299.0,,https://www.dm.hu/p/d/2833973/oral-b-potfej-elektromos-fogkefehez-pulsonic-clean
2026-08-21,dm,Oral-B,Szájápolás,"Fogkefe colors xxxl (többféle), 4 db",4 db,4.0,db,8001090675521,665.0,,https://www.dm.hu/p/d/2949865/oral-b-fogkefe-colors-xxxl-tobbfele
2026-08-21,dm,Oral-B,Szájápolás,"Pótfej elektromos fogkeféhez Pro Cross Action White, 2 db",2 db,2.0,db,8006540847725,2149.0,,https://www.dm.hu/p/d/2951391/oral-b-potfej-elektromos-fogkefehez-pro-cross-action-white
2026-08-21,dm,Oral-B,Szájápolás,"Pótfej elektromos fogkeféhez Sensitive Clean, 2 db",2 db,2.0,db,8006540847923,4299.0,,https://www.dm.hu/p/d/2951392/oral-b-potfej-elektromos-fogkefehez-sensitive-clean
2026-08-21,dm,Oral-B,Szájápolás,"Fogkefe pótfej Pro Kids 3 éves kortól Spiderman, 2 db",2 db,2.0,db,8006540805008,1999.0,,https://www.dm.hu/p/d/2951418/oral-b-fogkefe-potfej-pro-kids-3-eves-kortol-spiderman
2026-08-21,dm,Oral-B,Szájápolás,"Fogkrém junior 6-12 éves gyerekeknek, 75 ml",75 ml,75.0,ml,8700216089654,775.0,,https://www.dm.hu/p/d/2969752/oral-b-fogkrem-junior-6-12-eves-gyerekeknek
2026-08-21,dm,Oral-B,Szájápolás,"Fogkrém Pro Kids 6 éves korig, 50 ml",50 ml,50.0,ml,8700216089715,299.0,,https://www.dm.hu/p/d/2969753/oral-b-fogkrem-pro-kids-6-eves-korig
2026-08-21,dm,Oral-B,Szájápolás,"ProKids elektromos fogkefe Lion king matricákkal, 1 db",1 db,1.0,db,8700216297172,16999.0,,https://www.dm.hu/p/d/2969774/oral-b-prokids-elektromos-fogkefe-lion-king-matricakkal
2026-08-21,dm,Oral-B,Szájápolás,"Fogselyem Proexpert Deep Clean, 1 db",1 db,1.0,db,8700216365604,1049.0,,https://www.dm.hu/p/d/2970605/oral-b-fogselyem-proexpert-deep-clean
2026-08-21,dm,Oral-B,Szájápolás,"Elektromos fogkefe iO3 Black utazótokkal, 1 db",1 db,1.0,db,8700216868709,35999.0,,https://www.dm.hu/p/d/2974508/oral-b-elektromos-fogkefe-io3-black-utazotokkal
2026-08-21,dm,Oral-B,Szájápolás,"Fogkefe pótfej elektrmos fogkeféhez Lion King mintával, 8 db",8 db,8.0,db,8700216302227,9449.0,,https://www.dm.hu/p/d/2974527/oral-b-fogkefe-potfej-elektrmos-fogkefehez-lion-king-mintaval
2026-08-21,dm,Oral-B,Szájápolás,"Fogkrém Pro expert advanced gum, 75 ml",75 ml,75.0,ml,8700216413046,649.0,,https://www.dm.hu/p/d/2974547/oral-b-fogkrem-pro-expert-advanced-gum
2026-08-21,dm,Oral-B,Szájápolás,"Pótfej iO elektromos fogkeféhez, GentleCare fekete színben, 4 db",4 db,4.0,db,8700216199346,14499.0,,https://www.dm.hu/p/d/3060385/oral-b-potfej-io-elektromos-fogkefehez-gentlecare-fekete-szinben
2026-08-21,dm,Oral-B,Szájápolás,"Pótfej iO elektromos fogkeféhez, GentleCare fehér színben, 4 db",4 db,4.0,db,8700216199438,14499.0,,https://www.dm.hu/p/d/3060386/oral-b-potfej-io-elektromos-fogkefehez-gentlecare-feher-szinben
2026-08-21,dm,Oral-B,Szájápolás,"Elektromos fogkefe iO 2 Series Calm Pink, 1 db",1 db,1.0,db,8700216611831,24999.0,,https://www.dm.hu/p/d/3060387/oral-b-elektromos-fogkefe-io-2-series-calm-pink
2026-08-21,dm,Oral-B,Szájápolás,"Pótfej iO elektromos fogkeféhez, Ultimate Clean, 4 db",4 db,4.0,db,8700216199513,14499.0,,https://www.dm.hu/p/d/3060394/oral-b-potfej-io-elektromos-fogkefehez-ultimate-clean
2026-08-21,dm,Oral-B,Szájápolás,"Elektromos fogkefe iO Series 2 Forest Green, 1 db",1 db,1.0,db,8700216611848,24999.0,,https://www.dm.hu/p/d/3063474/oral-b-elektromos-fogkefe-io-series-2-forest-green
2026-08-21,dm,Oral-B,Szájápolás,"Pótfej iO elektromos fogkeféhez, fekete Ultimate Clean, 4 db",4 db,4.0,db,8700216199483,14499.0,,https://www.dm.hu/p/d/3063685/oral-b-potfej-io-elektromos-fogkefehez-fekete-ultimate-clean
2026-08-21,dm,Oral-B,Szájápolás,"Fogkefe kids 0+ extra soft, 1 db",1 db,1.0,db,8700216749497,725.0,,https://www.dm.hu/p/d/3063703/oral-b-fogkefe-kids-0-extra-soft
2026-08-21,dm,Oral-B,Szájápolás,"Fogkefe Pro-Expert Advanced, többféle, 2 db",2 db,2.0,db,8700216445481,1329.0,,https://www.dm.hu/p/d/3064157/oral-b-fogkefe-pro-expert-advanced-tobbfele
2026-08-21,dm,Oral-B,Szájápolás,"Fogkefe Sensitive Clinical duopack, többféle, 2 db",2 db,2.0,db,8700216567923,1465.0,,https://www.dm.hu/p/d/3064158/oral-b-fogkefe-sensitive-clinical-duopack-tobbfele
2026-08-21,dm,Oral-B,Szájápolás,"Elektromos fogkefe iO Series 2 Black utazó tokkal, 1 db",1 db,1.0,db,8700216611923,27999.0,,https://www.dm.hu/p/d/3064196/oral-b-elektromos-fogkefe-io-series-2-black-utazo-tokkal
2026-08-21,dm,Oral-B,Szájápolás,"Pro-3DW Fogkefe Medium, többféle, 2 db",2 db,2.0,db,8700216459761,1179.0,,https://www.dm.hu/p/d/3064203/oral-b-pro-3dw-fogkefe-medium-tobbfele
2026-08-21,dm,Oral-B,Szájápolás,"Fogkefe Junior 6+ Color Changing, Többféle, 1 db",1 db,1.0,db,8700216749466,725.0,,https://www.dm.hu/p/d/3064529/oral-b-fogkefe-junior-6-color-changing-tobbfele
2026-08-21,dm,Oral-B,Szájápolás,"Fogkefe Sensitive Clinical, 1 db",1 db,1.0,db,8700216449397,499.0,,https://www.dm.hu/p/d/3064552/oral-b-fogkefe-sensitive-clinical
2026-08-21,dm,Oral-B,Szájápolás,"Pótfej elektromos fogkeféhez, Lion King, 4 db",4 db,4.0,db,8700216302074,7779.0,,https://www.dm.hu/p/d/3064578/oral-b-potfej-elektromos-fogkefehez-lion-king
2026-08-21,dm,Oral-B,Szájápolás,"Pótfej iO elektromos fogkeféhez, Radient White, 4 db",4 db,4.0,db,8700216199254,14499.0,,https://www.dm.hu/p/d/3064859/oral-b-potfej-io-elektromos-fogkefehez-radient-white
2026-08-21,dm,Oral-B,Szájápolás,"Elektromos fogkefe iO6 Pink, 1 db",1 db,1.0,db,8700216011419,58999.0,,https://www.dm.hu/p/d/3064878/oral-b-elektromos-fogkefe-io6-pink
2026-08-21,dm,Oral-B,Szájápolás,"Pótfej iO elektromos fogkeféhez Interdental Clean, 2 db",2 db,2.0,db,8700216375399,8999.0,,https://www.dm.hu/p/d/3064894/oral-b-potfej-io-elektromos-fogkefehez-interdental-clean
2026-08-21,dm,Oral-B,Szájápolás,"Fogkefe Pro-Sensitive Advanced, 2 db",2 db,2.0,db,8700216567916,1265.0,,https://www.dm.hu/p/d/3069141/oral-b-fogkefe-pro-sensitive-advanced
2026-08-21,dm,Oral-B,Szájápolás,"Fogkefe pro 3d white medium, 1 db",1 db,1.0,db,8700216459334,999.0,,https://www.dm.hu/p/d/3069395/oral-b-fogkefe-pro-3d-white-medium
2026-08-21,dm,Oral-B,Szájápolás,"Elektromos fogkefe iO Series 2 duo, 2 db",2 db,2.0,db,8700216611909,49999.0,,https://www.dm.hu/p/d/3070604/oral-b-elektromos-fogkefe-io-series-2-duo
2026-08-21,dm,Oral-B,Szájápolás,"Fogkrém Pro 3D White Bright Brillance, 75 ml",75 ml,75.0,ml,8700216922807,1535.0,,https://www.dm.hu/p/d/3097812/oral-b-fogkrem-pro-3d-white-bright-brillance
2026-08-21,dm,Oral-B,Szájápolás,"Fogkrém Pro 3D White R adiant White, 75 ml",75 ml,75.0,ml,8700216922838,1535.0,,https://www.dm.hu/p/d/3097814/oral-b-fogkrem-pro-3d-white-r-adiant-white
2026-08-21,dm,Oral-B,Szájápolás,"Elektromos fogkefe iO9 fekete színben utazótokkal és kistáskával, 1 db",1 db,1.0,db,8700216868563,104999.0,,https://www.dm.hu/p/d/3106684/oral-b-elektromos-fogkefe-io9-fekete-szinben-utazotokkal-es-kistaskaval
2026-08-21,dm,Oral-B,Szájápolás,"Elekrtomos fogkefe iO kids Stitch utazó tokkal, 1 db",1 db,1.0,db,8700216932479,28999.0,,https://www.dm.hu/p/d/3108339/oral-b-elekrtomos-fogkefe-io-kids-stitch-utazo-tokkal
2026-08-21,dm,Oral-B,Szájápolás,"Pótfej elektromos fogkeféhez Stitch, 4 db",4 db,4.0,db,8700216930710,15499.0,,https://www.dm.hu/p/d/3108345/oral-b-potfej-elektromos-fogkefehez-stitch
2026-08-21,dm,Oral-B,Szájápolás,"Pótfej iO elektromos fogkeféhez, Kids Spiderman",,,,8700216930260,15499.0,,https://www.dm.hu/p/d/3126826/oral-b-potfej-io-elektromos-fogkefehez-kids-spiderman
2026-08-21,dm,Oral-B,Szájápolás,"Elektromos fogkefe iO kids Spider tokkal, 1 db",1 db,1.0,db,8700216932370,28999.0,,https://www.dm.hu/p/d/3127088/oral-b-elektromos-fogkefe-io-kids-spider-tokkal
2026-08-21,dm,Oral-B,Szájápolás,"Fogkrém pro-exp Gentle whitening Crystals duopack, 150 ml",150 ml,150.0,ml,8006530444187,1209.0,,https://www.dm.hu/p/d/3131359/oral-b-fogkrem-pro-exp-gentle-whitening-crystals-duopack
2026-08-21,dm,Oral-B,Szájápolás,"Fogkrém Advanced Enamel Strengthening duopack, 150 ml",150 ml,150.0,ml,8006530444248,1645.0,,https://www.dm.hu/p/d/3131444/oral-b-fogkrem-advanced-enamel-strengthening-duopack
2026-08-21,dm,Oral-B,Szájápolás,"Fogkrém Pro-Expert Sensitive Calm Sensation duopack, 150 ml",150 ml,150.0,ml,8006530444224,1209.0,,https://www.dm.hu/p/d/3131445/oral-b-fogkrem-pro-expert-sensitive-calm-sensation-duopack
2026-08-21,dm,Oral-B,Szájápolás,"Fogkrém kids lion king 6+ gyerekeknek, 60 ml",60 ml,60.0,ml,8006530024402,739.0,,https://www.dm.hu/p/d/3131464/oral-b-fogkrem-kids-lion-king-6-gyerekeknek
2026-08-21,dm,Oral-B,Szájápolás,"Viaszolt fogselyem Essential, 1 db",1 db,1.0,db,8006530045667,1499.0,,https://www.dm.hu/p/d/3131492/oral-b-viaszolt-fogselyem-essential
2026-08-21,dm,Oral-B,Szájápolás,"Fogkrém pro-exp gGntle whitening Crystals, 75 ml",75 ml,75.0,ml,8006530090537,779.0,,https://www.dm.hu/p/d/3131846/oral-b-fogkrem-pro-exp-ggntle-whitening-crystals
2026-08-21,dm,Oral-B,Szájápolás,"Fogkrém Pro-expert Refreshing Clean, 75 ml",75 ml,75.0,ml,8006530090674,779.0,,https://www.dm.hu/p/d/3131848/oral-b-fogkrem-pro-expert-refreshing-clean
2026-08-21,dm,Oral-B,Szájápolás,"Fogkrém Advanced sensitivity protection, 75 ml",75 ml,75.0,ml,8006530091039,1149.0,,https://www.dm.hu/p/d/3131855/oral-b-fogkrem-advanced-sensitivity-protection
2026-08-21,dm,Oral-B,Szájápolás,"Fogkrém Advanced Healthy Whitening, 75 ml",75 ml,75.0,ml,8006530090971,1149.0,,https://www.dm.hu/p/d/3131869/oral-b-fogkrem-advanced-healthy-whitening
2026-08-21,dm,Oral-B,Szájápolás,"Fogkrém Complete Ultimate Fresh, 75 ml",75 ml,75.0,ml,8006530254854,709.0,,https://www.dm.hu/p/d/3131878/oral-b-fogkrem-complete-ultimate-fresh
2026-08-21,dm,Oral-B,Szájápolás,"Fogkrém Pro-Expert Sensitive Calm Sensation, 75 ml",75 ml,75.0,ml,8006530090773,779.0,,https://www.dm.hu/p/d/3131892/oral-b-fogkrem-pro-expert-sensitive-calm-sensation
2026-08-21,dm,Oral-B,Szájápolás,Elektromos fogkefe iO3 quite white,,,,8006530054119,30999.0,,https://www.dm.hu/p/d/3131994/oral-b-elektromos-fogkefe-io3-quite-white
2026-08-21,dm,Oral-B,Szájápolás,"Viaszolt fogselyem Essential Duopack, 2 db",2 db,2.0,db,8006530045995,2499.0,,https://www.dm.hu/p/d/3132214/oral-b-viaszolt-fogselyem-essential-duopack
2026-08-21,dm,Blend-a-med,Szájápolás,"Fogkrém Complete Protect, 100 ml",100 ml,100.0,ml,8001090716279,465.0,,https://www.dm.hu/p/d/2498808/blend-a-med-fogkrem-complete-protect
2026-08-21,dm,Blend-a-med,Szájápolás,"Fogkrém Complete Proctect fresh, 150 ml",150 ml,150.0,ml,8006540391402,665.0,,https://www.dm.hu/p/d/2945741/blend-a-med-fogkrem-complete-proctect-fresh
2026-08-21,dm,Blend-a-med,Szájápolás,"Fogkrém 3d white classic duopack, 150 ml",150 ml,150.0,ml,8700216950497,665.0,,https://www.dm.hu/p/d/3069607/blend-a-med-fogkrem-3d-white-classic-duopack
2026-08-21,dm,Blend-a-dent,Szájápolás,"Műfogsorrögzítő Plus Unbeatable Bite, 40 g",40 g,40.0,g,8700216598736,1949.0,,https://www.dm.hu/p/d/2264376/blend-a-dent-mufogsorrogzito-plus-unbeatable-bite
2026-08-21,dm,Blend-a-dent,Szájápolás,"Műfogsorrögzítő krém Complete Extra Stark Original, 47 g",47 g,47.0,g,8001841900483,1849.0,,https://www.dm.hu/p/d/2278892/blend-a-dent-mufogsorrogzito-krem-complete-extra-stark-original
2026-08-21,dm,Blend-a-dent,Szájápolás,"Műfogsorrögzítő krém extra erős, 47 g",47 g,47.0,g,8001841900575,1849.0,,https://www.dm.hu/p/d/2279917/blend-a-dent-mufogsorrogzito-krem-extra-eros
2026-08-21,dm,Blend-a-dent,Szájápolás,"Műfogsorrögzítő Plus Unbeatable Bite, duopack, 80 g",80 g,80.0,g,8006530000031,2799.0,,https://www.dm.hu/p/d/2444869/blend-a-dent-mufogsorrogzito-plus-unbeatable-bite-duopack
2026-08-21,dm,Blend-a-dent,Szájápolás,"Műfogsorrögzítő krém, 94 g",94 g,94.0,g,8006540300053,2899.0,,https://www.dm.hu/p/d/2835026/blend-a-dent-mufogsorrogzito-krem
2026-08-21,dm,Blend-a-dent,Szájápolás,"Műfogsorrögzítő krém friss, mentolos ízesítéssel, 40 g",40 g,40.0,g,8700216596398,2199.0,,https://www.dm.hu/p/d/3063823/blend-a-dent-mufogsorrogzito-krem-friss-mentolos-izesitessel
2026-08-21,dm,Ariel,Mosás & háztartás,"Mosópor színes ruhákhoz 80 mosás, 4,4 kg",4400 g,4400.0,g,8006540940693,6999.0,,https://www.dm.hu/p/d/2444694/ariel-mosopor-szines-ruhakhoz-80-mosas
2026-08-21,dm,Ariel,Mosás & háztartás,"Mosópor Alpin Fresh, 4,4 kg",4400 g,4400.0,g,8006540940150,6999.0,,https://www.dm.hu/p/d/2444695/ariel-mosopor-alpin-fresh
2026-08-21,dm,Ariel,Mosás & háztartás,"Mosókapszula Allin1 Extra Stain Removal, 19 db",19 db,19.0,db,8700216765800,2299.0,,https://www.dm.hu/p/d/3062788/ariel-mosokapszula-allin1-extra-stain-removal
2026-08-21,dm,Ariel,Mosás & háztartás,"Mosógél Fresh Air, 25 mosás",25 mosás,25.0,mosás,8700216691956,2239.0,,https://www.dm.hu/p/d/3063347/ariel-mosogel-fresh-air
2026-08-21,dm,Ariel,Mosás & háztartás,"Mosókapszula színes ruhákhoz, 22 db",22 db,22.0,db,8700216765336,3369.0,,https://www.dm.hu/p/d/3063407/ariel-mosokapszula-szines-ruhakhoz
2026-08-21,dm,Ariel,Mosás & háztartás,"Mosókapszula Allin1 Mountain Spring, 22 db",22 db,22.0,db,8700216765466,2299.0,,https://www.dm.hu/p/d/3063416/ariel-mosokapszula-allin1-mountain-spring
2026-08-21,dm,Ariel,Mosás & háztartás,"Mosógél Mountain Spring, 50 mosás",50 mosás,50.0,mosás,8700216691147,5489.0,,https://www.dm.hu/p/d/3063418/ariel-mosogel-mountain-spring
2026-08-21,dm,Ariel,Mosás & háztartás,"Mosógél színes ruhákhoz XL, 50 mosás",50 mosás,50.0,mosás,8700216691475,5489.0,,https://www.dm.hu/p/d/3063438/ariel-mosogel-szines-ruhakhoz-xl
2026-08-21,dm,Ariel,Mosás & háztartás,"Mosógél Sensitive, 25 mosás",25 mosás,25.0,mosás,8700216691697,2239.0,,https://www.dm.hu/p/d/3063439/ariel-mosogel-sensitive
2026-08-21,dm,Ariel,Mosás & háztartás,"Mosógél + Extra folteltávolító hatással, 40 mosás",40 mosás,40.0,mosás,8700216691093,5489.0,,https://www.dm.hu/p/d/3064810/ariel-mosogel-extra-folteltavolito-hatassal
2026-08-21,dm,Ariel,Mosás & háztartás,"Illatgyöngy Scent of Ariel XL Pack, 495 g",495 g,495.0,g,8700216704694,5999.0,,https://www.dm.hu/p/d/3065104/lenor-illatgyongy-scent-of-ariel-xl-pack
2026-08-21,dm,Ariel,Mosás & háztartás,"Mosópor színes ruhákhoz XL Economy, 50 mosás",50 mosás,50.0,mosás,8700216733267,5059.0,,https://www.dm.hu/p/d/3065471/ariel-mosopor-szines-ruhakhoz-xl-economy
2026-08-21,dm,Ariel,Mosás & háztartás,"Mosógél Mountain Spring Mega Economy, 4,05 l",4050 ml,4050.0,ml,8006530146326,6999.0,,https://www.dm.hu/p/d/3126030/ariel-mosogel-mountain-spring-mega-economy
2026-08-21,dm,Ariel,Mosás & háztartás,"Mosókapszula Gold Orchid, 38 db",38 db,38.0,db,8006530203036,5659.0,,https://www.dm.hu/p/d/3129817/ariel-mosokapszula-gold-orchid
2026-08-21,dm,Ariel,Mosás & háztartás,"Mosógél Gold Orchid, 35 mosás",35 mosás,35.0,mosás,8006530182003,4429.0,,https://www.dm.hu/p/d/3129878/ariel-mosogel-gold-orchid
2026-08-21,dm,Ariel,Mosás & háztartás,"Ultra Oxi Effect mosópor, 35 mosás",35 mosás,35.0,mosás,8006530125055,4465.0,,https://www.dm.hu/p/d/3129915/ariel-ultra-oxi-effect-mosopor
2026-08-21,dm,Ariel,Mosás & háztartás,"Mosógél Spring Awakening, 35 mosás",35 mosás,35.0,mosás,8006530182522,3999.0,,https://www.dm.hu/p/d/3130122/ariel-mosogel-spring-awakening
2026-08-21,dm,Ariel,Mosás & háztartás,"Mosógél Japan Blossom, 40 mosás",40 mosás,40.0,mosás,8006530345446,4429.0,,https://www.dm.hu/p/d/3136073/ariel-mosogel-japan-blossom
2026-08-21,dm,Ariel,Mosás & háztartás,"Mosókapszula Japan Blossom Mega Economy Pack, 60 db",60 db,60.0,db,8006530380805,8205.0,,https://www.dm.hu/p/d/3138472/ariel-mosokapszula-japan-blossom-mega-economy-pack
2026-08-21,dm,Ariel,Mosás & háztartás,"Mosókapszula Japan Blossom, 30 db",30 db,30.0,db,8006530380782,4485.0,,https://www.dm.hu/p/d/3139929/ariel-mosokapszula-japan-blossom
2026-08-21,dm,Lenor,Mosás & háztartás,"Car légfrissítő készülék Lenor April Fresh With Lenor, 2 ml",2 ml,2.0,ml,8001090871619,1899.0,,https://www.dm.hu/p/d/2102516/ambi-pur-car-legfrissito-keszulek-lenor-april-fresh-with-lenor
2026-08-21,dm,Lenor,Mosás & háztartás,"3Volution légfrissítő készülék és utántöltő Lenor Spring, 1 db",1 db,1.0,db,8006540528921,3699.0,,https://www.dm.hu/p/d/2126831/ambi-pur-3volution-legfrissito-keszulek-es-utantolto-lenor-spring
2026-08-21,dm,Lenor,Mosás & háztartás,"Légfrissítő utántöltő 3 Volution Lenor Spring Awakening, 20 ml",20 ml,20.0,ml,8001841227955,2399.0,,https://www.dm.hu/p/d/2432923/ambi-pur-legfrissito-utantolto-3-volution-lenor-spring-awakening
2026-08-21,dm,Lenor,Mosás & háztartás,"Fürdőszobai illatosító Lenor Spring Awakening, 7,5 ml",7.5 ml,7.5,ml,8700216014298,1999.0,,https://www.dm.hu/p/d/2949532/ambi-pur-furdoszobai-illatosito-lenor-spring-awakening
2026-08-21,dm,Lenor,Mosás & háztartás,"Fürdőszobai illatosító duo 2x7,5ml Lenor Spring, 15 ml",15 ml,15.0,ml,8700216014366,2999.0,,https://www.dm.hu/p/d/2950916/ambi-pur-furdoszobai-illatosito-duo-2x7-5ml-lenor-spring
2026-08-21,dm,Lenor,Mosás & háztartás,"Illatgyöngy Cotton Fresh XL Pack, 495 g",495 g,495.0,g,8006530183185,5999.0,,https://www.dm.hu/p/d/3049853/lenor-illatgyongy-cotton-fresh-xl-pack
2026-08-21,dm,Lenor,Mosás & háztartás,"Öblítőkoncentrátum Fresh Air, Fresh Wind, 76 mosás",76 mosás,76.0,mosás,8700216723077,2799.0,,https://www.dm.hu/p/d/3063393/lenor-oblitokoncentratum-fresh-air-fresh-wind
2026-08-21,dm,Lenor,Mosás & háztartás,"Illatgyöngy Spring Awakening, 270 g",270 g,270.0,g,8700216708388,1499.0,,https://www.dm.hu/p/d/3063398/lenor-illatgyongy-spring-awakening
2026-08-21,dm,Lenor,Mosás & háztartás,"Illatgyöngy Gold Orchid & Vanilla, 270 g",270 g,270.0,g,8700216708500,1499.0,,https://www.dm.hu/p/d/3063459/lenor-illatgyongy-gold-orchid-vanilla
2026-08-21,dm,Lenor,Mosás & háztartás,"Öblítő Sensitive Cotton Fresh, 47 mosás",47 mosás,47.0,mosás,8700216724524,1199.0,,https://www.dm.hu/p/d/3063475/lenor-oblito-sensitive-cotton-fresh
2026-08-21,dm,Lenor,Mosás & háztartás,"Öblítőkoncentrátum Fresh Air, Sensitive, 76 mosás",76 mosás,76.0,mosás,8700216723183,2799.0,,https://www.dm.hu/p/d/3064294/lenor-oblitokoncentratum-fresh-air-sensitive
2026-08-21,dm,Lenor,Mosás & háztartás,"Illatgyöngy Fresh XL Pack, 495 g",495 g,495.0,g,8700216704724,5999.0,,https://www.dm.hu/p/d/3065048/lenor-illatgyongy-fresh-xl-pack
2026-08-21,dm,Lenor,Mosás & háztartás,"Öblítő Gold Orchid, 59 mosás",59 mosás,59.0,mosás,8700216724081,2199.0,,https://www.dm.hu/p/d/3065064/lenor-oblito-gold-orchid
2026-08-21,dm,Lenor,Mosás & háztartás,"Öblítőkoncentrátum Fresh Air, Pink Blossom, 76 mosás",76 mosás,76.0,mosás,8700216809832,2799.0,,https://www.dm.hu/p/d/3065088/lenor-oblitokoncentratum-fresh-air-pink-blossom
2026-08-21,dm,Lenor,Mosás & háztartás,"Öblítőkoncentrátum Fresh Air, Tropical Sunset, 76 mosás",76 mosás,76.0,mosás,8700216723039,2799.0,,https://www.dm.hu/p/d/3065157/lenor-oblitokoncentratum-fresh-air-tropical-sunset
2026-08-21,dm,Lenor,Mosás & háztartás,"Öblítő Floral Bouquet, 59 mosás",59 mosás,59.0,mosás,8700216726900,2199.0,,https://www.dm.hu/p/d/3067012/lenor-oblito-floral-bouquet
2026-08-21,dm,Lenor,Mosás & háztartás,"Öblítő Cherry Blossom, 59 mosás",59 mosás,59.0,mosás,8700216723602,2199.0,,https://www.dm.hu/p/d/3067614/lenor-oblito-cherry-blossom
2026-08-21,dm,Lenor,Mosás & háztartás,"Öblítő Sensitive XL Pack, 59 mosás",59 mosás,59.0,mosás,8700216723824,1759.0,,https://www.dm.hu/p/d/3080374/lenor-oblito-sensitive-xl-pack
2026-08-21,dm,Lenor,Mosás & háztartás,"Öblítő Spring Awakening, 59 mosás",59 mosás,59.0,mosás,8700216724012,1759.0,,https://www.dm.hu/p/d/3080404/lenor-oblito-spring-awakening
2026-08-21,dm,Lenor,Mosás & háztartás,"Illatgyöngy Fresh Breeze of Greek Island, 195 g",195 g,195.0,g,8700216969369,2099.0,,https://www.dm.hu/p/d/3103027/lenor-illatgyongy-fresh-breeze-of-greek-island
2026-08-21,dm,Lenor,Mosás & háztartás,"Öblítő Fresh Breeze of Greek Island, 56 mosás",56 mosás,56.0,mosás,8006530015226,1499.0,,https://www.dm.hu/p/d/3103097/lenor-oblito-fresh-breeze-of-greek-island
2026-08-21,dm,Lenor,Mosás & háztartás,"Öblítő Lotus Flower & Diamond Figs, 59 mosás",59 mosás,59.0,mosás,8006530218306,2199.0,,https://www.dm.hu/p/d/3127660/lenor-oblito-lotus-flower-diamond-figs
2026-08-21,dm,Lenor,Mosás & háztartás,"Öblítő Spring Awakening, 126 mosás",126 mosás,126.0,mosás,8006530170529,2999.0,,https://www.dm.hu/p/d/3129454/lenor-oblito-spring-awakening
2026-08-21,dm,Lenor,Mosás & háztartás,"fürdőszobai illatosító Lenor Japan Blossom illattal, 1 db",1 db,1.0,db,8006530394178,1999.0,,https://www.dm.hu/p/d/3133755/ambi-pur-furdoszobai-illatosito-lenor-japan-blossom-illattal
2026-08-21,dm,Lenor,Mosás & háztartás,"légfrissítő spray Lenor Japan Blossom illattal, 185 ml",185 ml,185.0,ml,8006530394567,1899.0,,https://www.dm.hu/p/d/3133756/ambi-pur-legfrissito-spray-lenor-japan-blossom-illattal
2026-08-21,dm,Lenor,Mosás & háztartás,"Illatgyöngy Japan Blossom, 195 g",195 g,195.0,g,8006530388450,2999.0,,https://www.dm.hu/p/d/3136068/lenor-illatgyongy-japan-blossom
2026-08-21,dm,Lenor,Mosás & háztartás,"Öblítő Japan Blossom, 59 mosás",59 mosás,59.0,mosás,8006530389846,2199.0,,https://www.dm.hu/p/d/3139914/lenor-oblito-japan-blossom
2026-08-21,dm,Fairy,Mosás & háztartás,"Tusfürdő és sampon gyermekeknek Fairy Garden, a varázslatos álmok illatával, 300 ml",300 ml,300.0,ml,4066447858976,279.0,,https://www.dm.hu/p/d/1341484/balea-tusfurdo-es-sampon-gyermekeknek-fairy-garden-a-varazslatos-almok-illataval
2026-08-21,dm,Fairy,Mosás & háztartás,"Körömlakk gél - Nr. 70 Fairy FLoss, 8 ml",8 ml,8.0,ml,4059729466822,299.0,,https://www.dm.hu/p/d/1425612/essence-koromlakk-gel-nr-70-fairy-floss
2026-08-21,dm,Fairy,Mosás & háztartás,"Vegyes gyümölcsital Fairy Drink, 200 ml",200 ml,200.0,ml,4000177170700,249.0,,https://www.dm.hu/p/d/3061067/capri-sun-vegyes-gyumolcsital-fairy-drink
2026-08-21,dm,Fairy,Mosás & háztartás,"Körömlakk - Nr. 04 Fairy PINK, 8 ml",8 ml,8.0,ml,4059729543172,849.0,,https://www.dm.hu/p/d/3091075/essence-koromlakk-nr-04-fairy-pink
2026-08-21,dm,Fairy,Mosás & háztartás,"Körömlakk - Nr. 03 Fairy ROSE, 8 ml",8 ml,8.0,ml,4059729543165,849.0,,https://www.dm.hu/p/d/3091076/essence-koromlakk-nr-03-fairy-rose
2026-08-21,dm,Fairy,Mosás & háztartás,"Csillogó fürdőbomba Winter Fairy Tale, 80 g",80 g,80.0,g,4017512200305,199.0,,https://www.dm.hu/p/d/3102177/dresdner-essenz-csillogo-furdobomba-winter-fairy-tale
2026-08-21,dm,Ambi Pur,Mosás & háztartás,"Légfrissítő spray Gold Orchid, 185 ml",185 ml,185.0,ml,8700216261623,1699.0,,https://www.dm.hu/p/d/2032986/ambi-pur-legfrissito-spray-gold-orchid
2026-08-21,dm,Ambi Pur,Mosás & háztartás,"Légfrissítő utántöltő 3Volution Cotton, 20 ml",20 ml,20.0,ml,8006540265628,2399.0,,https://www.dm.hu/p/d/2032988/ambi-pur-legfrissito-utantolto-3volution-cotton
2026-08-21,dm,Ambi Pur,Mosás & háztartás,"Légfrissítő utántöltő 3Volution Flower & Spring, 20 ml",20 ml,20.0,ml,4015600570637,2399.0,,https://www.dm.hu/p/d/2033429/ambi-pur-legfrissito-utantolto-3volution-flower-spring
2026-08-21,dm,Ambi Pur,Mosás & háztartás,"Autóillatosító, Flowers & Spring, 1 db",1 db,1.0,db,4015600900014,1249.0,,https://www.dm.hu/p/d/2074987/ambi-pur-autoillatosito-flowers-spring
2026-08-21,dm,Ambi Pur,Mosás & háztartás,"Légfrissítő autóhoz, 4 ml",4 ml,4.0,ml,4084500996809,2999.0,,https://www.dm.hu/p/d/2089193/ambi-pur-legfrissito-autohoz
2026-08-21,dm,Ambi Pur,Mosás & háztartás,"Légfrissítő készülék autóba, Gold Orchidea, 2 ml",2 ml,2.0,ml,8001841116419,1249.0,,https://www.dm.hu/p/d/2113551/ambi-pur-legfrissito-keszulek-autoba-gold-orchidea
2026-08-21,dm,Ambi Pur,Mosás & háztartás,"Fürdőszobai illatosító Cotton Flower, 15 ml",15 ml,15.0,ml,8700216014434,1999.0,,https://www.dm.hu/p/d/2115195/ambi-pur-furdoszobai-illatosito-cotton-flower
2026-08-21,dm,Old Spice,Borotválkozás & testápolás,"Car légfrissítő készülék 2x2ml Old Spice, 4 ml",4 ml,4.0,ml,8001841748757,2999.0,,https://www.dm.hu/p/d/2119513/ambi-pur-car-legfrissito-keszulek-2x2ml-old-spice
2026-08-21,dm,Ambi Pur,Mosás & háztartás,"Légfrissítő utántöltő 3 Volution, Gold Orchid, 20 ml",20 ml,20.0,ml,8001841922690,2399.0,,https://www.dm.hu/p/d/2126833/ambi-pur-legfrissito-utantolto-3-volution-gold-orchid
2026-08-21,dm,Ambi Pur,Mosás & háztartás,"Légfrissítő utántöltő 3 Volution Vaníliás süti illattal, 20 ml",20 ml,20.0,ml,8001090811455,1699.0,,https://www.dm.hu/p/d/2442391/ambi-pur-legfrissito-utantolto-3-volution-vanilias-suti-illattal
2026-08-21,dm,Ambi Pur,Mosás & háztartás,"Légfrissítő spray Flower & Spring, 185 ml",185 ml,185.0,ml,8700216261500,1699.0,,https://www.dm.hu/p/d/2472284/ambi-pur-legfrissito-spray-flower-spring
2026-08-21,dm,Ambi Pur,Mosás & háztartás,"Légfrissítő spray Ocean mist, 185 ml",185 ml,185.0,ml,8700216261586,1699.0,,https://www.dm.hu/p/d/2718212/ambi-pur-legfrissito-spray-ocean-mist
2026-08-21,dm,Ambi Pur,Mosás & háztartás,"Légfrissítő spray Flower and Spring, 370 ml",370 ml,370.0,ml,8700216285780,2799.0,,https://www.dm.hu/p/d/2718213/ambi-pur-legfrissito-spray-flower-and-spring
2026-08-21,dm,Ambi Pur,Mosás & háztartás,"Légfrissítő spray duó Spring Awakening, 370 ml",370 ml,370.0,ml,8700216284417,2799.0,,https://www.dm.hu/p/d/2718477/ambi-pur-legfrissito-spray-duo-spring-awakening
2026-08-21,dm,Ambi Pur,Mosás & háztartás,"Légfrissítő utántöltő 3 Volution, Spring Awakening, 40 ml",40 ml,40.0,ml,8001841922652,2999.0,,https://www.dm.hu/p/d/2835672/ambi-pur-legfrissito-utantolto-3-volution-spring-awakening
2026-08-21,dm,Ambi Pur,Mosás & háztartás,"Fürdőszobai illatosító Flower duo pack, 15 ml",15 ml,15.0,ml,8700216014557,2999.0,,https://www.dm.hu/p/d/2949533/ambi-pur-furdoszobai-illatosito-flower-duo-pack
2026-08-21,dm,Ambi Pur,Mosás & háztartás,"Fürdőszobai illatosító Cotton, 15 ml",15 ml,15.0,ml,8700216014649,3199.0,,https://www.dm.hu/p/d/2949534/ambi-pur-furdoszobai-illatosito-cotton
2026-08-21,dm,Ambi Pur,Mosás & háztartás,"3Volution légfrissítő készülék Cotton, 20 ml",20 ml,20.0,ml,8006540246450,3699.0,,https://www.dm.hu/p/d/2951624/ambi-pur-3volution-legfrissito-keszulek-cotton
2026-08-21,dm,Ambi Pur,Mosás & háztartás,"Légfrissítő spray Vanilla Cookie illatban, 185 ml",185 ml,185.0,ml,8700216552400,1249.0,,https://www.dm.hu/p/d/2972918/ambi-pur-legfrissito-spray-vanilla-cookie-illatban
2026-08-21,dm,Ambi Pur,Mosás & háztartás,"Légfrissítő utántöltő 3 Volution, citrus-fehér verbéna, 20 ml",20 ml,20.0,ml,8700216462419,1699.0,,https://www.dm.hu/p/d/2974747/ambi-pur-legfrissito-utantolto-3-volution-citrus-feher-verbena
2026-08-21,dm,Ambi Pur,Mosás & háztartás,"Légfrissítő utántöltő 3 Volution dupla csomagolásban, 40 ml",40 ml,40.0,ml,8700216686488,2999.0,,https://www.dm.hu/p/d/3037740/ambi-pur-legfrissito-utantolto-3-volution-dupla-csomagolasban
2026-08-21,dm,Ambi Pur,Mosás & háztartás,"Elektromos légfrissítő készülék 3Volution Gold Orchid utántöltővel, 1 db",1 db,1.0,db,8700216486200,3699.0,,https://www.dm.hu/p/d/3037777/ambi-pur-elektromos-legfrissito-keszulek-3volution-gold-orchid-utantoltovel
2026-08-21,dm,Ambi Pur,Mosás & háztartás,"Légfrissítő utántötő 3Volution, Morning Dew, 20 ml",20 ml,20.0,ml,8700216737128,2399.0,,https://www.dm.hu/p/d/3067361/ambi-pur-legfrissito-utantoto-3volution-morning-dew
2026-08-21,dm,Ambi Pur,Mosás & háztartás,"Fürdőszobai illatosító Aloha illattal, 8 ml",8 ml,8.0,ml,8700216809610,1999.0,,https://www.dm.hu/p/d/3067477/ambi-pur-furdoszobai-illatosito-aloha-illattal
2026-08-21,dm,Ambi Pur,Mosás & háztartás,"Légfrissítő utántöltő 3 Volution duo, aloha illattal, 40 ml",40 ml,40.0,ml,8700216776134,2999.0,,https://www.dm.hu/p/d/3067485/ambi-pur-legfrissito-utantolto-3-volution-duo-aloha-illattal
2026-08-21,dm,Ambi Pur,Mosás & háztartás,"Car légfrissítő készülék Morning Dew, 2 ml",2 ml,2.0,ml,8700216758277,1899.0,,https://www.dm.hu/p/d/3067515/ambi-pur-car-legfrissito-keszulek-morning-dew
2026-08-21,dm,Ambi Pur,Mosás & háztartás,"Légfrissítő spray Morning Dew, 185 ml",185 ml,185.0,ml,8700216743662,1699.0,,https://www.dm.hu/p/d/3067523/ambi-pur-legfrissito-spray-morning-dew
2026-08-21,dm,Ambi Pur,Mosás & háztartás,"Légfrissítő spray Aloha, 185 ml",185 ml,185.0,ml,8700216759113,1699.0,,https://www.dm.hu/p/d/3067559/ambi-pur-legfrissito-spray-aloha
2026-08-21,dm,Ambi Pur,Mosás & háztartás,"Elektromos légfrissítő készülék 3Volution Aloha utántöltővel, 1 db",1 db,1.0,db,8700216775854,3699.0,,https://www.dm.hu/p/d/3067602/ambi-pur-elektromos-legfrissito-keszulek-3volution-aloha-utantoltovel
2026-08-21,dm,Ambi Pur,Mosás & háztartás,"Elektromos légfrissítő készülék 3Volution Morning Dew utántöltővel, 1 db",1 db,1.0,db,8700216737159,3699.0,,https://www.dm.hu/p/d/3067799/ambi-pur-elektromos-legfrissito-keszulek-3volution-morning-dew-utantoltovel
2026-08-21,dm,Ambi Pur,Mosás & háztartás,"Légfrissítő utántöltő 3 Volution duo, flower and spring illattal, 40 ml",40 ml,40.0,ml,8700216834292,2999.0,,https://www.dm.hu/p/d/3067816/ambi-pur-legfrissito-utantolto-3-volution-duo-flower-and-spring-illattal
2026-08-21,dm,Ambi Pur,Mosás & háztartás,"Fürdőszobai illatosító Flowers and Spring Triopack, 3 db",3 db,3.0,db,8700216829540,3999.0,,https://www.dm.hu/p/d/3069663/ambi-pur-furdoszobai-illatosito-flowers-and-spring-triopack
2026-08-21,dm,Ambi Pur,Mosás & háztartás,"Fürdőszobai illatosító fahéjas szilva illattal, 1 db",1 db,1.0,db,8006530029537,1349.0,,https://www.dm.hu/p/d/3100599/ambi-pur-furdoszobai-illatosito-fahejas-szilva-illattal
2026-08-21,dm,Ambi Pur,Mosás & háztartás,"Fürdőszobai illatosító Gold Orchid, 1 db",1 db,1.0,db,8006530307444,1999.0,,https://www.dm.hu/p/d/3129118/ambi-pur-furdoszobai-illatosito-gold-orchid
2026-08-21,dm,Ambi Pur,Mosás & háztartás,"fürdőszobai illatosító Aloha illattal DUO kiszerelés, 2 db",2 db,2.0,db,8006530250979,3199.0,,https://www.dm.hu/p/d/3129133/ambi-pur-furdoszobai-illatosito-aloha-illattal-duo-kiszereles
2026-08-21,dm,Ambi Pur,Mosás & háztartás,"Fürdőszobai illatosító Spring, 3 db",3 db,3.0,db,8006530064996,3999.0,,https://www.dm.hu/p/d/3129135/ambi-pur-furdoszobai-illatosito-spring
2026-08-21,dm,Always,Női higiénia & baba,"Körömlakk - Nr. 413 mrs always right, 13,5 ml",13.5 ml,13.5,ml,30137851,3499.0,,https://www.dm.hu/p/d/1469099/essie-koromlakk-nr-413-mrs-always-right
2026-08-21,dm,Always,Női higiénia & baba,"Tisztasági betét Normal, To go, Fresh Scent, 20 db",20 db,20.0,db,8001090361998,599.0,,https://www.dm.hu/p/d/1487039/always-tisztasagi-betet-normal-to-go-fresh-scent
2026-08-21,dm,Always,Női higiénia & baba,"Körömlakk Expressie - No. 390 always transparent, 10 ml",10 ml,10.0,ml,30159631,1599.0,,https://www.dm.hu/p/d/1569491/essie-koromlakk-expressie-no-390-always-transparent
2026-08-21,dm,Always,Női higiénia & baba,"Egészségügyi betét Cotton Protection, 1-es méret, normal, 11 db",11 db,11.0,db,8006540231142,1139.0,,https://www.dm.hu/p/d/1676412/always-egeszsegugyi-betet-cotton-protection-1-es-meret-normal
2026-08-21,dm,Always,Női higiénia & baba,"Egészségügyi betét Cotton Protection, 2-es méret, long, 9 db",9 db,9.0,db,8006540231173,1139.0,,https://www.dm.hu/p/d/1676413/always-egeszsegugyi-betet-cotton-protection-2-es-meret-long
2026-08-21,dm,Always,Női higiénia & baba,"Tisztasági betét Extra Long, Fresh Scent, Big Pack, 40 db",40 db,40.0,db,8006540689011,999.0,,https://www.dm.hu/p/d/1678815/always-tisztasagi-betet-extra-long-fresh-scent-big-pack
2026-08-21,dm,Always,Női higiénia & baba,"Egészségügyi betét Infinity Flex Protect, 2-es méret, long, 11 db",11 db,11.0,db,4015400684480,849.0,,https://www.dm.hu/p/d/1837676/always-egeszsegugyi-betet-infinity-flex-protect-2-es-meret-long
2026-08-21,dm,Always,Női higiénia & baba,"Ajakrúzs Lipfinity Liip Colour, Always Delicate 006, 1 db",1 db,1.0,db,8005610624563,2199.0,,https://www.dm.hu/p/d/1850687/max-factor-ajakruzs-lipfinity-liip-colour-always-delicate-006
2026-08-21,dm,Always,Női higiénia & baba,"Tisztasági betét Extra Long, Giga Pack, 54 db",54 db,54.0,db,8006540769652,1699.0,,https://www.dm.hu/p/d/1864058/always-tisztasagi-betet-extra-long-giga-pack
2026-08-21,dm,Always,Női higiénia & baba,"Tisztasági betét Normal, Fresh Scent, Giga Pack, 76 db",76 db,76.0,db,8006540769973,1699.0,,https://www.dm.hu/p/d/1901879/always-tisztasagi-betet-normal-fresh-scent-giga-pack
2026-08-21,dm,Always,Női higiénia & baba,"Tisztasági betét Long Fresh Scent, Giga Pack, 64 db",64 db,64.0,db,8006540778197,1699.0,,https://www.dm.hu/p/d/1901880/always-tisztasagi-betet-long-fresh-scent-giga-pack
2026-08-21,dm,Always,Női higiénia & baba,"Egészségügyi betét Sensitive, 1-es méret, normal, 10 db",10 db,10.0,db,4015400213857,399.0,,https://www.dm.hu/p/d/2011303/always-egeszsegugyi-betet-sensitive-1-es-meret-normal
2026-08-21,dm,Always,Női higiénia & baba,"Egészségügyi betét Sensitive, 2-es méret, super, 16 db",16 db,16.0,db,4015400214038,1049.0,,https://www.dm.hu/p/d/2011305/always-egeszsegugyi-betet-sensitive-2-es-meret-super
2026-08-21,dm,Always,Női higiénia & baba,"Egészségügyi betét Ultra Secure Night Extra, 5-ös méret, nagy kiszerelés, 20 db",20 db,20.0,db,8006540903766,2339.0,,https://www.dm.hu/p/d/2029048/always-egeszsegugyi-betet-ultra-secure-night-extra-5-os-meret-nagy-kiszereles
2026-08-21,dm,Always,Női higiénia & baba,"Tisztasági betét Normal, illatmentes, Big Pack, 60 db",60 db,60.0,db,8001090131263,1449.0,,https://www.dm.hu/p/d/2029049/always-tisztasagi-betet-normal-illatmentes-big-pack
2026-08-21,dm,Always,Női higiénia & baba,"Tisztasági betét Normal, illatmentes, Giga Pack, 80 db",80 db,80.0,db,8001090131294,1699.0,,https://www.dm.hu/p/d/2029050/always-tisztasagi-betet-normal-illatmentes-giga-pack
2026-08-21,dm,Always,Női higiénia & baba,"Egészségügyi betét Platinum Secure Night Extra, 5-ös méret, 8 db",8 db,8.0,db,8700216186742,1279.0,,https://www.dm.hu/p/d/2033373/always-egeszsegugyi-betet-platinum-secure-night-extra-5-os-meret
2026-08-21,dm,Always,Női higiénia & baba,"Egészségügyi betét Platinum, 4-es méret, secure night, 20 db",20 db,20.0,db,8700216186797,2209.0,,https://www.dm.hu/p/d/2033374/always-egeszsegugyi-betet-platinum-4-es-meret-secure-night
2026-08-21,dm,Always,Női higiénia & baba,"Éjszakai egészségügyi betét Sensitive, 3-as méret, night, 14 db",14 db,14.0,db,4015400552154,1049.0,,https://www.dm.hu/p/d/2068556/always-ejszakai-egeszsegugyi-betet-sensitive-3-as-meret-night
2026-08-21,dm,Always,Női higiénia & baba,"Tisztasági betét Normal, To go, illatmentes, 20 db",20 db,20.0,db,8006540806876,499.0,,https://www.dm.hu/p/d/2097927/always-tisztasagi-betet-normal-to-go-illatmentes
2026-08-21,dm,Always,Női higiénia & baba,"Egészségügyi betét Platinum, 1-es méret, normal, 16 db",16 db,16.0,db,8001090444912,1219.0,,https://www.dm.hu/p/d/2111010/always-egeszsegugyi-betet-platinum-1-es-meret-normal
2026-08-21,dm,Always,Női higiénia & baba,"Egészségügyi betét Platinum, 2-es méret, super, 14 db",14 db,14.0,db,8001090444998,1219.0,,https://www.dm.hu/p/d/2111011/always-egeszsegugyi-betet-platinum-2-es-meret-super
2026-08-21,dm,Always,Női higiénia & baba,"Egészségügyi betét Platinum, 3-as méret, super extra, 12 db",12 db,12.0,db,8001090445070,1219.0,,https://www.dm.hu/p/d/2111012/always-egeszsegugyi-betet-platinum-3-as-meret-super-extra
2026-08-21,dm,Always,Női higiénia & baba,"Tisztasági betét Normal Flexistyle, Dailiy Fresh, Big Pack, 58 db",58 db,58.0,db,8001841230658,1449.0,,https://www.dm.hu/p/d/2114342/always-tisztasagi-betet-normal-flexistyle-dailiy-fresh-big-pack
2026-08-21,dm,Always,Női higiénia & baba,"Egészségügyi betét Ultra Secure Night, 4-es méret, nagy kiszerelés, 24 db",24 db,24.0,db,8006540093764,2339.0,,https://www.dm.hu/p/d/2127942/always-egeszsegugyi-betet-ultra-secure-night-4-es-meret-nagy-kiszereles
2026-08-21,dm,Always,Női higiénia & baba,"Alapozó Always Fabulous 24H - Nr. 120 Claer Ivory, 30 ml",30 ml,30.0,ml,3614228413428,2999.0,,https://www.dm.hu/p/d/2192331/bourjois-paris-alapozo-always-fabulous-24h-nr-120-claer-ivory
2026-08-21,dm,Always,Női higiénia & baba,"Alapozó Always Fabulous 24H - Nr. 105 Natural Ivory, 30 ml",30 ml,30.0,ml,3616302732722,2999.0,,https://www.dm.hu/p/d/2200163/bourjois-paris-alapozo-always-fabulous-24h-nr-105-natural-ivory
2026-08-21,dm,Always,Női higiénia & baba,"Alapozó Always Fabulous 24H - Nr. 300 Sable Rose, 30 ml",30 ml,30.0,ml,3616302732777,5899.0,,https://www.dm.hu/p/d/2200165/bourjois-paris-alapozo-always-fabulous-24h-nr-300-sable-rose
2026-08-21,dm,Always,Női higiénia & baba,"Korrektor Always Fabulous - Nr. 200 Vanilla, 11 ml",11 ml,11.0,ml,3616303011338,2199.0,,https://www.dm.hu/p/d/2220700/bourjois-paris-korrektor-always-fabulous-nr-200-vanilla
2026-08-21,dm,Always,Női higiénia & baba,"Korrektor Always Fabulous - Nr. 100 Ivory, 11 ml",11 ml,11.0,ml,3616303011321,2199.0,,https://www.dm.hu/p/d/2220701/bourjois-paris-korrektor-always-fabulous-nr-100-ivory
2026-08-21,dm,Always,Női higiénia & baba,"Korrektor Always Fabulous - Nr. 300 Beige Rose, 11 ml",11 ml,11.0,ml,3616303011345,2199.0,,https://www.dm.hu/p/d/2220702/bourjois-paris-korrektor-always-fabulous-nr-300-beige-rose
2026-08-21,dm,Always,Női higiénia & baba,"Éjszakai egészségügyi betét Cotton Protection, 3-as méret, night, 8 db",8 db,8.0,db,8006540678435,749.0,,https://www.dm.hu/p/d/2245937/always-ejszakai-egeszsegugyi-betet-cotton-protection-3-as-meret-night
2026-08-21,dm,Always,Női higiénia & baba,"Tisztasági betét normal quattro, 80 db",80 db,80.0,db,4015400746812,1699.0,,https://www.dm.hu/p/d/2273617/always-tisztasagi-betet-normal-quattro
2026-08-21,dm,Always,Női higiénia & baba,"Tisztasági betét normal single, 30 db",30 db,30.0,db,4015400743545,799.0,,https://www.dm.hu/p/d/2273618/always-tisztasagi-betet-normal-single
2026-08-21,dm,Always,Női higiénia & baba,"Tisztasági betét Long, illatmentes, Big Pack, 48 db",48 db,48.0,db,8006540913741,899.0,,https://www.dm.hu/p/d/2444205/always-tisztasagi-betet-long-illatmentes-big-pack
2026-08-21,dm,Always,Női higiénia & baba,"Alapozó Always Fabulous 24H - Nr. 425 Miel, 30 ml",30 ml,30.0,ml,3616302732753,5899.0,,https://www.dm.hu/p/d/2626315/bourjois-paris-alapozo-always-fabulous-24h-nr-425-miel
2026-08-21,dm,Always,Női higiénia & baba,"Korrektor Always Fabulous - Nr. 400 Beige Dore, 11 ml",11 ml,11.0,ml,3616303011352,2199.0,,https://www.dm.hu/p/d/2626316/bourjois-paris-korrektor-always-fabulous-nr-400-beige-dore
2026-08-21,dm,Always,Női higiénia & baba,"Púder alapozó, Always Fabulous - Nr. 100 Rose Ivory, 7 g",7 g,7.0,g,3616305133038,2999.0,,https://www.dm.hu/p/d/2632968/bourjois-paris-puder-alapozo-always-fabulous-nr-100-rose-ivory
2026-08-21,dm,Always,Női higiénia & baba,"Púder Alapozó, Always Fabulous - Nr. 115 Golden Ivory, 7 g",7 g,7.0,g,3616305133045,2999.0,,https://www.dm.hu/p/d/2632969/bourjois-paris-puder-alapozo-always-fabulous-nr-115-golden-ivory
2026-08-21,dm,Always,Női higiénia & baba,"Púder alapozó, Always Fabulous - Nr. 125 Ivory, 7 g",7 g,7.0,g,3616305133052,2999.0,,https://www.dm.hu/p/d/2632970/bourjois-paris-puder-alapozo-always-fabulous-nr-125-ivory
2026-08-21,dm,Always,Női higiénia & baba,"Púder alapozó, Always Fabulous - Nr. 310 Beige, 7 g",7 g,7.0,g,3616305133090,2999.0,,https://www.dm.hu/p/d/2632971/bourjois-paris-puder-alapozo-always-fabulous-nr-310-beige
2026-08-21,dm,Always,Női higiénia & baba,"Egészségügyi betét Ultimate Night, 6-os méret, 8 db",8 db,8.0,db,8700216213905,1219.0,,https://www.dm.hu/p/d/2723062/always-egeszsegugyi-betet-ultimate-night-6-os-meret
2026-08-21,dm,Always,Női higiénia & baba,"Egészségügyi betét Ultra Day, 2-es méret, super, 14 db",14 db,14.0,db,8001090101488,1089.0,,https://www.dm.hu/p/d/2944009/always-egeszsegugyi-betet-ultra-day-2-es-meret-super
2026-08-21,dm,Always,Női higiénia & baba,"Egészségügyi betét Ultra Day, 3-as méret, super extra, 12 db",12 db,12.0,db,8001090101556,1089.0,,https://www.dm.hu/p/d/2944010/always-egeszsegugyi-betet-ultra-day-3-as-meret-super-extra
2026-08-21,dm,Always,Női higiénia & baba,"Egészségügyi betét Ultra Day, 1-es méret, normal, 18 db",18 db,18.0,db,8001090101419,1089.0,,https://www.dm.hu/p/d/2944011/always-egeszsegugyi-betet-ultra-day-1-es-meret-normal
2026-08-21,dm,Always,Női higiénia & baba,"Körömlakk - Nr. 989 Always Mor, 13,5 ml",13.5 ml,13.5,ml,30189058,1799.0,,https://www.dm.hu/p/d/2978518/essie-koromlakk-nr-989-always-mor
2026-08-21,dm,Always,Női higiénia & baba,"Női EdP Today Tomorrow Always for Her, 50 ml",50 ml,50.0,ml,5059018144195,1599.0,,https://www.dm.hu/p/d/3064819/avon-noi-edp-today-tomorrow-always-for-her
2026-08-21,dm,Always,Női higiénia & baba,"Egészségügyi betét Platinum Secure Night Extra, 5-ös méret, 16 db",16 db,16.0,db,8700216452885,2209.0,,https://www.dm.hu/p/d/3068128/always-egeszsegugyi-betet-platinum-secure-night-extra-5-os-meret
2026-08-21,dm,Always,Női higiénia & baba,"Tisztasági betét Daily Fresh Odour lock Normal, 20 db",20 db,20.0,db,4015400680284,849.0,,https://www.dm.hu/p/d/3131542/always-tisztasagi-betet-daily-fresh-odour-lock-normal
2026-08-21,dm,Always,Női higiénia & baba,"Egészségügyi betét Ultra Day, 2-es méret, super, Giga Pack, 88 db",88 db,88.0,db,8006530186766,4935.0,,https://www.dm.hu/p/d/3131644/always-egeszsegugyi-betet-ultra-day-2-es-meret-super-giga-pack
2026-08-21,dm,Always,Női higiénia & baba,"Egészségügyi betét Ultra Secure Night, 4-es méret, Giga Pack, 66 db",66 db,66.0,db,8006530186742,4929.0,,https://www.dm.hu/p/d/3131645/always-egeszsegugyi-betet-ultra-secure-night-4-es-meret-giga-pack
2026-08-21,dm,Always,Női higiénia & baba,"Egészségügyi betét Maxi Night Secure Night, 4-es méret, 14 db",14 db,14.0,db,8006530147323,965.0,,https://www.dm.hu/p/d/3133376/always-egeszsegugyi-betet-maxi-night-secure-night-4-es-meret
2026-08-21,dm,Tampax,Női higiénia & baba,"Tampon Compak Super Duo, 16 db",16 db,16.0,db,4015400219743,749.0,,https://www.dm.hu/p/d/2070201/tampax-tampon-compak-super-duo
2026-08-21,dm,Tampax,Női higiénia & baba,"Tampon Compak Regular Duo, 16 db",16 db,16.0,db,4015400219538,749.0,,https://www.dm.hu/p/d/2070202/tampax-tampon-compak-regular-duo
2026-08-21,dm,Tampax,Női higiénia & baba,"Tampon Pearl Compak Regular, 16 db",16 db,16.0,db,8001841300511,1469.0,,https://www.dm.hu/p/d/2114339/tampax-tampon-pearl-compak-regular
2026-08-21,dm,Tampax,Női higiénia & baba,"Tampon Non-Plastic Regular, 18 db",18 db,18.0,db,8006540858509,499.0,,https://www.dm.hu/p/d/2273695/tampax-tampon-non-plastic-regular
2026-08-21,dm,Discreet,Női higiénia & baba,"Tisztasági betét Normal, illatmentes, 20 db",20 db,20.0,db,4015400165804,349.0,,https://www.dm.hu/p/d/2085390/discreet-tisztasagi-betet-normal-illatmentes
2026-08-21,dm,Discreet,Női higiénia & baba,"Tisztasági betét Waterlily, multiform, XXL Pack, 100 db",100 db,100.0,db,8001090162274,1599.0,,https://www.dm.hu/p/d/2093359/discreet-tisztasagi-betet-waterlily-multiform-xxl-pack
2026-08-21,dm,Discreet,Női higiénia & baba,"Tisztasági betét, illatmentes, multiform, XXL Pack, 100 db",100 db,100.0,db,8001090161918,1599.0,,https://www.dm.hu/p/d/2093361/discreet-tisztasagi-betet-illatmentes-multiform-xxl-pack
2026-08-21,dm,Discreet,Női higiénia & baba,"Tisztasági betét Multiform, 54 db",54 db,54.0,db,8006540567555,1199.0,,https://www.dm.hu/p/d/2129402/discreet-tisztasagi-betet-multiform
2026-08-21,dm,Discreet,Női higiénia & baba,"Tisztasági betét Waterlily, multiform, 20 db",20 db,20.0,db,4015400107835,499.0,,https://www.dm.hu/p/d/2558145/discreet-tisztasagi-betet-waterlily-multiform
2026-08-21,dm,Naturella,Női higiénia & baba,"Tisztasági betét Camomile Light, 100 db",100 db,100.0,db,8001090603807,1399.0,,https://www.dm.hu/p/d/2029052/naturella-tisztasagi-betet-camomile-light
2026-08-21,dm,Naturella,Női higiénia & baba,"Egészségügyi betét Ultra Normal Plus, 36 db",36 db,36.0,db,8006540981092,1429.0,,https://www.dm.hu/p/d/2029053/naturella-egeszsegugyi-betet-ultra-normal-plus
2026-08-21,dm,Naturella,Női higiénia & baba,"Egészségügyi betét ultra normal, 20 db",20 db,20.0,db,8001090585592,839.0,,https://www.dm.hu/p/d/2097983/naturella-egeszsegugyi-betet-ultra-normal
2026-08-21,dm,Naturella,Női higiénia & baba,"Egészségügyi betét, Ultra Maxi Camomile, 16 db",16 db,16.0,db,8001090586032,799.0,,https://www.dm.hu/p/d/2097985/naturella-egeszsegugyi-betet-ultra-maxi-camomile
2026-08-21,dm,Naturella,Női higiénia & baba,"Egészségügyi betét Ultra Night Camomile éjszakai, 14 db",14 db,14.0,db,8001090585394,799.0,,https://www.dm.hu/p/d/2097988/naturella-egeszsegugyi-betet-ultra-night-camomile-ejszakai
2026-08-21,dm,Naturella,Női higiénia & baba,"Tisztasági betét, Camomile normal, XL, 44 db",44 db,44.0,db,8006540100769,799.0,,https://www.dm.hu/p/d/2127132/naturella-tisztasagi-betet-camomile-normal-xl
2026-08-21,dm,Naturella,Női higiénia & baba,"Tisztasági betét, Camomile normal, Gigapack, 74 db",74 db,74.0,db,8006540100806,1299.0,,https://www.dm.hu/p/d/2127133/naturella-tisztasagi-betet-camomile-normal-gigapack
2026-08-21,dm,Naturella,Női higiénia & baba,"Egészségügyi betét, normal plus, 18 db",18 db,18.0,db,8006540098257,839.0,,https://www.dm.hu/p/d/2127135/naturella-egeszsegugyi-betet-normal-plus
2026-08-21,dm,Naturella,Női higiénia & baba,"Egészségügyi betét Ultra Normal, 40 db",40 db,40.0,db,4015400197546,1429.0,,https://www.dm.hu/p/d/2127136/naturella-egeszsegugyi-betet-ultra-normal
2026-08-21,dm,Naturella,Női higiénia & baba,"Éjszakai egészségügyi betét Ultra, giga pack, 28 db",28 db,28.0,db,8006540399521,1429.0,,https://www.dm.hu/p/d/2129399/naturella-ejszakai-egeszsegugyi-betet-ultra-giga-pack
2026-08-21,dm,Naturella,Női higiénia & baba,"Egészségügyi betét Ultra Maxi, 32 db",32 db,32.0,db,8006540399569,1429.0,,https://www.dm.hu/p/d/2129400/naturella-egeszsegugyi-betet-ultra-maxi
2026-08-21,dm,Naturella,Női higiénia & baba,"Éjszakai egészségügyi betét Ultra Night Plus, giga pack, 24 db",24 db,24.0,db,8700216882378,1429.0,,https://www.dm.hu/p/d/3068069/naturella-ejszakai-egeszsegugyi-betet-ultra-night-plus-giga-pack
2026-08-21,dm,Naturella,Női higiénia & baba,"Éjszakai egészségügyi betét Ultra Night Plus, 12 db",12 db,12.0,db,8700216882347,799.0,,https://www.dm.hu/p/d/3068146/naturella-ejszakai-egeszsegugyi-betet-ultra-night-plus
2026-08-21,dm,Pampers,Női higiénia & baba,"Nedves törlőkendő, Protect&Care, 176 db",176 db,176.0,db,8700216250580,3199.0,,https://www.dm.hu/p/d/1417776/pampers-harmonie-nedves-torlokendo-protect-care
2026-08-21,dm,Pampers,Női higiénia & baba,"Úszópelenka midi 6-11 kg, 12 db",11000 g,11000.0,g,8001090698346,3599.0,,https://www.dm.hu/p/d/1582118/pampers-splashers-uszopelenka-midi-6-11-kg
2026-08-21,dm,Pampers,Női higiénia & baba,"Úszópelenka maxi 9-15kg, 11 db",15000 g,15000.0,g,8001090698384,3599.0,,https://www.dm.hu/p/d/1582119/pampers-splashers-uszopelenka-maxi-9-15kg
2026-08-21,dm,Pampers,Női higiénia & baba,"Úszópelenka 14+ kg, 10 db",10 db,10.0,db,8001090728951,3599.0,,https://www.dm.hu/p/d/1582120/pampers-splashers-uszopelenka-14-kg
2026-08-21,dm,Pampers,Női higiénia & baba,"Nedves törlőkendő, Aqua, 4x48db, 192 db",192 db,192.0,db,8006540556139,3199.0,,https://www.dm.hu/p/d/1673413/pampers-harmonie-nedves-torlokendo-aqua-4x48db
2026-08-21,dm,Pampers,Női higiénia & baba,"Nedves törlőkendő, Aqua, 10 db",10 db,10.0,db,8006540811085,739.0,,https://www.dm.hu/p/d/1681516/pampers-harmonie-nedves-torlokendo-aqua
2026-08-21,dm,Pampers,Női higiénia & baba,"Nedves törlőkendő, Sensitive 15x80db, 1 200 db",200 db,200.0,db,8001841063188,12099.0,,https://www.dm.hu/p/d/1691425/pampers-nedves-torlokendo-sensitive-15x80db
2026-08-21,dm,Pampers,Női higiénia & baba,"Nedves törlőkendő, Fresh Clean 15x80db, 1 200 db",200 db,200.0,db,8001841078496,12099.0,,https://www.dm.hu/p/d/1691426/pampers-nedves-torlokendo-fresh-clean-15x80db
2026-08-21,dm,Pampers,Női higiénia & baba,"Nedves törlőkendő, Aqua, 48 db",48 db,48.0,db,8006540458563,949.0,,https://www.dm.hu/p/d/1720868/pampers-harmonie-nedves-torlokendo-aqua
2026-08-21,dm,Pampers,Női higiénia & baba,"Nedves törlőkendő, Sensitive, 4x80 db, 320 db",320 db,320.0,db,8001841062754,4499.0,,https://www.dm.hu/p/d/1888279/pampers-nedves-torlokendo-sensitive-4x80-db
2026-08-21,dm,Pampers,Női higiénia & baba,"Nedves törlőkendő, Fresh Clean, 320 db",320 db,320.0,db,8001841078052,4499.0,,https://www.dm.hu/p/d/1888280/pampers-nedves-torlokendo-fresh-clean
2026-08-21,dm,Pampers,Női higiénia & baba,"Nedves törlőkendő, Aqua, 3x48 db, 144 db",144 db,144.0,db,8006540458525,2349.0,,https://www.dm.hu/p/d/2002896/pampers-harmonie-nedves-torlokendo-aqua-3x48-db
2026-08-21,dm,Pampers,Női higiénia & baba,"Nedves törlőkendő, Sensitive, 52 db",52 db,52.0,db,8006540523056,899.0,,https://www.dm.hu/p/d/2002901/pampers-nedves-torlokendo-sensitive
2026-08-21,dm,Pampers,Női higiénia & baba,"Pelenka újszülött, 1-es méret, 2-5 kg, 72 db",5000 g,5000.0,g,8006540858073,5999.0,,https://www.dm.hu/p/d/2028934/pampers-premium-care-pelenka-ujszulott-1-es-meret-2-5-kg
2026-08-21,dm,Pampers,Női higiénia & baba,"Bugyipelenka jumbo pack, 8-as méret, 17+kg, 32 db",32 db,32.0,db,8006540499382,5965.0,,https://www.dm.hu/p/d/2031326/pampers-active-baby-bugyipelenka-jumbo-pack-8-as-meret-17-kg
2026-08-21,dm,Pampers,Női higiénia & baba,"Bugyipelenka, 7-es méret,15+ kg, 27 db",27 db,27.0,db,8006540807026,5905.0,,https://www.dm.hu/p/d/2031327/pampers-premium-care-bugyipelenka-7-es-meret-15-kg
2026-08-21,dm,Pampers,Női higiénia & baba,"Pelenka, koraszülött, 0-s méret, 0-3 kg, 30 db",3000 g,3000.0,g,4015400536857,2439.0,,https://www.dm.hu/p/d/2070890/pampers-premium-care-pelenka-koraszulott-0-s-meret-0-3-kg
2026-08-21,dm,Pampers,Női higiénia & baba,"Pelenka újszülött, 1-es méret, 2-5 kg, 26 db",5000 g,5000.0,g,8001841104614,1829.0,,https://www.dm.hu/p/d/2111532/pampers-premium-care-pelenka-ujszulott-1-es-meret-2-5-kg
2026-08-21,dm,Pampers,Női higiénia & baba,"Pelenka mini, 2-es méret, 4-8kg, 23 db",8000 g,8000.0,g,8001841104652,1829.0,,https://www.dm.hu/p/d/2111533/pampers-premium-care-pelenka-mini-2-es-meret-4-8kg
2026-08-21,dm,Pampers,Női higiénia & baba,"Pelenka mini, 2-es méret, 4-8kg, 68 db",8000 g,8000.0,g,8001841104874,5699.0,,https://www.dm.hu/p/d/2111535/pampers-premium-care-pelenka-mini-2-es-meret-4-8kg
2026-08-21,dm,Pampers,Női higiénia & baba,"Bugyipelenka, 3-as méret, 6-11 kg, 48 db",11000 g,11000.0,g,8001090759795,5699.0,,https://www.dm.hu/p/d/2111536/pampers-premium-care-bugyipelenka-3-as-meret-6-11-kg
2026-08-21,dm,Pampers,Női higiénia & baba,"Bugyipelenka 9-15 kg, 38 db",15000 g,15000.0,g,8001090759832,5905.0,,https://www.dm.hu/p/d/2111537/pampers-premium-care-bugyipelenka-9-15-kg
2026-08-21,dm,Pampers,Női higiénia & baba,"Bugyipelenka, 5-ös méret, 11-17kg, 34 db",17000 g,17000.0,g,8001090759870,5699.0,,https://www.dm.hu/p/d/2111538/pampers-premium-care-bugyipelenka-5-os-meret-11-17kg
2026-08-21,dm,Pampers,Női higiénia & baba,"Bugyipelenka, 6-os méret, 13-19 kg, 31 db",19000 g,19000.0,g,8001090759917,5699.0,,https://www.dm.hu/p/d/2111539/pampers-premium-care-bugyipelenka-6-os-meret-13-19-kg
2026-08-21,dm,Pampers,Női higiénia & baba,"Pelenka Maxi pack+, 7-es méret, 15+ kg, 44 db",44 db,44.0,db,8001090949295,4939.0,,https://www.dm.hu/p/d/2113778/pampers-active-baby-pelenka-maxi-pack-7-es-meret-15-kg
2026-08-21,dm,Pampers,Női higiénia & baba,"Nedves törlőkendő, Sensitive, 80 db",80 db,80.0,db,8001841041421,1199.0,,https://www.dm.hu/p/d/2114944/pampers-nedves-torlokendo-sensitive
2026-08-21,dm,Pampers,Női higiénia & baba,"Nedves törlőkendő, Fresh Clean, 80 db",80 db,80.0,db,8001841077598,1299.0,,https://www.dm.hu/p/d/2114945/pampers-nedves-torlokendo-fresh-clean
2026-08-21,dm,Pampers,Női higiénia & baba,"Bugyipelenka 9-15kg, 4-es méret, mega csomag, 108 db",15000 g,15000.0,g,8006540069448,10629.0,,https://www.dm.hu/p/d/2123300/pampers-bugyipelenka-9-15kg-4-es-meret-mega-csomag
2026-08-21,dm,Pampers,Női higiénia & baba,"Bugyipelenka 11-17kg, 5-ös méret, mega csomag, 96 db",17000 g,17000.0,g,8006540069509,10629.0,,https://www.dm.hu/p/d/2123302/pampers-bugyipelenka-11-17kg-5-os-meret-mega-csomag
2026-08-21,dm,Pampers,Női higiénia & baba,"Bugyipelenka 13-19kg, 6-os méret, mega csomag, 84 db",19000 g,19000.0,g,8006540069530,10629.0,,https://www.dm.hu/p/d/2123303/pampers-bugyipelenka-13-19kg-6-os-meret-mega-csomag
2026-08-21,dm,Pampers,Női higiénia & baba,"Bugyipelenka Jumbo pack, 3-as méret, 6-11 kg, 62 db",11000 g,11000.0,g,8006540069233,5965.0,,https://www.dm.hu/p/d/2123543/pampers-active-baby-bugyipelenka-jumbo-pack-3-as-meret-6-11-kg
2026-08-21,dm,Pampers,Női higiénia & baba,"Bugyipelenka Jumbo pack 9-15 kg, 52 db",15000 g,15000.0,g,8006540069264,5965.0,,https://www.dm.hu/p/d/2123545/pampers-active-baby-bugyipelenka-jumbo-pack-9-15-kg
2026-08-21,dm,Pampers,Női higiénia & baba,"Bugyipelenka Jumbo pack, 5-ös méret, 11-17 kg, 48 db",17000 g,17000.0,g,8006540069325,5965.0,,https://www.dm.hu/p/d/2123548/pampers-active-baby-bugyipelenka-jumbo-pack-5-os-meret-11-17-kg
2026-08-21,dm,Pampers,Női higiénia & baba,"Bugyipelenka Jumbo pack 13-19 kg, 44 db",19000 g,19000.0,g,8006540069356,5965.0,,https://www.dm.hu/p/d/2123550/pampers-active-baby-bugyipelenka-jumbo-pack-13-19-kg
2026-08-21,dm,Pampers,Női higiénia & baba,"Bugyipelenka Jumbo pack, 7-es méret, 15+ kg, 38 db",38 db,38.0,db,8006540069387,5965.0,,https://www.dm.hu/p/d/2124837/pampers-active-baby-bugyipelenka-jumbo-pack-7-es-meret-15-kg
2026-08-21,dm,Pampers,Női higiénia & baba,"Night Pants, éjszakai bugyipelenka, 4-es méret, 9-15kg, 25 db",15000 g,15000.0,g,8006540234709,3379.0,,https://www.dm.hu/p/d/2125982/pampers-night-pants-night-pants-ejszakai-bugyipelenka-4-es-meret-9-15kg
2026-08-21,dm,Pampers,Női higiénia & baba,"Night Pants, éjszakai bugyipelenka, 5-ös méret, 11-17kg, 22 db",17000 g,17000.0,g,8006540234730,3379.0,,https://www.dm.hu/p/d/2125983/pampers-night-pants-night-pants-ejszakai-bugyipelenka-5-os-meret-11-17kg
2026-08-21,dm,Pampers,Női higiénia & baba,"Night Pants, éjszakai bugyipelenka, 6-os méret, 13-19 kg, 19 db",19000 g,19000.0,g,8006540234761,3379.0,,https://www.dm.hu/p/d/2125984/pampers-night-pants-night-pants-ejszakai-bugyipelenka-6-os-meret-13-19-kg
2026-08-21,dm,Pampers,Női higiénia & baba,"Pelenka, 6-os méret, 13-18kg, 38 db",18000 g,18000.0,g,8001841105130,4089.0,,https://www.dm.hu/p/d/2200192/pampers-premium-care-pelenka-6-os-meret-13-18kg
2026-08-21,dm,Pampers,Női higiénia & baba,"Pelenka Jumbo pack, midi, 3-as méret, 6-10kg, 82 db",10000 g,10000.0,g,8001090948175,5179.0,,https://www.dm.hu/p/d/2429796/pampers-active-baby-pelenka-jumbo-pack-midi-3-as-meret-6-10kg
2026-08-21,dm,Pampers,Női higiénia & baba,"Pelenka Jumbo pack, 6-os méret, 13-18kg, 52 db",18000 g,18000.0,g,8001090948533,5179.0,,https://www.dm.hu/p/d/2429798/pampers-active-baby-pelenka-jumbo-pack-6-os-meret-13-18kg
2026-08-21,dm,Pampers,Női higiénia & baba,"Pelenka Jumbo pack, 4-es méret, maxi 9-14kg, 70 db",14000 g,14000.0,g,8001090948250,5179.0,,https://www.dm.hu/p/d/2429799/pampers-active-baby-pelenka-jumbo-pack-4-es-meret-maxi-9-14kg
2026-08-21,dm,Pampers,Női higiénia & baba,"Pelenka Jumbo pack, 5-ös méret, 11-16kg, 60 db",16000 g,16000.0,g,8001090948410,5179.0,,https://www.dm.hu/p/d/2429800/pampers-active-baby-pelenka-jumbo-pack-5-os-meret-11-16kg
2026-08-21,dm,Pampers,Női higiénia & baba,"Pelenka maxi, 4-es méret, 9-14kg, 68 db",14000 g,14000.0,g,8001841104959,7545.0,,https://www.dm.hu/p/d/2432041/pampers-premium-care-pelenka-maxi-4-es-meret-9-14kg
2026-08-21,dm,Pampers,Női higiénia & baba,"Pelenka junior, 5-ös méret, 11-16kg, 58 db",16000 g,16000.0,g,8001841104997,7545.0,,https://www.dm.hu/p/d/2432042/pampers-premium-care-pelenka-junior-5-os-meret-11-16kg
2026-08-21,dm,Pampers,Női higiénia & baba,"Nedves törlőkendő, Sensitive, 52 db",52 db,52.0,db,8001841041391,529.0,,https://www.dm.hu/p/d/2436311/pampers-nedves-torlokendo-sensitive
2026-08-21,dm,Pampers,Női higiénia & baba,"Pelenka mega csomag, 4-es méret, 9-14kg, 104 db",14000 g,14000.0,g,4015400465447,10629.0,,https://www.dm.hu/p/d/2443935/pampers-premium-care-pelenka-mega-csomag-4-es-meret-9-14kg
2026-08-21,dm,Pampers,Női higiénia & baba,"Pelenka 11-16kg, mega csomag, 5-ös méret, 11-16kg, 88 db",16000 g,16000.0,g,4015400541813,10629.0,,https://www.dm.hu/p/d/2443936/pampers-premium-care-pelenka-11-16kg-mega-csomag-5-os-meret-11-16kg
2026-08-21,dm,Pampers,Női higiénia & baba,"Pelenka mega csomag, 3-as méret, 6-10kg, 120 db",10000 g,10000.0,g,4015400465461,10629.0,,https://www.dm.hu/p/d/2443937/pampers-premium-care-pelenka-mega-csomag-3-as-meret-6-10kg
2026-08-21,dm,Pampers,Női higiénia & baba,"Pelenka midi, 3-as méret, 6-10 kg, 78 db",10000 g,10000.0,g,8006540857755,7325.0,,https://www.dm.hu/p/d/2444337/pampers-premium-care-pelenka-midi-3-as-meret-6-10-kg
2026-08-21,dm,Pampers,Női higiénia & baba,"Bugyipelenka mega csomag, 7-es méret, 15+ kg, 74 db",74 db,74.0,db,8006540069622,10629.0,,https://www.dm.hu/p/d/2557815/pampers-bugyipelenka-mega-csomag-7-es-meret-15-kg
2026-08-21,dm,Pampers,Női higiénia & baba,"Bugyipelenka mega csomag, 3-as méret, 6-11kg, 128 db",11000 g,11000.0,g,8006540069417,10629.0,,https://www.dm.hu/p/d/2634271/pampers-bugyipelenka-mega-csomag-3-as-meret-6-11kg
2026-08-21,dm,Pampers,Női higiénia & baba,"Pelenka mega csomag, 2-es méret, 4-8kg, 136 db",8000 g,8000.0,g,8006540855812,10629.0,,https://www.dm.hu/p/d/2634272/pampers-premium-care-pelenka-mega-csomag-2-es-meret-4-8kg
2026-08-21,dm,Pampers,Női higiénia & baba,"Nedves törlőkendő, Sensitive, 156 db",156 db,156.0,db,8001841062556,1649.0,,https://www.dm.hu/p/d/2934474/pampers-nedves-torlokendo-sensitive
2026-08-21,dm,Pampers,Női higiénia & baba,"Nedves törlőkendő, Fresh Clean, 156 db",156 db,156.0,db,8001841077864,1649.0,,https://www.dm.hu/p/d/2934476/pampers-nedves-torlokendo-fresh-clean
2026-08-21,dm,Pampers,Női higiénia & baba,"Nedves törlőkendő, Sensitive 6X80db, 480 db",480 db,480.0,db,8006540174531,6199.0,,https://www.dm.hu/p/d/2938480/pampers-nedves-torlokendo-sensitive-6x80db
2026-08-21,dm,Pampers,Női higiénia & baba,"Nedves törlőkendő, Fresh Clean 6X80db, 480 db",480 db,480.0,db,8006540174746,6199.0,,https://www.dm.hu/p/d/2938481/pampers-nedves-torlokendo-fresh-clean-6x80db
2026-08-21,dm,Pampers,Női higiénia & baba,"Bugyipelenka, 11-17 kg, mega csomag, 80 db",17000 g,17000.0,g,8001090190499,13775.0,,https://www.dm.hu/p/d/2946855/pampers-premium-care-bugyipelenka-11-17-kg-mega-csomag
2026-08-21,dm,Pampers,Női higiénia & baba,"Nedves törlőkendő, Aqua, 3x48 db, 144 db",144 db,144.0,db,8700216722476,2549.0,,https://www.dm.hu/p/d/3049579/pampers-harmonie-nedves-torlokendo-aqua-3x48-db
2026-08-21,dm,Pampers,Női higiénia & baba,"Nedves törlőkendő 99% vízzel, 18x60 db, 1 080 db",80 db,80.0,db,8006530116374,14999.0,,https://www.dm.hu/p/d/3117626/pampers-nedves-torlokendo-99-vizzel-18x60-db
2026-08-21,dm,Pampers,Női higiénia & baba,"Nedves törlőkendő 99% vízzel, 4x60 db, 240 db",240 db,240.0,db,8006530116305,4199.0,,https://www.dm.hu/p/d/3117627/pampers-nedves-torlokendo-99-vizzel-4x60-db
2026-08-21,dm,Pampers,Női higiénia & baba,"Nedves törlőkendő Aqua Soft Touch 99% vízzel, 18x48 db, 864 db",864 db,864.0,db,8006530139977,16999.0,,https://www.dm.hu/p/d/3117628/pampers-nedves-torlokendo-aqua-soft-touch-99-vizzel-18x48-db
2026-08-21,dm,Pampers,Női higiénia & baba,"Nedves Törlőkendő Aqua Soft Touch, 99% vízzel, 9x48 db",9x48 db,48.0,db,8006530140010,8799.0,,https://www.dm.hu/p/d/3123205/pampers-baby-dry-nedves-torlokendo-aqua-soft-touch-99-vizzel-9x48-db
2026-08-21,dm,Pampers,Női higiénia & baba,"Nedves törlőkendő sensitive, 9x80 db, 720 db",720 db,720.0,db,8006530134750,8799.0,,https://www.dm.hu/p/d/3123552/pampers-nedves-torlokendo-sensitive-9x80-db
2026-08-21,dm,Pampers,Női higiénia & baba,"Nedves törlőkendő Fresh and Clean, 9x80 db, 720 db",720 db,720.0,db,8006530134583,8799.0,,https://www.dm.hu/p/d/3123563/pampers-nedves-torlokendo-fresh-and-clean-9x80-db
2026-08-21,dm,Pampers,Női higiénia & baba,"Bugyipelenka Jumbo pack 9-15 kg, 52 db",15000 g,15000.0,g,8006530316668,5965.0,,https://www.dm.hu/p/d/3135271/pampers-active-baby-bugyipelenka-jumbo-pack-9-15-kg
2026-08-21,dm,Pampers,Női higiénia & baba,"Bugyipelenka 9-15 kg, 40 db",15000 g,15000.0,g,8006530320009,5905.0,,https://www.dm.hu/p/d/3135353/pampers-premium-care-bugyipelenka-9-15-kg
2026-08-21,dm,Pampers,Női higiénia & baba,"Bugyipelenka Jumbo pack 13-19 kg, 44 db",19000 g,19000.0,g,8006530316699,5965.0,,https://www.dm.hu/p/d/3135382/pampers-active-baby-bugyipelenka-jumbo-pack-13-19-kg
2026-08-21,dm,Pampers,Női higiénia & baba,"Nedves törlőkendő Aqua Soft Touch 99% vízzel, 3x60 db, 180 db",180 db,180.0,db,8006530139953,4199.0,,https://www.dm.hu/p/d/3135449/pampers-nedves-torlokendo-aqua-soft-touch-99-vizzel-3x60-db
2026-08-21,dm,Pampers,Női higiénia & baba,"Nedves törlőkendő 99% vízzel, 3x60 db, 180 db",180 db,180.0,db,8006530116206,3399.0,,https://www.dm.hu/p/d/3135456/pampers-nedves-torlokendo-99-vizzel-3x60-db
2026-08-21,dm,Pampers,Női higiénia & baba,"Nedves törlőkendő 99% vízzel, 60 db",60 db,60.0,db,8006530116558,1199.0,,https://www.dm.hu/p/d/3135473/pampers-nedves-torlokendo-99-vizzel
2026-08-21,dm,Pampers,Női higiénia & baba,"Nedves törlőkendő Aqua Soft Touch 99% vízzel, 60 db",60 db,60.0,db,8006530140171,1499.0,,https://www.dm.hu/p/d/3135797/pampers-nedves-torlokendo-aqua-soft-touch-99-vizzel
2026-08-21,dm,Pampers,Női higiénia & baba,"Nedves törlőkendő, Aqua Soft Touch, 12x48 db, 576 db",576 db,576.0,db,8006530140225,11899.0,,https://www.dm.hu/p/d/3136838/pampers-baby-dry-nedves-torlokendo-aqua-soft-touch-12x48-db
2026-08-21,dm,Pampers,Női higiénia & baba,"Nedves törlőkendő, 99% vízzel, 540 db",540 db,540.0,db,8006530116459,8799.0,,https://www.dm.hu/p/d/3136839/pampers-baby-dry-nedves-torlokendo-99-vizzel
2026-08-21,dm,Pampers,Női higiénia & baba,"Nedves törlőkendő, Fresh & clean, 12x52 db, 624 db",624 db,624.0,db,8006530098403,8999.0,,https://www.dm.hu/p/d/3136840/pampers-baby-dry-nedves-torlokendo-fresh-clean-12x52-db
2026-08-21,dm,Pampers,Női higiénia & baba,"Nedves törlőkendő 99% vízzel, 6x60 db, 360 db",360 db,360.0,db,8006530116596,6099.0,,https://www.dm.hu/p/d/3136841/pampers-baby-dry-nedves-torlokendo-99-vizzel-6x60-db
2026-08-21,dm,Pampers,Női higiénia & baba,"Nedves törlőkendő Fresh and Clean, 4x52 db, 208 db",208 db,208.0,db,8006530098441,2999.0,,https://www.dm.hu/p/d/3136882/pampers-baby-dry-nedves-torlokendo-fresh-and-clean-4x52-db
2026-08-21,dm,Pampers,Női higiénia & baba,"Nedves törlőkendő Aqua Soft Touch 99% vízzel, 4x60 db, 240 db",240 db,240.0,db,8006530140027,5199.0,,https://www.dm.hu/p/d/3136883/pampers-baby-dry-nedves-torlokendo-aqua-soft-touch-99-vizzel-4x60-db
